01_mav,02_mav,03_mav,04_mav,05_mav,06_mav,07_mav,08_mav,01_rms,02_rms,03_rms,04_rms,05_rms,06_rms,07_rms,08_rms,01_iemg,02_iemg,03_iemg,04_iemg,05_iemg,06_iemg,07_iemg,08_iemg,01_var,02_var,03_var,04_var,05_var,06_var,07_var,08_var,01_wl,02_wl,03_wl,04_wl,05_wl,06_wl,07_wl,08_wl,01_zc,02_zc,03_zc,04_zc,05_zc,06_zc,07_zc,08_zc
1.725,86.3,4.425,2.6,2.525,5.75,1.95,5.25,2.103568396796263,90.35955953854578,5.465802777268862,3.024896692450835,3.1344856037314957,6.700746227100382,2.4698178070456938,6.793379129711516,69,3452,177,104,101,230,78,210,2.394375,7645.010000000002,28.249375000000004,7.5875,7.344375000000001,43.9,5.1975,42.7275,73,4177,276,130,124,330,103,345,9,19,17,17,8,16,8,12
1.75,86.3,4.475,2.575,2.55,5.825,1.95,5.4,2.1095023109728985,90.35955953854578,5.5385016024191955,3.0124740662784135,3.146426544510455,6.7841727572342965,2.4698178070456938,7.032069396699666,70,3452,179,103,102,233,78,216,2.3475,7645.010000000002,28.919375000000002,7.449375000000001,7.4975000000000005,45.169375,5.1975,45.45,71,4175,290,134,129,340,105,358,9,19,18,18,9,17,9,13
1.725,86.1,4.35,2.55,2.575,5.825,1.95,5.375,2.091650066335189,90.23995789006109,5.481788029466299,3.0083217912982647,3.158322339470751,6.7841727572342965,2.4698178070456938,7.026734661277598,69,3444,174,102,103,233,78,215,2.3443750000000003,7632.490000000001,28.610000000000003,7.359999999999999,7.799375,45.074374999999996,5.1975,45.474374999999995,70,4350,296,133,128,347,105,369,9,20,18,17,9,18,9,13
1.725,87.175,4.325,2.55,2.725,5.95,1.875,5.4,2.091650066335189,91.20567416559126,5.474942922076905,3.0083217912982647,3.29772648956823,6.866585760041158,2.4238399287081647,7.0285133563222315,69,3487,173,102,109,238,75,216,2.344375,7757.969375000001,28.709375,7.359999999999999,8.234375,45.94,5.109375,45.597500000000004,69,4369,287,131,129,347,105,364,9,20,17,17,10,18,9,13
1.675,86.0,4.275,2.55,2.65,5.875,1.925,5.425,2.0676073128135335,90.29285686032976,5.410637670367514,3.0083217912982647,3.170173496829472,6.795218907437787,2.5049950099750697,7.0551399702628155,67,3440,171,102,106,235,77,217,2.384375,7646.55,27.894375000000004,7.359999999999999,7.647499999999999,45.124375,5.4193750000000005,46.069374999999994,69,4204,278,129,122,330,104,353,9,19,16,16,9,17,8,12
1.725,86.0,4.35,2.625,2.675,5.75,1.925,5.525,2.115419580130618,90.29285686032976,5.513619500836088,3.07001628660175,3.1898275815473163,6.637017402418047,2.5049950099750697,7.237057413065064,69,3440,174,105,107,230,77,221,2.444375,7646.55,28.8375,7.9243749999999995,7.849375,42.727500000000006,5.4193750000000005,48.274375,70,4191,292,137,129,330,107,369,9,19,17,17,10,18,8,13
1.65,85.775,4.2,2.625,2.725,5.875,1.95,5.5,2.0615528128088303,90.15445080527084,5.403702434442518,3.07001628660175,3.2365104665364517,6.683935966180406,2.5298221281347035,7.224956747275377,66,3431,168,105,109,235,78,220,2.4275,7631.649374999999,27.99,7.7993749999999995,8.299375000000001,43.624375,5.760000000000001,48.2,72,4360,294,138,128,330,105,377,9,20,17,17,10,18,8,13
1.675,86.775,4.175,2.6,2.75,5.975,2.025,5.525,2.091650066335189,91.13629902514147,5.40138871032256,3.0495901363953815,3.24037034920393,6.728670002311007,2.57390753524675,7.226686654338903,67,3471,167,104,110,239,81,221,2.484375,7764.099375,28.019375000000004,7.7375,8.25,44.009375,5.859375,48.324374999999996,75,4401,289,138,127,335,107,375,9,20,16,17,11,19,9,13
1.7,85.625,4.15,2.6,2.75,6.05,2.05,5.525,2.1213203435596424,90.33783814105804,5.380520420925842,3.0495901363953815,3.24037034920393,6.81175454637056,2.6172504656604803,7.226686654338903,68,3425,166,104,110,242,82,221,2.54,7671.409375,27.74,7.7375,8.25,44.959999999999994,6.04,48.324375,74,4257,282,133,121,321,105,363,9,19,15,16,10,18,9,12
1.625,85.625,4.275,2.525,2.675,5.95,2.1,5.625,2.0676073128135335,90.33783814105804,5.574495492867493,3.0124740662784135,3.158322339470751,6.663332499583072,2.6362852652928135,7.404390589373308,65,3425,171,101,107,238,84,225,2.5193749999999997,7671.409375,29.574374999999996,7.319374999999999,7.494375,42.71,6.227500000000001,50.519375000000004,75,4239,291,132,123,322,110,376,9,19,16,16,10,18,10,13
1.6,85.45,4.4,2.525,2.675,5.875,2.125,5.6,2.0615528128088303,90.23220046081111,5.630275304103699,3.0124740662784135,3.158322339470751,6.635133759013454,2.659887215654077,7.395944834840239,64,3418,176,101,107,235,85,224,2.5599999999999996,7660.047499999998,29.877499999999998,7.319374999999999,7.649375000000001,42.524375,6.309375,50.4975,73,4402,294,130,121,328,114,384,9,20,16,16,10,19,11,13
1.575,86.225,4.4,2.525,2.6,5.8,2.125,5.6,2.03100960115899,90.9891477045477,5.630275304103699,3.0124740662784135,3.0983866769659336,6.572670690061994,2.659887215654077,7.395944834840239,63,3449,176,101,104,232,85,224,2.7443750000000002,7762.599375,30.26,7.319374999999999,7.4975,41.8775,6.309375,50.4975,74,4441,294,129,122,327,111,382,9,20,16,16,10,19,11,13
1.6,84.875,4.375,2.5,2.55,5.85,2.2,5.525,2.0615528128088303,90.0945336854573,5.610258461069329,2.9748949561287032,3.03315017762062,6.603029607687671,2.701851217221259,7.329733965158627,64,3395,175,100,102,234,88,221,2.81,7660.134375,29.974375,7.159999999999999,7.24,42.16,6.3975,49.209375,79,4298,283,125,117,317,110,367,10,19,15,15,9,18,11,12
1.55,84.875,4.45,2.5,2.5,5.875,2.225,5.6,2.0371548787463363,90.0945336854573,5.722761571129799,2.9748949561287032,3.0166206257996713,6.635133759013454,2.715695122800054,7.446475676452586,62,3395,178,100,100,235,89,224,2.8274999999999997,7660.134375,31.060000000000002,7.159999999999999,6.9975,42.644375000000004,6.519375000000001,50.61,79,4272,293,130,117,322,114,376,9,19,16,16,9,18,12,13
1.55,84.55,4.375,2.5,2.525,5.925,2.25,5.6,2.0371548787463363,89.9049498081168,5.703069349043548,2.9748949561287032,3.029026246172192,6.650187967268294,2.7202941017470885,7.446475676452586,62,3382,175,100,101,237,90,224,2.8274999999999997,7639.797500000001,31.024375,7.027500000000001,6.999375000000001,42.724374999999995,6.4975,50.8275,78,4430,301,130,115,326,113,389,8,20,16,16,9,19,12,14
1.55,85.1,4.45,2.55,2.525,5.775,2.15,5.575,2.0371548787463363,90.423448286382,5.735852159879995,3.0083217912982647,3.029026246172192,6.513447627792826,2.6457513110645907,7.441438033068608,62,3404,178,102,101,231,86,223,2.9400000000000004,7709.839999999999,31.21,7.090000000000001,6.999375000000001,41.26937499999999,6.277500000000001,51.069375,77,4469,297,131,117,326,113,379,8,20,15,16,9,19,12,13
1.575,83.925,4.4,2.55,2.45,5.675,2.15,5.425,2.043281674170255,89.62072862903983,5.683308895353129,3.0083217912982647,2.9664793948382653,6.405076111959951,2.6457513110645907,7.339959127951599,63,3357,176,102,98,227,86,217,3.019375,7614.694375000001,30.4775,7.090000000000001,6.840000000000001,40.074375,6.277500000000001,48.924375000000005,76,4315,292,127,114,309,113,361,8,19,15,15,8,18,12,12
1.65,83.925,4.375,2.55,2.5,5.6,2.275,5.325,2.1330729007701543,89.62072862903983,5.654644109048774,3.0083217912982647,3.03315017762062,6.304760106459246,2.7613402542968153,7.216300991505274,66,3357,175,102,100,224,91,213,3.1100000000000003,7614.694375000001,30.219375000000003,7.090000000000001,7.3775,38.647499999999994,7.099375,47.559375,80,4293,296,125,118,308,119,363,9,19,16,15,9,18,13,13
1.675,83.475,4.375,2.5,2.5,5.525,2.225,5.225,2.138924963620744,89.3642825741918,5.654644109048774,2.958039891549808,3.03315017762062,6.286891123599962,2.7431733448690405,7.188532534530257,67,3339,175,100,100,221,89,209,3.0743750000000003,7586.974375,30.219375000000003,6.9275,7.3775,38.574375,7.069375000000001,47.574374999999996,82,4441,302,126,120,314,123,365,9,20,16,16,9,18,13,13
1.7,83.75,4.375,2.625,2.525,5.5,2.275,5.325,2.1563858652847827,89.63007307818063,5.654644109048774,3.0618621784789726,3.0454884665682123,6.272957835024878,2.779388421937459,7.230145226757205,68,3350,175,105,101,220,91,213,2.96,7623.4875,30.219375000000003,7.199375000000001,7.384375,38.447500000000005,7.199375000000001,48.569374999999994,79,4489,297,123,121,313,126,363,8,20,16,16,9,18,13,13
1.65,82.425,4.4,2.6,2.55,5.475,2.35,5.25,2.1095023109728985,88.79090606588042,5.678908345800274,3.0166206257996713,3.0740852297878796,6.242996075603444,2.8460498941515415,7.162401831787993,66,3297,176,104,102,219,94,210,2.8875,7525.669375,30.560000000000002,6.9975,7.49,38.119375000000005,7.459999999999999,47.3,77,4341,288,114,120,299,125,345,8,19,15,15,9,17,13,12
1.7,82.225,4.35,2.575,2.6,5.4,2.425,5.25,2.1330729007701543,88.51341706204772,5.599107071667768,2.9958304357890486,3.0903074280724887,6.1400325732035,2.9111853256019273,7.162401831787993,68,3289,174,103,104,216,97,210,2.86,7468.859375,29.7875,6.799375,7.727500000000001,36.7,7.949375000000001,47.3,77,4306,291,117,126,302,133,353,8,19,15,15,10,17,14,13
1.7,81.925,4.35,2.575,2.65,5.425,2.425,5.275,2.1330729007701543,88.34039279967007,5.599107071667768,2.9958304357890486,3.1064449134018135,6.146136998147698,2.9111853256019273,7.174608003229166,68,3277,174,103,106,217,97,211,2.86,7449.644374999999,29.660000000000004,6.799375,7.959999999999999,36.724374999999995,7.949375000000001,47.374375,76,4439,297,118,124,304,133,356,7,20,15,16,10,18,14,13
1.7,81.85,4.35,2.525,2.625,5.35,2.425,5.35,2.1330729007701543,88.26692472268421,5.599107071667768,2.962262648719725,3.09434968935316,6.06630035524124,2.9111853256019273,7.19027120489902,68,3274,174,101,105,214,97,214,2.7275,7439.4875,29.660000000000004,6.744375,7.949374999999999,35.897499999999994,7.949375000000001,47.8975,74,4468,291,117,124,306,136,359,6,20,15,16,10,18,14,14
1.725,80.65,4.325,2.45,2.575,5.25,2.475,5.4,2.1505813167606567,87.54341779939826,5.570008976653448,2.898275349237888,3.029026246172192,5.9833101206606365,2.962262648719725,7.224956747275377,69,3226,173,98,103,210,99,216,2.734375,7355.847500000001,29.269375000000004,6.577499999999999,7.674374999999998,35.0775,8.174375000000001,48.59000000000001,73,4320,281,111,121,292,136,345,6,19,14,15,10,17,14,13
1.75,80.3,4.325,2.525,2.65,5.225,2.55,5.275,2.1908902300206643,87.06233399122723,5.570008976653448,2.987473849257931,3.0659419433511785,5.947688626685159,3.0,7.040951640225915,70,3212,173,101,106,209,102,211,2.8400000000000003,7259.44,29.269375000000004,7.299375,8.0775,34.609375,8.51,46.424375,73,4275,290,113,125,294,142,349,6,19,15,15,11,18,15,14
1.625,79.875,4.35,2.5,2.625,5.3,2.575,5.2,2.043281674170255,86.81056963296578,5.585696017507576,2.9748949561287032,3.053686296920494,5.966573556070519,3.0124740662784135,7.024955515873392,65,3195,174,100,105,212,103,208,2.549375,7230.699374999999,29.377500000000005,7.2875,8.169375,34.6975,8.474375,46.46,71,4401,293,117,124,300,140,353,5,20,15,16,11,19,15,14
1.675,79.65,4.4,2.4,2.525,5.35,2.45,5.225,2.091650066335189,86.5886828632934,5.60357029044876,2.9068883707497264,2.9538110975483858,6.016643582596529,2.8635642126552705,7.030291601349122,67,3186,176,96,101,214,98,209,2.484375,7200.0375,29.8375,7.1275,7.774375000000001,35.2,7.840000000000001,46.619375000000005,71,4421,292,118,125,298,140,351,4,20,15,16,11,19,15,14
1.65,78.75,4.325,2.375,2.575,5.225,2.475,5.175,2.073644135332772,86.02557759178372,5.529466520379701,2.876629972728505,3.037268509697488,5.837379549078507,2.8939592256975564,7.0017854865741205,66,3150,173,95,103,209,99,207,2.4775,7133.077499999999,28.819375,7.009375,8.174375000000001,33.309375,7.984375,46.049375,72,4267,274,115,126,281,140,333,4,19,14,15,11,18,15,13
1.575,78.375,4.2,2.35,2.625,5.175,2.525,5.025,2.018662923818635,85.5030701203179,5.310367218940701,2.8635642126552705,3.053686296920494,5.7857583772570385,2.9453352950046283,6.76202632352167,63,3135,168,94,105,207,101,201,2.449375,7031.049375,26.76,6.8775,8.374375,32.619375000000005,8.344375000000001,43.244375000000005,72,4232,274,117,132,283,145,331,4,19,15,16,12,18,16,14
1.55,77.975,4.2,2.4,2.625,5.175,2.525,5.025,2.0,85.27822113529339,5.310367218940701,2.8809720581775866,3.053686296920494,5.7857583772570385,2.9453352950046283,6.76202632352167,62,3119,168,96,105,207,101,201,2.4375,7005.869374999999,26.76,6.859999999999999,8.374375,32.619375000000005,8.344375,43.399375,71,4344,279,114,134,286,149,340,4,20,15,17,13,19,17,15
1.6,77.25,4.25,2.3,2.55,5.075,2.525,5.075,2.0248456731316584,84.58250410102552,5.319774431308154,2.7386127875258306,2.9916550603303182,5.71620503481112,2.9453352950046283,6.7767986542319525,64,3090,170,92,102,203,101,203,2.66,7004.1375,26.9775,6.289999999999999,8.227500000000001,32.149375000000006,8.344375000000001,43.894375000000004,71,4423,279,113,136,290,149,336,5,21,15,17,13,19,17,14
1.6,76.825,4.325,2.25,2.475,4.95,2.575,5.125,2.0248456731316584,84.28300540441116,5.382843114934709,2.6645825188948455,2.9538110975483858,5.639148871948674,2.979093821953246,6.820923691113983,64,3073,173,90,99,198,103,205,2.66,7017.599375,27.084375,5.9975,8.124374999999999,31.497500000000002,8.484375,43.549375,75,4244,278,106,133,273,147,327,6,20,15,16,12,18,16,14
1.575,75.55,4.225,2.175,2.45,4.675,2.475,4.825,2.006240264773888,82.73330647326988,5.308012810836085,2.622022120425379,2.949576240750525,5.312720583655798,2.9111853256019273,6.459489143887464,63,3022,169,87,98,187,99,193,2.644375,6638.8775,26.549374999999998,5.609375,8.059999999999999,27.459375,7.949375000000001,39.694375,77,4187,281,108,131,260,145,320,6,20,15,16,12,17,15,14
1.525,76.7,4.275,2.2,2.6,4.8,2.65,4.95,1.981161275615895,83.8379389059631,5.36423340282654,2.6457513110645907,3.146426544510455,5.440588203494177,3.170173496829472,6.545991139621257,61,3068,171,88,104,192,106,198,2.659375,6788.55,27.824374999999996,5.4375,8.997499999999999,28.6,9.24,41.41000000000001,77,4170,284,105,137,267,150,325,6,20,15,15,12,17,15,15
1.525,76.05,4.35,2.1,2.575,4.725,2.6,5.025,1.981161275615895,83.15287126732305,5.399073994677235,2.569046515733026,3.1344856037314957,5.4198708471697,3.122498999199199,6.585969936159746,61,3042,174,84,103,189,104,201,2.769375,6791.19,28.339999999999996,5.277500000000001,9.059375,28.519375000000004,9.1875,42.109375,76,4310,281,108,144,273,159,323,5,21,15,15,13,17,16,15
1.625,76.325,4.275,2.1,2.575,4.6,2.55,5.05,2.1272047386182646,83.37910409688989,5.3221236362940685,2.569046515733026,3.1344856037314957,5.361902647381804,3.057776970284131,6.610597552415364,65,3053,171,84,103,184,102,202,3.024375,6893.169375,26.944374999999997,5.2775,9.059375,28.110000000000003,8.86,41.597500000000004,76,4121,273,106,143,259,156,316,5,20,15,14,13,16,16,15
1.6,74.8,4.15,2.1,2.625,4.5,2.5,4.725,2.073644135332772,81.59503661375489,5.167204273105526,2.569046515733026,3.181980515339464,5.229722745997153,3.024896692450835,6.282913336979908,64,2992,166,84,105,180,100,189,2.8600000000000003,6501.5,25.5975,5.0375,9.444374999999999,26.027499999999996,8.51,38.209375,73,4080,266,103,145,250,156,310,5,20,15,13,13,15,16,15
1.6,75.65,4.175,2.1,2.65,4.525,2.55,4.825,2.073644135332772,82.33134275596385,5.179285665031424,2.569046515733026,3.2093613071762426,5.25594901040716,3.057776970284131,6.314665470157545,64,3026,167,84,106,181,102,193,2.8600000000000003,6600.227499999999,25.969374999999996,5.0375,9.5775,26.244375,8.540000000000001,38.824374999999996,74,4056,272,104,153,248,154,313,5,20,16,13,14,15,15,15
1.55,75.5,4.175,2.125,2.6,4.5,2.6,4.85,2.0248456731316584,82.1544277565123,5.179285665031424,2.602883016964074,3.1780497164141406,5.248809388804284,3.122498999199199,6.320601237224193,62,3020,167,85,104,180,104,194,2.7775000000000003,6677.1,26.059375,5.619375,9.5375,26.2275,9.260000000000002,39.0475,72,4194,266,110,156,249,161,309,5,21,15,14,15,15,16,14
1.675,75.85,4.25,2.1,2.6,4.425,2.575,4.95,2.2304708023195463,82.422387735372,5.300943312279429,2.569046515733026,3.1780497164141406,5.18411033833193,3.110466202999158,6.430396566309111,67,3034,170,84,104,177,103,198,3.3493749999999998,6764.827499999999,26.409999999999997,5.4975000000000005,9.5375,26.019375000000004,9.219375,39.66,77,4035,261,112,155,238,162,301,5,20,15,14,15,14,16,14
1.725,74.45,4.125,2.075,2.575,4.325,2.55,4.65,2.274862633215465,80.72329279706075,5.145386282875174,2.564176280991617,3.1662280397975127,5.0472764933179555,3.0903074280724887,6.0456596000767355,69,2978,165,83,103,173,102,186,3.4193749999999996,6410.160000000001,25.094375000000003,5.4193750000000005,9.344375,23.849375000000002,8.91,35.55,80,3999,258,114,159,236,160,295,5,20,15,14,15,14,16,14
1.7,75.35,4.25,2.125,2.625,4.45,2.675,4.725,2.2693611435820435,81.47791111706289,5.205766033928148,2.583602136552763,3.2132538026119257,5.13322510708424,3.1898275815473163,6.076594440967736,68,3014,170,85,105,178,107,189,3.460000000000001,6513.21,25.997500000000002,5.409375,9.374375,24.390000000000004,9.319374999999999,36.159375,83,3961,266,115,154,231,163,299,5,20,16,14,14,14,16,15
1.675,75.125,4.25,2.15,2.475,4.375,2.725,4.775,2.2638462845343543,81.20544932453733,5.205766033928148,2.598076211353316,3.07001628660175,5.052227231627651,3.2054640849649214,6.093028803476971,67,3005,170,86,99,175,109,191,3.4993749999999997,6554.949374999999,25.997500000000002,5.647499999999999,8.744375,24.259375,9.509375,36.444375,82,4085,265,116,156,239,165,293,5,21,16,15,14,15,17,15
1.825,75.65,4.225,2.125,2.45,4.25,2.625,4.85,2.4545875417267156,81.57634461043226,5.179285665031424,2.564176280991617,3.0413812651491097,4.9899899799498595,3.110466202999158,6.2088646305101545,73,3026,169,85,98,170,105,194,3.9943749999999993,6643.139999999999,25.069375,5.524375000000001,8.61,23.9,9.074375,36.86,85,3937,256,113,152,232,160,284,5,20,16,15,13,14,16,15
1.85,74.35,4.125,2.075,2.45,4.15,2.575,4.55,2.4899799195977463,79.95060975377237,5.042320894191484,2.5049950099750697,3.0413812651491097,4.909175083453431,3.078148794324277,5.757603668193912,74,2974,165,83,98,166,103,182,4.097500000000001,6320.697499999999,23.924374999999998,4.894374999999999,8.61,22.659999999999997,8.709375,32.15,84,3902,248,109,157,233,160,280,5,20,16,14,14,14,16,15
1.9,75.275,4.1,2.075,2.425,4.2,2.625,4.525,2.5099800796022267,80.75069659142267,5.039841267341661,2.5049950099750697,3.0124740662784135,4.969909455915671,3.142451272494134,5.746738205277842,76,3011,164,83,97,168,105,181,4.34,6432.784375,23.96,4.894375,8.124375,22.45,8.719375,32.259375,87,3857,252,109,158,228,158,281,6,20,16,14,14,13,15,15
1.875,74.925,4.175,2.1,2.4,4.175,2.6,4.55,2.4849547279578355,80.30737824135463,5.062114182829147,2.5298221281347035,3.0083217912982647,4.947221442385614,3.122498999199199,5.75325994545701,75,2997,167,84,96,167,104,182,4.5493749999999995,6430.999375,24.359375,5.297499999999999,8.147499999999999,22.849375000000002,8.8475,32.377500000000005,87,3971,251,113,156,235,163,276,6,21,16,15,14,14,16,15
1.875,75.65,4.225,2.125,2.275,3.95,2.575,4.65,2.4849547279578355,80.79789601221061,5.111262075065218,2.55440795488896,2.8591956910991594,4.738143096192854,3.086259872402193,5.890670590009257,75,3026,169,85,91,158,103,186,4.5493749999999995,6525.897500000001,24.234375,5.369375,7.494375,21.347500000000004,8.669374999999999,33.1375,89,3830,245,117,149,222,162,267,7,20,16,16,13,13,16,15
1.875,74.4,4.075,2.175,2.225,3.75,2.575,4.275,2.4849547279578355,79.20416655706946,4.870831551183022,2.57390753524675,2.8416544476765644,4.5661800227323495,3.086259872402193,5.392123885817164,75,2976,163,87,89,150,103,171,4.5493749999999995,6229.077499999999,22.224375,5.359375,7.309375,19.2875,8.474375,28.309375,92,3798,240,118,149,213,159,264,7,20,16,16,13,12,15,15
1.9,75.15,4.1,2.275,2.275,3.9,2.525,4.325,2.4899799195977463,79.82668726685331,4.898979485566356,2.6504716561397146,2.876629972728505,4.695742752749559,3.053686296920494,5.4198708471697,76,3006,164,91,91,156,101,173,4.51,6317.54,23.097500000000004,5.524374999999999,7.324375000000001,20.090000000000003,8.374375,28.849375,91,3749,243,118,150,217,160,264,7,20,16,16,13,12,15,15
1.9,74.9,4.025,2.25,2.325,3.875,2.525,4.275,2.4899799195977463,79.51603611850882,4.875961443653959,2.6362852652928135,2.9111853256019273,4.677071733467427,3.053686296920494,5.410637670367514,76,2996,161,90,93,155,101,171,4.51,6316.797500000001,22.724375000000002,5.6275,7.709375,20.374374999999997,8.644375,28.674374999999998,89,3853,248,121,154,226,164,265,7,21,16,17,14,13,16,15
1.85,75.725,4.125,2.225,2.325,3.775,2.475,4.35,2.449489742783178,80.02796386263992,4.997499374687305,2.602883016964074,2.9111853256019273,4.612483062299525,3.020761493398643,5.5,74,3029,165,89,93,151,99,174,4.4375,6404.474375,23.219375000000003,5.509375,7.709375,20.119374999999998,8.524375000000001,29.04,89,3721,242,120,157,214,163,255,8,20,15,17,15,12,16,14
1.875,73.85,3.95,2.225,2.375,3.575,2.475,4.075,2.4545875417267156,77.90282408231424,4.764451699828638,2.602883016964074,2.9283100928692645,4.3903302837030385,3.020761493398643,5.111262075065218,75,2954,158,89,95,143,99,163,4.399374999999999,6049.047499999999,21.3775,5.509375,7.719375000000001,17.519374999999997,8.524375000000001,25.444375,88,3666,237,122,156,204,163,247,8,20,15,17,15,11,16,13
1.9,74.35,4.0,2.3,2.375,3.65,2.55,4.1,2.4698178070456938,78.26142089177783,4.774934554525329,2.6739483914241875,2.9283100928692645,4.466542286825459,3.082207001484488,5.118593556827891,76,2974,160,92,95,146,102,164,4.5375,6100.347500000001,21.59,5.71,7.719374999999999,17.990000000000002,8.7775,25.560000000000002,91,3630,238,125,153,209,168,251,9,20,15,18,15,11,17,13
1.9,73.3,4.025,2.3,2.275,3.725,2.65,4.15,2.4698178070456938,77.24862458322478,4.798437245604031,2.6739483914241875,2.8240042492885875,4.541475531146237,3.146426544510455,5.138093031466052,76,2932,161,92,91,149,106,166,4.41,5952.140000000001,22.259375,5.71,7.294375,18.449374999999996,8.997499999999999,25.8375,94,3584,232,125,150,207,165,251,10,20,14,18,15,11,17,13
1.95,72.85,3.975,2.3,2.3,3.675,2.65,4.2,2.5099800796022267,77.07950440940834,4.756574397610112,2.6739483914241875,2.8372521918222215,4.497221364353772,3.146426544510455,5.167204273105526,78,2914,159,92,92,147,106,168,4.339999999999999,5935.2474999999995,21.769375,5.71,7.327500000000001,18.194375,8.9975,26.21,91,3493,223,121,145,198,158,243,9,20,13,17,14,10,16,12
1.95,70.875,3.925,2.275,2.225,3.6,2.525,4.2,2.5099800796022267,74.80391032559729,4.703721930556695,2.6504716561397146,2.7431733448690405,4.404543109109048,3.0454884665682123,5.167204273105526,78,2835,157,91,89,144,101,168,4.339999999999999,5576.0443749999995,21.359375,5.524374999999999,6.6693750000000005,17.15,8.119375,26.21,89,3352,224,120,145,198,156,247,9,19,14,17,15,11,16,13
2.0,70.5,3.95,2.25,2.25,3.65,2.575,4.25,2.5495097567963922,74.63075773432828,4.706378650300037,2.6362852652928135,2.756809750418044,4.415880433163924,3.0618621784789726,5.176871642217914,80,2820,158,90,90,146,103,170,4.3975,5553.3475,21.427500000000002,5.51,6.790000000000001,17.0975,8.324375,26.2375,89,3377,229,120,142,201,155,247,9,20,14,18,15,12,16,13
1.95,70.15,3.975,2.15,2.325,3.7,2.625,4.15,2.5298221281347035,74.23105818995172,4.709033871188442,2.5199206336708304,2.850438562747845,4.460941604639093,3.1264996401726965,5.118593556827891,78,2806,159,86,93,148,105,166,4.4399999999999995,5496.56,21.494374999999998,5.140000000000001,7.174375,17.340000000000003,8.619375,25.4775,91,3366,223,120,147,200,161,250,9,20,14,18,16,12,17,13
1.95,70.425,3.875,2.05,2.275,3.55,2.6,4.1,2.5298221281347035,74.36245692552123,4.623310502226732,2.3979157616563596,2.797320146139873,4.324349662087931,3.0983866769659336,5.079370039680118,78,2817,155,82,91,142,104,164,4.4399999999999995,5526.069375,20.519375,4.75,6.969374999999999,16.5975,8.497499999999999,24.99,91,3336,210,113,144,190,155,237,9,20,13,17,15,11,16,12
1.95,68.45,3.875,2.0,2.25,3.5,2.5,3.975,2.5298221281347035,72.22014954290803,4.623310502226732,2.3769728648009427,2.7838821814150108,4.254409477236529,3.03315017762062,4.89131884055824,78,2738,155,80,90,140,100,159,4.4399999999999995,5200.54,20.519374999999997,4.5475,6.847499999999999,15.85,7.8775,23.324375,91,3173,213,111,147,187,155,239,9,19,14,16,15,11,16,13
1.925,68.175,3.875,2.025,2.25,3.525,2.55,3.9,2.5248762345905194,72.06958443060428,4.623310502226732,2.39269722280108,2.7838821814150108,4.2690748412273125,3.0659419433511785,4.852834223420372,77,2727,155,81,90,141,102,156,4.484375,5180.884375,20.519375000000004,4.774375,6.647499999999999,15.899375000000001,8.190000000000001,23.060000000000002,93,3207,219,113,147,192,155,236,9,20,14,16,15,12,16,12
1.925,67.725,3.9,2.05,2.3,3.525,2.5,3.85,2.5248762345905194,71.5934703726534,4.626013402488151,2.4083189157584592,2.819574435974337,4.2690748412273125,3.0495901363953815,4.832183771339828,77,2709,156,82,92,141,100,154,4.484375,5115.5443749999995,20.590000000000003,4.8,6.74,15.899375000000001,8.1975,22.7875,93,3184,215,117,146,192,156,235,9,20,14,17,15,12,16,12
1.925,67.575,3.8,2.125,2.3,3.525,2.45,3.725,2.5248762345905194,71.5389753910412,4.538722287164087,2.4849547279578355,2.819574435974337,4.2690748412273125,3.0,4.740780526453424,77,2703,152,85,92,141,98,149,4.484375,5114.309375,19.6,5.019375,6.74,15.899374999999997,8.0,21.619374999999998,92,3132,201,113,140,183,151,223,9,20,13,16,14,11,15,11
1.875,65.675,3.775,2.025,2.25,3.375,2.4,3.65,2.4647515087732477,69.51852271157667,4.491658936295141,2.361143790623519,2.7838821814150108,4.089621009335707,2.9664793948382653,4.636809247747852,75,2627,151,81,90,135,96,146,4.319374999999999,4818.574375,19.224375000000002,4.194374999999999,6.4275,13.919374999999999,7.590000000000001,20.7775,88,2990,206,112,142,177,147,219,9,19,14,16,15,10,14,11
1.875,65.3,3.7,2.1,2.275,3.35,2.375,3.7,2.4647515087732477,69.32676250914938,4.449719092257398,2.4392621835300936,2.797320146139873,4.0743097574926725,2.9538110975483858,4.6475800154489,75,2612,148,84,91,134,95,148,4.319375,4794.64,19.0775,4.3875,6.324374999999999,13.877500000000001,7.569375000000001,20.79,87,3017,208,116,143,177,144,220,9,20,14,17,15,10,14,11
1.825,63.975,3.625,2.225,2.25,3.3,2.375,3.725,2.4238399287081647,68.2771923851589,4.424364361125788,2.564176280991617,2.792848008753788,4.0,2.9538110975483858,4.661008474568567,73,2559,145,89,90,132,95,149,4.249375,4657.469375000001,18.719375,4.684375,6.36,13.439999999999998,7.569374999999999,20.674375,86,2972,208,114,140,179,141,220,9,20,14,17,15,10,13,11
1.825,63.475,3.55,2.15,2.25,3.175,2.3,3.675,2.4238399287081647,68.0865258329429,4.381780460041329,2.5199206336708304,2.792848008753788,3.8890872965260113,2.8896366553599777,4.639504283864818,73,2539,142,86,90,127,92,147,4.249375,4635.1743750000005,18.2,4.659999999999999,6.36,12.949375,7.447500000000001,20.259375,85,2868,198,115,138,172,133,211,9,20,13,16,14,9,12,10
1.85,61.125,3.575,2.2,2.225,3.1,2.25,3.625,2.4289915602982237,65.80482505105533,4.424364361125788,2.5592967784139455,2.779388421937459,3.82099463490856,2.8372521918222215,4.563441683641854,74,2445,143,88,89,124,90,145,4.3375,4320.509375,18.524375,4.590000000000001,6.224375,12.1975,7.05,19.669375000000002,86,2718,201,115,141,168,129,207,10,19,14,15,14,8,11,9
1.95,60.8,3.575,2.225,2.25,3.175,2.275,3.625,2.5495097567963922,65.63916513789614,4.424364361125788,2.583602136552763,2.80178514522438,3.8890872965260113,2.850438562747845,4.563441683641854,78,2432,143,89,90,127,91,145,4.6775,4300.660000000001,18.624375000000004,4.644375,6.2875,12.484375,7.074375000000001,19.669375000000002,89,2656,207,115,142,171,132,212,10,19,15,15,15,9,12,10
1.9,60.3,3.625,2.225,2.375,3.15,2.3,3.6,2.5298221281347035,65.20352751193758,4.458138625031752,2.583602136552763,2.9538110975483858,3.8794329482541645,2.8548204847240397,4.54972526643093,76,2412,145,89,95,126,92,144,4.4399999999999995,4219.5775,19.019375,4.644374999999999,6.694374999999999,12.16,7.15,19.49,89,2660,202,115,144,174,132,203,9,19,14,15,15,9,12,9
1.85,60.025,3.5,2.2,2.475,3.15,2.3,3.45,2.4899799195977463,65.01134516374815,4.358898943540674,2.5592967784139455,3.020761493398643,3.8794329482541645,2.8548204847240397,4.415880433163924,74,2401,140,88,99,126,92,138,4.3775,4191.369375,18.4375,4.59,6.799375,11.9875,7.15,18.597500000000004,88,2620,201,112,146,172,133,201,9,19,14,15,15,9,13,9
1.925,58.55,3.625,2.25,2.525,3.175,2.35,3.525,2.564176280991617,63.94763482725534,4.4860896112315904,2.5787593916455256,3.037268509697488,3.8890872965260113,2.8722813232690143,4.474930167052889,77,2342,145,90,101,127,94,141,4.5443750000000005,4076.34,19.359375,4.547500000000001,7.049375,12.319374999999999,7.147499999999999,18.974375000000002,90,2616,200,109,145,168,126,196,9,19,14,15,16,9,13,8
2.0,56.8,3.45,2.2,2.375,3.0,2.275,3.375,2.6076809620810595,62.058843044323666,4.347413023856832,2.539685019840059,2.832843094843059,3.681032463861192,2.6972207918522355,4.338778629983327,80,2272,138,88,95,120,91,135,4.977500000000001,3847.8775,17.797500000000003,4.49,6.269375,11.3,6.324375,17.324374999999996,96,2488,204,107,140,163,119,198,10,19,14,15,15,9,12,8
2.1,57.05,3.375,2.25,2.375,3.125,2.275,3.35,2.7202941017470885,62.38028534721527,4.3040678433314685,2.5592967784139455,2.832843094843059,3.76497011940334,2.6972207918522355,4.312771730569565,84,2282,135,90,95,125,91,134,5.15,3857.0774999999994,17.259375,4.4475,6.134375,11.534375,6.119375,17.0375,98,2539,197,104,136,167,117,191,10,19,13,15,14,9,11,7
2.0,56.5,3.325,2.15,2.4,3.15,2.2,3.2,2.6076809620810595,61.82232606429493,4.2690748412273125,2.479919353527449,2.8635642126552705,3.7682887362833544,2.6551836094703507,4.171330722922842,80,2260,133,86,96,126,88,128,4.84,3781.04,17.274375,4.327499999999999,6.24,11.4775,6.05,16.189999999999998,101,2536,198,104,132,166,117,189,10,19,13,15,13,9,11,7
1.925,55.425,3.325,2.125,2.45,3.125,2.225,3.375,2.534758371127315,61.04363193650915,4.2690748412273125,2.4647515087732477,2.949576240750525,3.7383151285037486,2.669269563007828,4.315669125408017,77,2217,133,85,98,125,89,135,4.7993749999999995,3708.8943750000008,17.274375,4.449375,6.8775,11.944374999999999,6.269374999999999,16.999374999999997,100,2543,197,104,134,170,117,191,11,19,13,15,13,9,11,7
1.975,54.15,3.25,2.05,2.4,3.05,2.2,3.3,2.57390753524675,59.723948295470215,4.242640687119285,2.4186773244895647,2.898275349237888,3.646916505762094,2.6457513110645907,4.272001872658765,79,2166,130,82,96,122,88,132,4.869375,3558.5399999999995,16.8975,4.410000000000001,6.709999999999999,11.4775,6.19,16.29,104,2421,199,98,137,172,113,195,12,19,13,14,13,10,11,7
2.025,53.75,3.25,2.025,2.425,3.175,2.15,3.275,2.6124700955226263,59.14516041063715,4.242640687119285,2.382225849914319,2.9111853256019273,3.76497011940334,2.569046515733026,4.263214749458442,81,2150,130,81,97,127,86,131,4.934375,3446.31,16.8975,3.784375,6.584375,11.999375,5.39,16.144375,99,2438,189,94,131,171,108,186,12,19,12,13,12,10,10,6
1.9,53.35,3.025,2.05,2.425,3.1,2.15,3.1,2.4392621835300936,58.724356105452536,3.940177660969109,2.4186773244895647,2.9111853256019273,3.7349698793966195,2.569046515733026,4.031128874149275,76,2134,121,82,97,124,86,124,4.3875,3390.79,14.844375,3.8900000000000006,6.584375,11.547500000000001,5.390000000000001,14.9275,98,2429,185,92,130,169,109,180,12,19,12,13,12,9,10,6
1.85,51.85,3.125,2.05,2.45,3.025,2.125,3.2,2.3979157616563596,57.66758188098405,4.089621009335707,2.4186773244895647,2.924038303442689,3.664014192112252,2.55440795488896,4.129164564412516,74,2074,125,82,98,121,85,128,4.4275,3294.7475000000004,15.869375,3.8899999999999997,6.859999999999999,11.534375,5.474375,15.4875,97,2457,183,94,134,170,108,182,13,19,11,13,13,9,10,6
1.875,50.525,3.0,2.05,2.425,2.95,2.05,3.125,2.4031229681395834,56.28387868652977,4.012480529547776,2.4186773244895647,2.8939592256975564,3.570714214271425,2.449489742783178,4.083503397819084,75,2021,120,82,97,118,82,125,4.394375,3150.024375,14.997499999999999,3.8900000000000006,6.749375000000001,11.059999999999999,5.2775,14.919375000000002,99,2321,187,92,135,165,102,188,14,19,11,12,14,8,9,7
1.875,49.05,3.0,2.05,2.425,2.85,2.025,3.075,2.4031229681395834,54.56738952891186,4.012480529547776,2.4186773244895647,2.8939592256975564,3.5142566781611158,2.434132288927617,4.058940748520481,75,1962,120,82,97,114,81,123,4.394375,2945.1099999999997,14.89,3.6,6.749375000000001,10.39,5.159375,14.444374999999999,94,2363,182,87,135,164,100,176,14,20,10,11,14,8,9,6
1.9,48.05,3.075,2.1,2.45,3.0,2.175,3.025,2.4698178070456938,53.68053650998656,4.132190702278877,2.5,2.924038303442689,3.640054944640259,2.669269563007828,3.933827652554189,76,1922,123,84,98,120,87,121,4.660000000000001,2836.71,15.694374999999999,3.847500000000001,6.859999999999999,10.8475,6.074375000000001,13.584375,99,2227,189,89,133,168,108,176,14,19,10,11,13,8,10,6
1.875,49.0,2.95,2.075,2.425,3.025,2.275,2.975,2.434132288927617,55.319074468034984,4.05585995813465,2.4849547279578355,2.9025850547399985,3.6571847095819483,2.779388421937459,3.908324449172561,75,1960,118,83,97,121,91,119,4.874375,3001.6775,15.3475,3.8493749999999998,6.669375,10.894375,6.459375,13.649374999999997,103,2355,192,92,133,166,106,181,14,20,10,11,13,8,10,7
1.875,48.45,3.075,2.05,2.475,2.975,2.225,3.125,2.434132288927617,54.54814387309618,4.132190702278877,2.479919353527449,2.9706901555025893,3.5742132001323035,2.7064737205448717,4.095729483254479,75,1938,123,82,99,119,89,125,4.659375,2925.09,16.219375000000003,3.9,6.934375,10.449375,6.1693750000000005,15.509375,108,2219,194,89,137,157,101,188,15,19,10,10,14,7,9,7
1.85,48.95,3.05,2.025,2.55,2.975,2.225,3.175,2.4186773244895647,55.502252206554644,4.11703777004778,2.4545875417267156,3.0083217912982647,3.5742132001323035,2.7064737205448717,4.132190702278877,74,1958,122,81,102,119,89,127,4.527500000000001,3036.9399999999996,16.047500000000003,3.384375,7.359999999999999,10.449375,6.1693750000000005,15.449374999999998,106,2374,188,85,144,162,100,188,15,20,9,9,15,8,9,7
1.9,48.675,3.1,2.075,2.6,3.0,2.275,3.225,2.5,55.18672847705325,4.201190307520001,2.534758371127315,3.0413812651491097,3.5777087639996634,2.797320146139873,4.263214749458442,76,1947,124,83,104,120,91,129,4.8100000000000005,2998.309375,16.65,3.6193749999999993,7.4275,10.3975,6.559375,16.419375,109,2285,197,87,149,167,106,186,16,19,10,9,16,8,10,7
1.925,49.225,2.975,2.05,2.625,3.1,2.25,3.25,2.5049950099750697,56.05689074502795,4.126136207155551,2.5199206336708304,3.0454884665682123,3.63318042491699,2.7838821814150108,4.266145801540309,77,1969,119,82,105,124,90,130,4.774375,3087.2443749999998,16.259375,3.7900000000000005,7.519374999999999,10.477500000000001,6.540000000000001,16.3775,112,2438,194,91,150,163,110,193,16,20,9,10,17,8,10,7
1.9,48.85,2.85,2.05,2.575,3.05,2.325,3.3,2.5,55.563027275338406,4.018706259482023,2.5199206336708304,3.0124740662784135,3.5496478698597698,2.850438562747845,4.324349662087931,76,1954,114,82,103,122,93,132,4.8100000000000005,3037.5474999999997,15.15,3.7900000000000005,7.449375000000001,10.040000000000001,6.744375,17.01,110,2296,189,91,146,154,109,196,15,19,9,10,16,7,9,8
1.9,49.375,2.875,2.025,2.575,3.1,2.3,3.325,2.5,56.54179869795442,4.021815510438041,2.5149552679918585,3.0124740662784135,3.605551275463989,2.8284271247461903,4.327239304683761,76,1975,115,81,103,124,92,133,4.56,3154.399375,15.124375,3.684375,7.449375000000001,10.5975,6.56,16.969375000000003,109,2449,183,91,144,162,111,195,14,20,9,9,16,8,9,9
1.975,49.1,2.9,2.05,2.625,3.1,2.375,3.35,2.57390753524675,56.24677768548168,4.0743097574926725,2.5495097567963922,3.078148794324277,3.605551275463989,2.8939592256975564,4.376071297408213,79,1964,116,82,105,124,95,134,4.734375,3117.46,15.497500000000002,3.7775000000000007,7.719374999999999,10.5975,6.749375000000001,17.327499999999997,111,2391,186,91,151,164,114,197,14,19,9,8,17,8,10,9
1.975,50.55,2.875,2.1,2.6,3.15,2.35,3.325,2.57390753524675,58.29751281143991,4.058940748520481,2.588435821108957,3.0659419433511785,3.63318042491699,2.8809720581775866,4.367493560384491,79,2022,115,84,104,126,94,133,4.734375,3330.5375,15.424375000000001,3.6375,7.709999999999999,10.64,6.477500000000001,17.449374999999996,111,2542,188,87,155,163,111,203,13,20,9,7,17,8,9,10
1.925,50.65,2.9,2.075,2.6,3.125,2.3,3.375,2.55440795488896,58.41403940834771,4.0743097574926725,2.55440795488896,3.0659419433511785,3.59513560244951,2.8284271247461903,4.401704215414752,77,2026,116,83,104,125,92,135,4.494375,3342.4775,15.6,3.5493750000000004,7.709999999999999,10.444374999999999,6.31,17.874374999999997,109,2570,190,86,155,165,112,205,12,20,9,7,17,8,9,10
1.95,52.2,2.8,2.05,2.6,3.05,2.275,3.375,2.569046515733026,60.62755149270008,4.0,2.5298221281347035,3.0659419433511785,3.5,2.797320146139873,4.401704215414752,78,2088,112,82,104,122,91,135,4.777500000000001,3658.8900000000003,14.677499999999998,3.8400000000000007,7.8375,10.427499999999998,6.559375,17.484375,109,2682,192,90,157,170,116,211,12,20,9,8,17,9,10,11
1.95,52.975,2.925,2.1,2.625,3.025,2.275,3.5,2.569046515733026,61.07966109925627,4.168333000133266,2.588435821108957,3.086259872402193,3.48209706929603,2.797320146139873,4.58257569495584,78,2119,117,84,105,121,91,140,4.7775,3719.669375,15.344375000000003,3.9775000000000005,7.899375000000001,10.624374999999999,6.559375,18.110000000000003,113,2719,192,92,157,164,119,206,13,20,8,8,17,8,11,10
1.875,54.475,2.85,2.1,2.575,3.025,2.3,3.375,2.4949949899749297,62.966062287552965,4.123105625617661,2.588435821108957,3.07001628660175,3.48209706929603,2.80178514522438,4.458138625031752,75,2179,114,84,103,121,92,135,4.724375,3912.524375,15.1775,3.6375,7.669375,10.094375,6.527500000000001,17.699375,116,2803,194,91,160,164,119,212,14,20,8,7,17,8,11,11
1.825,55.475,2.875,2.125,2.6,3.075,2.325,3.45,2.4545875417267156,63.70812350085348,4.132190702278877,2.602883016964074,3.0903074280724887,3.5249113464029134,2.8240042492885875,4.516635916254486,73,2219,115,85,104,123,93,138,4.759375,3991.074375,15.319374999999999,3.6243749999999997,7.4475,10.249374999999999,6.349375,18.71,113,2793,197,91,156,161,114,212,14,20,8,7,16,8,10,11
1.9,56.35,2.95,2.1,2.5,2.975,2.275,3.475,2.5,65.00653813271401,4.177319714841085,2.598076211353316,2.9916550603303182,3.4387497728098797,2.752271788904577,4.524930938699507,76,2254,118,84,100,119,91,139,4.81,4213.9475,15.347500000000002,3.6875,7.1275,10.069374999999999,6.4193750000000005,18.584375,116,2854,202,93,155,162,118,217,15,20,9,7,16,8,11,12
2.025,56.5,3.2,2.175,2.55,2.975,2.225,3.65,2.669269563007828,65.10798722123116,4.577116996538323,2.669269563007828,3.0413812651491097,3.4387497728098797,2.715695122800054,4.769696007084728,81,2260,128,87,102,119,89,146,5.369375,4228.16,17.71,3.794375,7.290000000000001,10.069374999999999,6.324375000000001,19.860000000000003,118,2919,200,96,155,158,119,217,15,20,8,7,16,7,12,11
2.025,58.25,3.025,2.175,2.55,2.975,2.25,3.6,2.669269563007828,67.09359134820554,4.401704215414752,2.669269563007828,3.0413812651491097,3.4387497728098797,2.7202941017470885,4.727578661429125,81,2330,121,87,102,119,90,144,5.624375,4451.847499999999,16.894375000000004,3.794375000000001,7.290000000000001,9.344375,6.4,20.1,124,3002,206,98,157,154,118,226,16,20,9,7,17,6,12,12
2.175,59.05,3.15,2.2,2.625,3.05,2.275,3.65,2.832843094843059,67.6871479676903,4.5,2.692582403567252,3.1264996401726965,3.5355339059327378,2.752271788904577,4.748684028233506,87,2362,126,88,105,122,91,146,6.134375,4519.9275,18.29,3.4475000000000002,7.599374999999999,9.7775,6.194375,20.590000000000003,131,3013,209,97,162,153,120,224,17,20,9,6,18,6,13,12
2.15,60.35,3.2,2.175,2.575,3.075,2.325,3.625,2.8284271247461903,69.45034197180026,4.522167621838006,2.6786190471957747,3.09434968935316,3.5742132001323035,2.7703790354390136,4.746050990033714,86,2414,128,87,103,123,93,145,6.1775,4813.11,18.2,3.659375,7.684375,10.884375,6.409375,20.494375,136,3108,217,99,168,163,124,225,17,20,10,7,19,7,14,12
2.2,60.9,3.3,2.125,2.6,3.025,2.3,3.9,2.8809720581775866,69.71907916775723,4.6097722286464435,2.622022120425379,3.122498999199199,3.546124645299429,2.756809750418044,5.10881590977792,88,2436,132,85,104,121,92,156,6.34,4853.727499999999,18.36,3.544375,7.790000000000001,10.949375,6.390000000000001,23.21,140,3168,210,97,169,163,126,233,17,20,9,7,19,7,14,12
2.25,62.75,3.1,2.125,2.6,3.1,2.275,3.8,2.932575659723036,71.65577436606209,4.4328320518603,2.622022120425379,3.122498999199199,3.6193922141707713,2.752271788904577,5.049752469181039,90,2510,124,85,104,124,91,152,6.4975,5094.2275,17.4,3.359375,7.647500000000001,10.997499999999999,6.419375,23.097499999999997,138,3259,207,93,169,165,127,243,17,20,8,6,19,8,14,13
2.325,63.75,3.175,2.075,2.625,3.225,2.425,3.925,2.9706901555025893,72.32254143764584,4.474930167052889,2.564176280991617,3.142451272494134,3.771604433129222,2.962262648719725,5.1599418601375735,93,2550,127,83,105,129,97,157,6.499375000000001,5176.527499999999,17.994374999999998,3.2443750000000002,7.699375000000001,11.744375,7.274375000000001,24.869374999999998,138,3302,210,93,169,164,132,248,17,20,8,6,19,8,14,13
2.3,66.05,3.175,2.025,2.65,3.225,2.475,3.925,2.9664793948382653,74.63879688205056,4.474930167052889,2.4849547279578355,3.146426544510455,3.771604433129222,2.9958304357890486,5.1599418601375735,92,2642,127,81,106,129,99,157,6.55,5557.6275,17.994375,3.534375,7.797500000000001,12.469375,7.594375000000001,24.869375,141,3446,213,93,167,172,142,256,17,20,8,7,20,9,15,14
2.35,66.75,3.275,2.1,2.65,3.25,2.55,4.1,3.0,74.91962359755954,4.541475531146237,2.5298221281347035,3.146426544510455,3.7815340802378077,3.057776970284131,5.310367218940701,94,2670,131,84,106,130,102,164,6.597499999999999,5604.2474999999995,18.144375,3.5100000000000002,7.797500000000001,12.7375,7.659999999999999,25.95,142,3520,209,96,167,172,148,256,16,20,7,8,20,9,16,14
2.35,69.2,3.075,2.025,2.725,3.325,2.55,4.0,3.0,77.07950440940834,4.361765697512878,2.4849547279578355,3.2054640849649214,3.850324661635691,3.057776970284131,5.2345009313209605,94,2768,123,81,109,133,102,160,6.44,5901.56,17.134375,3.534375,7.794375,12.794375,7.389999999999999,25.71,138,3635,205,99,165,172,146,259,15,20,6,8,19,9,15,14
2.225,70.1,3.1,1.95,2.7,3.325,2.625,4.075,2.8939592256975564,77.60315715227055,4.370354676682432,2.4392621835300936,3.1859064644147983,3.850324661635691,3.142451272494134,5.2701992372205435,89,2804,124,78,108,133,105,163,6.199375000000001,5970.41,17.2775,3.5475000000000003,7.7475,12.794374999999999,7.699375000000001,26.274375,134,3668,204,98,164,168,146,260,15,20,6,8,19,9,15,14
2.275,72.0,3.075,1.9,2.55,3.475,2.675,4.15,2.9111853256019273,79.65707752610561,4.350287346831241,2.4186773244895647,3.0413812651491097,4.003123780249619,3.1741140496207754,5.319774431308154,91,2880,123,76,102,139,107,166,6.149375,6336.5475,16.599375000000002,3.6,7.290000000000001,14.524375000000001,8.044374999999999,26.339999999999996,135,3767,206,98,164,180,150,266,15,20,6,8,19,10,15,15
2.35,72.1,3.3,1.9,2.55,3.55,2.65,4.35,2.9748949561287032,79.70978609932409,4.626013402488151,2.4186773244895647,3.0413812651491097,4.049691346263317,3.1543620591175006,5.504543577809154,94,2884,132,76,102,142,106,174,6.289999999999999,6345.5275,18.160000000000004,3.6,7.290000000000001,14.710000000000003,7.99,27.74,134,3823,205,100,162,188,154,266,15,20,5,8,18,11,16,15
2.275,74.5,3.175,1.975,2.525,3.625,2.675,4.275,2.9111853256019273,81.64343206896682,4.50277692096777,2.5248762345905194,3.029026246172192,4.1140004861448425,3.1741140496207754,5.45664732230332,91,2980,127,79,101,145,107,171,6.149375000000001,6628.44,17.469374999999996,3.894375,7.144374999999999,14.749374999999997,8.044374999999999,27.744375,130,3930,206,102,164,186,152,273,14,20,5,8,19,11,16,16
2.225,75.25,3.25,2.0,2.55,3.75,2.675,4.275,2.876629972728505,82.08318950918026,4.527692569068709,2.539685019840059,3.0413812651491097,4.219004621945797,3.1741140496207754,5.45664732230332,89,3010,130,80,102,150,107,171,5.634375,6690.727499999999,17.940000000000005,3.8899999999999997,7.147499999999999,15.239999999999998,8.044374999999999,27.884375,122,3928,210,104,167,183,151,269,13,20,5,8,19,11,16,16
2.175,76.15,3.3,2.025,2.525,3.75,2.625,4.275,2.806243040080456,83.20486764606984,4.54972526643093,2.564176280991617,3.037268509697488,4.219004621945797,3.158322339470751,5.45664732230332,87,3046,132,81,101,150,105,171,5.394375,6920.160000000001,17.81,4.399374999999999,7.194374999999999,15.977499999999997,8.084375,27.294375000000002,120,3975,215,107,166,190,154,269,13,20,6,9,19,12,16,16
2.2,75.925,3.475,2.1,2.525,3.825,2.725,4.475,2.819574435974337,83.0763203325713,4.756574397610112,2.6076809620810595,3.037268509697488,4.263214749458442,3.2210246816812815,5.636931789546508,88,3037,139,84,101,153,109,179,5.389999999999999,6897.969375000001,18.724375000000002,4.397499999999999,7.194374999999999,16.144375000000004,8.199375,28.624374999999997,119,4024,215,112,160,194,156,268,12,20,5,10,18,13,16,16
2.225,78.2,3.425,2.125,2.4,3.875,2.75,4.325,2.832843094843059,84.93144294076252,4.72493386197098,2.622022120425379,2.8896366553599777,4.32145808726638,3.24037034920393,5.529466520379701,89,3128,137,85,96,155,110,173,5.544375,7184.727499999999,18.994375,4.234375,5.9475,15.869375,7.9399999999999995,28.094375000000003,119,4121,222,112,157,189,153,272,12,20,6,10,18,12,15,17
2.175,78.8,3.55,2.15,2.425,3.875,2.725,4.425,2.797320146139873,85.27690191370696,4.790615826801393,2.6267851073127395,2.9111853256019273,4.32145808726638,3.228776858192588,5.583457710057451,87,3152,142,86,97,155,109,177,5.649375000000001,7236.7474999999995,20.060000000000002,4.1775,5.994375,15.869375000000002,7.944374999999999,29.144375000000004,120,4133,224,110,161,189,154,274,12,20,6,10,19,12,15,17
2.125,79.7,3.625,2.075,2.475,3.825,2.675,4.55,2.7613402542968153,86.28412368448787,4.8295962564173,2.583602136552763,2.962262648719725,4.263214749458442,3.1976553910638965,5.661271941887264,85,3188,145,83,99,153,107,182,5.594374999999999,7443.6275,19.994375,4.194375,6.134375,16.144375,7.899375000000001,29.49,120,4176,231,110,159,190,152,284,13,20,7,10,19,13,15,18
2.2,79.475,3.8,2.025,2.45,3.85,2.725,4.725,2.8284271247461903,86.15494762345341,4.9899899799498595,2.5248762345905194,2.924038303442689,4.266145801540309,3.228776858192588,5.828807768317635,88,3179,152,81,98,154,109,189,5.75,7420.784375,20.9,4.049375,5.99,16.097500000000004,7.944374999999999,30.459375,121,4202,228,108,152,193,152,279,12,20,7,10,18,13,15,17
2.2,82.175,3.6,2.075,2.525,3.925,2.8,4.675,2.8284271247461903,88.16844673691376,4.8270073544588685,2.544602129999894,3.0124740662784135,4.327239304683761,3.286335345030997,5.7857583772570385,88,3287,144,83,101,157,112,187,5.597499999999999,7752.284375,20.060000000000002,3.9943749999999993,5.924375,16.084375,7.910000000000001,30.834375,122,4322,228,106,148,192,152,285,11,20,7,10,17,13,15,17
2.2,82.825,3.75,2.125,2.55,3.975,2.85,4.775,2.8284271247461903,88.50692063336065,4.919349550499537,2.602883016964074,3.0413812651491097,4.373213921133975,3.331666249791536,5.837379549078507,88,3313,150,85,102,159,114,191,5.597499999999999,7805.649374999999,21.4775,4.134375,6.01,16.319375,7.6775,31.749374999999997,121,4314,233,108,146,189,151,284,11,19,7,10,17,13,15,17
2.275,84.9,3.85,2.1,2.55,4.075,2.875,4.825,2.8679260799399975,90.28261183638851,4.979959839195493,2.588435821108957,3.0413812651491097,4.41871021905714,3.342902930089356,5.854485459884583,91,3396,154,84,102,163,115,193,6.049375,8140.710000000001,21.7375,4.14,6.01,17.044375,7.469374999999999,31.794375000000002,118,4484,237,108,146,192,145,284,12,20,8,10,17,14,14,18
2.25,85.225,3.9,2.075,2.55,3.925,2.775,4.75,2.8106938645110393,90.40671988298215,5.06951674225463,2.544602129999894,3.0413812651491097,4.315669125408017,3.1898275815473163,5.757603668193912,90,3409,156,83,102,157,111,190,5.7975,8165.109375,22.46,3.9943750000000002,6.01,16.594375000000003,6.844374999999999,30.9,117,4420,234,107,144,193,144,277,12,19,8,10,16,14,14,17
2.3,85.2,3.925,2.1,2.525,4.025,2.7,4.75,2.8809720581775866,90.37560511553988,5.071981861166304,2.5592967784139455,3.029026246172192,4.430011286667337,3.1064449134018135,5.757603668193912,92,3408,157,84,101,161,108,190,5.5775,8159.6275,22.574374999999996,3.9899999999999998,5.659375,17.299375,6.5875,30.9,113,4526,240,108,140,198,143,277,11,20,9,10,15,14,14,18
2.275,85.025,3.875,2.15,2.45,4.025,2.675,4.625,2.8679260799399975,90.25450127278971,5.032395056034453,2.5787593916455256,2.9410882339705484,4.430011286667337,3.086259872402193,5.636931789546508,91,3401,155,86,98,161,107,185,5.584375,8138.719375000001,21.994375,3.9274999999999998,5.41,17.299375,6.549375,29.134375,114,4398,239,106,133,191,138,267,10,19,9,10,14,13,13,17
2.25,84.9,3.95,2.125,2.425,4.05,2.675,4.625,2.8635642126552705,90.09855714715968,5.084289527554465,2.564176280991617,2.9197602641312868,4.455333881989093,3.086259872402193,5.636931789546508,90,3396,158,85,97,162,107,185,5.4775,8109.910000000001,21.85,4.094375,4.819375,17.6,6.549375,29.134375,109,4510,237,106,127,196,134,266,9,20,9,11,13,14,13,18
2.2,84.55,3.975,2.15,2.425,4.1,2.6,4.5,2.792848008753788,89.90022246913519,5.125914552545721,2.6172504656604803,2.9197602641312868,4.4777226354476225,2.9748949561287032,5.422176684690384,88,3382,159,86,97,164,104,180,5.24,8072.1275,22.174375,4.290000000000001,4.819375,17.6475,6.1275,27.15,108,4419,233,107,124,201,134,258,9,19,9,11,12,15,14,18
2.2,84.975,3.975,2.175,2.525,4.1,2.625,4.475,2.792848008753788,90.4069964106761,5.125914552545721,2.6315394733881536,3.020761493398643,4.4777226354476225,2.987473849257931,5.4198708471697,88,3399,159,87,101,164,105,179,5.24,8160.644374999999,22.174375,4.119375,4.819375,17.6475,6.119375000000001,27.199374999999996,109,4546,241,106,124,201,132,258,9,20,9,10,12,15,14,17
2.225,84.675,4.05,2.1,2.575,4.1,2.625,4.375,2.797320146139873,90.20767705688912,5.162363799656123,2.5592967784139455,3.053686296920494,4.4777226354476225,2.987473849257931,5.3455589043616385,89,3387,162,84,103,164,105,175,5.344375,8126.699374999999,22.847500000000004,4.147499999999999,4.809375,17.6475,6.119375,26.094375000000003,109,4427,243,105,122,192,128,253,10,19,9,11,11,14,13,16
2.2,84.525,4.075,2.175,2.55,4.025,2.6,4.45,2.7838821814150108,90.0212474919116,5.169622810225133,2.602883016964074,3.03315017762062,4.41871021905714,2.9748949561287032,5.380520420925842,88,3381,163,87,102,161,104,178,5.5,8092.094375000001,22.824374999999996,4.134375,4.577500000000001,16.884375,5.7875,26.2275,107,4530,241,105,119,195,125,251,10,20,10,12,11,15,12,17
2.2,84.35,4.075,2.2,2.55,4.05,2.575,4.425,2.7838821814150108,89.92107650601164,5.169622810225133,2.6457513110645907,3.03315017762062,4.427188724235731,2.9453352950046283,5.340880077290633,88,3374,163,88,102,162,103,177,5.5,8072.839999999999,22.824375,4.277500000000001,4.577500000000001,16.709999999999997,5.699375,25.884375,109,4426,241,106,122,195,124,245,11,19,10,12,12,15,12,16
2.225,84.25,4.075,2.2,2.6,4.1,2.6,4.475,2.797320146139873,89.80089086417796,5.169622810225133,2.6457513110645907,3.0659419433511785,4.47213595499958,2.958039891549808,5.3595708783446465,89,3370,163,88,104,164,104,179,5.499375,8051.95,23.209375,4.277500000000001,4.5600000000000005,16.9375,5.6875,26.244375,110,4540,247,108,123,196,124,253,11,20,11,12,12,15,12,17
2.25,82.85,4.075,2.175,2.625,3.975,2.575,4.4,2.80178514522438,89.14370420842967,5.169622810225133,2.622022120425379,3.086259872402193,4.401704215414752,2.9453352950046283,5.324471804789654,90,3314,163,87,105,159,103,176,5.6,7942.19,23.209375,4.234375,4.574374999999999,16.734375,5.869375,25.627499999999998,111,4446,244,104,120,193,122,248,12,19,11,11,12,14,11,16
2.225,81.375,4.05,2.175,2.7,4.0,2.575,4.475,2.7883686987197374,87.7007696659499,5.167204273105526,2.622022120425379,3.146426544510455,4.421538193886829,2.9453352950046283,5.387485498820391,89,3255,162,87,108,160,103,179,5.294375,7650.144375000001,23.2775,3.899375,4.3774999999999995,16.310000000000002,5.344374999999999,26.994375,108,4424,240,98,117,196,120,247,12,19,11,10,11,14,11,16
2.275,83.275,3.925,2.1,2.675,4.1,2.5,4.4,2.8591956910991594,89.60817485028919,5.032395056034453,2.5495097567963922,3.1264996401726965,4.511097427455985,2.9068883707497264,5.282045058497703,91,3331,157,84,107,164,100,176,5.534375,8009.149374999999,22.349375,3.94,4.824374999999999,17.46,5.3875,26.077499999999997,108,4449,236,99,120,200,121,248,11,19,11,11,12,14,11,16
2.275,81.05,3.925,2.075,2.75,4.025,2.475,4.375,2.8591956910991594,88.01732783946579,5.032395056034453,2.534758371127315,3.1622776601683795,4.469339996017309,2.9025850547399985,5.274940757961174,91,3242,157,83,110,161,99,175,5.534375,7741.76,22.519375,3.9443749999999995,5.3774999999999995,17.494375,5.449374999999999,25.794375000000002,114,4554,237,101,118,205,119,250,12,20,11,12,12,14,11,16
2.275,80.125,3.925,2.15,2.7,3.975,2.425,4.3,2.8591956910991594,87.50614264153117,5.032395056034453,2.6362852652928135,3.1304951684997055,4.435651023243375,2.8679260799399975,5.224940191045253,91,3205,157,86,108,159,97,172,5.369375,7655.434375,22.174375,4.2275,5.390000000000001,17.349375000000002,5.419375,24.740000000000002,112,4385,234,103,120,203,114,244,12,19,10,12,13,14,10,15
2.2,79.95,3.9,2.225,2.75,4.1,2.45,4.25,2.819574435974337,87.28688332160795,5.014977567247933,2.6786190471957747,3.1622776601683795,4.533210782657255,2.898275349237888,5.215361924162119,88,3198,156,89,110,164,98,170,5.390000000000001,7572.077499999999,22.59,4.199375,5.3774999999999995,17.660000000000004,4.977500000000001,24.7975,110,4395,231,101,119,205,113,238,12,19,10,12,13,14,9,15
2.075,81.95,3.625,2.15,2.675,4.2,2.475,4.075,2.659887215654077,89.25805285799147,4.644889664997437,2.6076809620810595,3.1024184114977142,4.598912915026768,2.9111853256019273,4.992494366546646,83,3278,145,86,107,168,99,163,4.899375000000001,7943.477499999999,19.819375,4.24,5.319375,18.747500000000002,5.324375000000001,23.034375,103,4471,222,101,116,212,117,228,11,19,9,13,12,15,10,14
2.05,79.95,3.625,2.225,2.65,4.125,2.45,4.05,2.6457513110645907,87.67553820764375,4.644889664997437,2.6504716561397146,3.0983866769659336,4.541475531146237,2.9068883707497264,4.979959839195493,82,3198,145,89,106,165,98,162,4.75,7678.8775,19.684375,4.699375,5.19,18.449374999999996,5.209999999999999,22.55,97,4584,217,100,111,218,114,229,11,20,9,13,11,16,9,14
1.95,79.125,3.5,2.225,2.575,4.025,2.375,4.0,2.4899799195977463,87.20851449256546,4.54972526643093,2.6504716561397146,3.0124740662784135,4.452527372178637,2.8416544476765644,4.959838707054898,78,3165,140,89,103,161,95,160,4.24,7601.224375,18.45,4.699375,4.974375,17.934375,5.099374999999999,22.04,94,4402,210,102,107,206,109,227,12,19,8,13,10,15,8,14
1.95,78.85,3.425,2.3,2.625,4.075,2.375,4.05,2.4899799195977463,86.84987046622464,4.524930938699507,2.7202941017470885,3.0454884665682123,4.530452516029718,2.8416544476765644,4.969909455915671,78,3154,137,92,105,163,95,162,4.24,7483.609999999999,18.444374999999997,4.6775,4.759375,17.549374999999998,4.744375,22.2975,92,4403,208,100,103,207,107,218,12,19,8,12,9,15,8,14
1.875,80.9,3.35,2.25,2.55,4.225,2.425,3.9,2.4135036772294343,88.85662608944817,4.449719092257398,2.701851217221259,2.9832867780352594,4.661008474568567,2.876629972728505,4.69041575982343,75,3236,134,90,102,169,97,156,4.069375,7863.577499999999,17.9775,4.74,4.6975,19.244374999999998,5.2993749999999995,20.04,93,4482,205,103,102,216,111,213,12,19,8,12,9,15,9,14
1.9,78.975,3.35,2.275,2.55,4.125,2.45,3.925,2.4596747752497685,87.27184540274143,4.449719092257398,2.715695122800054,2.9832867780352594,4.596194077712559,2.8809720581775866,4.698403984333403,76,3159,134,91,102,165,98,157,4.227500000000001,7602.499374999999,17.9775,4.734375,4.6975,18.949374999999996,5.41,19.899375,96,4600,204,104,100,222,106,211,12,20,8,12,9,16,9,14
1.925,78.15,3.275,2.3,2.5,4.0,2.3,3.775,2.4949949899749297,86.78363901104862,4.407380174207803,2.7386127875258306,2.949576240750525,4.47213595499958,2.6645825188948455,4.568916720624267,77,3126,131,92,100,160,92,151,4.334375,7522.99,17.249375,4.7775,4.897499999999999,18.1775,4.6975,18.234375,94,4413,201,100,98,211,98,204,12,19,8,11,8,15,8,13
1.95,77.75,3.425,2.375,2.525,4.025,2.375,3.875,2.5,86.26586810552595,4.5083256315399405,2.8591956910991594,2.962262648719725,4.50277692096777,2.7883686987197374,4.677071733467427,78,3110,137,95,101,161,95,155,4.290000000000001,7369.55,18.569375,4.659375,4.6743749999999995,17.634375,4.624375000000001,19.984375,94,4406,203,97,94,212,96,205,12,19,9,10,7,15,7,13
1.9,79.825,3.375,2.325,2.375,4.15,2.325,3.8,2.4596747752497685,88.29849942099808,4.463742824133129,2.8240042492885875,2.806243040080456,4.626013402488151,2.734044622898463,4.571651780264984,76,3193,135,93,95,166,93,152,4.2275,7755.344375000001,18.299375,4.824375,4.359375,19.15,4.834375,19.21,92,4477,207,101,94,218,102,207,12,19,10,11,7,15,8,13
1.9,77.725,3.4,2.375,2.35,4.05,2.275,3.825,2.4596747752497685,86.52066227208388,4.466542286825459,2.8416544476765644,2.7748873851023217,4.560701700396552,2.715695122800054,4.58530260724415,76,3109,136,95,94,162,91,153,4.2275,7467.119375,18.259999999999998,4.744375,4.8100000000000005,18.84,4.894374999999999,18.994374999999998,91,4583,207,104,95,226,101,207,12,20,10,12,7,16,8,13
1.975,77.025,3.4,2.425,2.35,3.975,2.175,3.725,2.5049950099750697,86.12331275560642,4.466542286825459,2.8591956910991594,2.7748873851023217,4.50277692096777,2.602883016964074,4.541475531146237,79,3081,136,97,94,159,87,149,4.244375,7404.084375,17.99,4.659375,4.81,18.519375,4.599375,18.299375,91,4400,203,104,98,215,94,201,12,19,10,12,8,15,7,12
1.925,76.475,3.425,2.45,2.425,4.0,2.25,3.725,2.4849547279578355,85.40506425265424,4.4860896112315904,2.8635642126552705,2.8151376520518494,4.544227107000705,2.7294688127912363,4.541475531146237,77,3059,137,98,97,160,90,149,4.284375,7208.924375,18.624374999999997,4.59,4.774375000000001,17.759999999999998,4.56,18.999374999999997,92,4387,202,103,95,210,94,202,12,19,11,12,8,14,6,12
1.85,78.55,3.3,2.5,2.4,4.05,2.275,3.625,2.4083189157584592,87.45770406316416,4.272001872658765,2.9154759474226504,2.7838821814150108,4.598912915026768,2.752271788904577,4.384632253678751,74,3142,132,100,96,162,91,145,4.2375,7597.727499999999,17.04,5.4375,5.1899999999999995,19.0475,5.094375,17.844375,90,4458,203,105,96,223,102,201,12,19,12,13,8,15,7,12
1.85,76.475,3.325,2.4,2.375,3.975,2.225,3.65,2.4083189157584592,85.74453335344475,4.286607049870562,2.8106938645110393,2.779388421937459,4.541475531146237,2.715695122800054,4.398863489584555,74,3059,133,96,95,159,89,146,4.359999999999999,7326.3693749999975,17.109375,5.1775,5.084375,18.734375,5.199375,17.66,90,4565,200,107,96,230,102,202,12,20,12,14,8,16,7,12
1.825,75.825,3.25,2.375,2.375,3.9,2.175,3.65,2.4031229681395834,85.36465896376556,4.260281680828158,2.797320146139873,2.779388421937459,4.466542286825459,2.6410225292488514,4.398863489584555,73,3033,130,95,95,156,87,146,4.394375,7267.544375,16.71,5.344375,5.084375,18.26,4.944375,17.66,89,4388,197,104,96,220,101,201,12,19,11,14,8,15,8,12
1.75,75.325,3.25,2.425,2.55,3.975,2.2,3.675,2.355843797877949,84.7120121352338,4.260281680828158,2.8679260799399975,2.9916550603303182,4.574385204593072,2.6457513110645907,4.424364361125788,70,3013,130,97,102,159,88,147,4.34,7076.624374999999,17.0475,5.074375,5.71,18.284375,4.8975,18.419374999999995,88,4374,194,104,97,216,99,200,12,19,11,14,8,14,8,12
1.75,77.425,3.2,2.4,2.575,4.05,2.15,3.675,2.355843797877949,86.79357695129289,4.165333119931706,2.8460498941515415,3.029026246172192,4.663689526544408,2.588435821108957,4.424364361125788,70,3097,128,96,103,162,86,147,4.55,7471.109375,16.35,5.0375,6.694374999999999,19.9275,5.01,18.419375,86,4445,193,106,104,229,101,204,11,19,11,14,8,15,8,12
1.775,75.375,3.25,2.375,2.55,3.95,2.125,3.7,2.382225849914319,85.05189592243079,4.201190307520001,2.832843094843059,3.024896692450835,4.577116996538323,2.564176280991617,4.4328320518603,71,3015,130,95,102,158,85,148,4.409375,7199.894374999999,16.3275,5.049375,6.590000000000001,19.3875,4.949375000000001,18.3275,90,4551,193,106,105,235,103,207,12,20,11,14,7,16,9,12
1.8,74.7,3.15,2.4,2.5,3.975,2.1,3.575,2.3979157616563596,84.67408104018608,4.129164564412516,2.8460498941515415,2.9916550603303182,4.596194077712559,2.5592967784139455,4.361765697512878,72,2988,126,96,100,159,84,143,4.540000000000001,7143.1775,15.4875,5.0375,6.547499999999999,19.499375,4.9875,17.399375,93,4378,189,106,105,230,105,198,12,19,10,14,7,15,9,11
1.775,74.225,3.125,2.5,2.55,4.0,2.125,3.575,2.39269722280108,84.08581925628125,4.107919181288746,2.9154759474226504,3.0740852297878796,4.620606020859169,2.57390753524675,4.361765697512878,71,2969,125,100,102,160,85,143,4.569375000000001,6962.784375,15.719375,5.0775,6.890000000000001,19.1,4.999375,18.074375,92,4370,187,106,110,226,105,201,12,19,10,14,7,15,9,11
1.7,76.275,3.05,2.55,2.45,4.15,2.05,3.475,2.3130067012440754,86.15697882354046,3.987480407475377,2.9664793948382653,3.0083217912982647,4.748684028233506,2.5298221281347035,4.198213905936666,68,3051,122,102,98,166,82,139,4.4475,7353.719375000001,14.9,5.910000000000001,6.8,20.860000000000003,4.959999999999999,16.859375,90,4428,187,114,115,234,106,199,12,19,11,15,7,16,9,11
1.7,74.2,3.125,2.5,2.325,4.075,2.025,3.45,2.3130067012440754,84.26980479388806,4.0155946010522525,2.949576240750525,2.9025850547399985,4.693080012102926,2.4949949899749297,4.177319714841085,68,2968,125,100,93,163,81,138,4.54,7062.3375,14.969375,5.9775,6.534375,20.524375,4.844375,16.347500000000004,90,4531,183,116,114,243,109,200,12,20,11,15,7,17,9,11
1.675,73.625,3.0,2.425,2.225,4.075,1.925,3.35,2.307596151842865,83.94507132643345,3.905124837953327,2.8853076092507015,2.832843094843059,4.693080012102926,2.4135036772294343,4.104875150354759,67,2945,120,97,89,163,77,134,4.559375,7014.569375000001,13.6875,5.844375,6.399375000000001,20.524375,4.6693750000000005,15.41,87,4354,174,114,110,237,110,194,11,19,10,15,7,16,9,10
1.6,73.075,2.925,2.5,2.325,4.175,1.975,3.375,2.258317958127243,83.2410655866442,3.8373167708699785,2.949576240750525,2.9025850547399985,4.8192323040085965,2.4748737341529163,4.126136207155551,64,2923,117,100,93,167,79,135,4.1975,6807.524375000001,13.569375000000003,5.977499999999999,6.534375,20.899375000000003,4.859375,15.974374999999998,78,4337,172,114,110,236,113,196,10,19,10,15,7,16,9,10
1.475,75.225,2.825,2.425,2.275,4.45,1.925,3.4,2.0554804791094465,85.3831072285379,3.6228441865473595,2.8853076092507015,2.850438562747845,5.123475382979799,2.434132288927617,4.165333119931706,59,3009,113,97,91,178,77,136,3.544375,7211.509375,12.174375,5.844375000000001,6.624375000000001,24.6875,4.874375000000001,16.247500000000002,78,4407,169,115,113,248,117,200,10,19,10,15,8,17,10,10
1.425,73.25,2.85,2.4,2.275,4.3,1.9,3.45,1.9557607215607946,83.68930636586731,3.63318042491699,2.8722813232690143,2.850438562747845,5.004997502496879,2.4186773244895647,4.189272013130682,57,2930,114,96,91,172,76,138,3.2243749999999998,6956.290000000003,12.0975,6.0,6.624374999999999,23.839999999999996,4.85,16.2275,76,4514,171,117,115,258,119,202,10,20,10,16,8,18,10,10
1.425,72.725,2.825,2.45,2.275,4.3,1.85,3.375,1.9557607215607946,83.38450095791184,3.615936946352909,2.924038303442689,2.850438562747845,5.004997502496879,2.3979157616563596,4.162331077653482,57,2909,113,98,91,172,74,135,3.2243749999999998,6912.334375,11.694374999999999,6.1475,6.624375000000001,23.84,4.847499999999999,15.824374999999998,77,4350,163,119,116,252,116,198,10,19,9,16,8,17,9,9
1.425,72.325,2.8,2.45,2.425,4.325,1.925,3.325,1.9557607215607946,82.8937573041541,3.5846896657869842,2.924038303442689,3.1024184114977142,5.032395056034453,2.5049950099750697,4.126136207155551,57,2893,112,98,97,173,77,133,3.2243749999999998,6739.699374999999,11.947500000000002,5.99,7.734375,23.434375,5.009375,15.869375,75,4340,165,115,121,245,116,197,10,19,10,15,8,16,8,9
1.375,74.4,2.725,2.35,2.425,4.475,1.9,3.375,1.9039432764659772,85.0070585304538,3.4241787336527865,2.7838821814150108,3.1024184114977142,5.208166663999915,2.479919353527449,4.22196636651691,55,2976,109,94,97,179,76,135,3.169375,7137.839999999999,10.959375,5.5,8.124375,25.969374999999996,5.15,16.559375,74,4401,166,112,130,259,122,201,10,19,11,15,9,17,9,10
1.35,72.4,2.75,2.3,2.3,4.4,1.925,3.425,1.8973665961010275,83.19975961503735,3.427827300200522,2.7658633371878665,3.0,5.172040216394301,2.5049950099750697,4.23379262600331,54,2896,110,92,92,176,77,137,3.1774999999999998,6867.44,11.0275,5.5475,7.789999999999999,25.75,5.509375,16.544375,73,4502,169,111,131,268,121,206,9,20,12,14,9,18,9,10
1.325,72.075,2.675,2.3,2.275,4.3,1.875,3.4,1.8907670401189038,83.01400484255653,3.3726843908080104,2.7658633371878665,2.979093821953246,5.113707070218238,2.444381312316063,4.224926034855522,53,2883,107,92,91,172,75,136,3.1193750000000002,6841.269374999999,10.424375000000001,5.4,7.719374999999999,25.34,5.2943750000000005,16.41,73,4344,165,108,128,261,123,203,9,19,11,13,8,17,10,9
1.35,71.75,2.725,2.325,2.35,4.425,1.95,3.475,1.91049731745428,82.61174250674053,3.4168699126539774,2.797320146139873,3.0659419433511785,5.222547271207796,2.5199206336708304,4.32145808726638,54,2870,109,93,94,177,78,139,3.0875,6675.859999999999,10.994375000000002,5.499375000000001,7.8375,26.009375,5.539999999999999,17.819375,70,4338,163,109,124,263,123,205,8,19,11,13,7,17,10,9
1.275,73.725,2.675,2.25,2.3,4.55,1.9,3.525,1.8096961070853856,84.6777715814487,3.29772648956823,2.701851217221259,3.0,5.329165037789691,2.479919353527449,4.424364361125788,51,2949,107,90,92,182,76,141,2.819375,7065.774374999999,10.274375000000001,5.4775,7.897499999999999,27.590000000000003,5.4275,18.624374999999997,69,4407,163,113,130,274,125,211,8,19,11,14,8,18,10,9
1.3,71.975,2.65,2.2,2.25,4.475,1.85,3.5,1.8439088914585775,83.19750597223452,3.286335345030997,2.6645825188948455,2.9664793948382653,5.2796780204857185,2.4596747752497685,4.410215414239989,52,2879,106,88,90,179,74,140,2.91,6849.999374999999,10.0775,5.409999999999999,7.8,27.194375,5.41,18.240000000000002,68,4478,168,115,134,278,123,217,7,20,11,15,9,19,10,9
1.3,72.65,2.6,2.15,2.225,4.55,1.85,3.625,1.8439088914585775,83.42032126526486,3.255764119219941,2.6457513110645907,2.9453352950046283,5.300943312279429,2.4596747752497685,4.5083256315399405,52,2906,104,86,89,182,74,145,2.8375,6875.227499999999,9.6975,5.4375,7.724375,27.29,5.327500000000001,19.374374999999997,68,4440,165,116,134,275,120,220,6,20,11,15,9,19,9,10
1.3,73.625,2.65,2.225,2.225,4.65,1.9,3.525,1.8439088914585775,84.30969695118112,3.271085446759225,2.7431733448690405,2.9453352950046283,5.412947441089743,2.539685019840059,4.41871021905714,52,2945,106,89,89,186,76,141,2.8375,7005.609375,9.89,5.769375000000001,7.724375,28.3,5.639999999999999,18.369374999999998,64,4311,165,118,130,270,121,212,6,19,11,14,8,18,9,9
1.2,73.625,2.775,2.25,2.25,4.775,2.0,3.55,1.6733200530681511,84.30969695118112,3.4749100707788108,2.756809750418044,2.9664793948382653,5.6058005672695845,2.6172504656604803,4.455333881989093,48,2945,111,90,90,191,80,142,2.44,7005.609375,11.024375000000001,5.91,7.897499999999999,30.659375,6.21,18.639999999999997,60,4388,171,123,136,284,130,216,6,19,12,14,9,19,10,10
1.25,74.0,2.8,2.25,2.175,4.75,2.05,3.625,1.7320508075688772,84.42748367682174,3.4856850115866753,2.756809750418044,2.9283100928692645,5.60357029044876,2.6362852652928135,4.497221364353772,50,2960,112,90,87,190,82,145,2.5100000000000002,7017.75,10.940000000000001,6.0375,7.524374999999999,30.589999999999996,6.227500000000001,18.844375,62,4538,174,120,135,292,135,218,6,20,12,14,8,19,11,10
1.275,74.325,2.775,2.15,2.225,4.85,2.175,3.675,1.7535677916750183,84.56787215012567,3.4749100707788108,2.6457513110645907,2.962262648719725,5.674504383644443,2.797320146139873,4.530452516029718,51,2973,111,86,89,194,87,147,2.549375,7034.5443749999995,11.024375000000001,5.6775,7.619375,31.2,6.874375000000001,19.474375000000002,62,4471,172,120,136,294,136,224,6,20,12,15,8,19,11,11
1.325,74.0,2.825,2.2,2.225,4.95,2.175,3.825,1.7818529681205462,84.18461854757079,3.531996602489872,2.7202941017470885,2.962262648719725,5.813776741499453,2.797320146139873,4.628714724413247,53,2960,113,88,89,198,87,153,2.5743750000000003,6976.8,11.524375000000001,5.96,7.619375,32.589999999999996,6.874375000000001,20.659375,61,4288,172,120,134,287,132,223,6,19,12,14,8,18,10,11
1.325,74.0,2.95,2.175,2.275,5.05,2.2,4.0,1.7818529681205462,84.18461854757079,3.653765181289022,2.715695122800054,2.9958304357890486,5.932958789676531,2.819574435974337,4.868264577855234,53,2960,118,87,91,202,88,160,2.5743750000000003,6976.8,12.14,5.874375,8.024375000000001,34.2,7.047499999999999,22.597500000000004,60,4351,183,123,139,299,137,238,5,19,13,14,9,18,11,12
1.325,74.125,3.0,2.15,2.3,5.0,2.275,4.0,1.7818529681205462,84.23286175834227,3.681032463861192,2.692582403567252,3.0,5.92452529743945,2.8591956910991594,4.868264577855234,53,2965,120,86,92,200,91,160,2.5743750000000003,6982.284375,12.227500000000001,5.6875,8.0,34.197500000000005,7.124375000000001,22.5975,59,4510,184,119,141,308,142,245,5,20,13,13,10,18,12,12
1.3,74.45,2.975,2.125,2.35,5.05,2.3,4.0,1.760681686165901,84.38512902164693,3.6776351096866584,2.669269563007828,3.0495901363953815,5.9497899122574065,2.8722813232690143,4.868264577855234,52,2978,119,85,94,202,92,160,2.5375,7000.947499999999,12.144375,5.624374999999999,8.197500000000002,34.4,7.147499999999999,22.7,59,4446,186,122,143,306,142,245,6,20,13,14,10,18,12,12
1.375,74.0,3.1,2.2,2.425,5.025,2.375,4.1,1.823458252881047,83.8555305272109,3.7616485747608057,2.819574435974337,3.158322339470751,5.918192291570121,2.962262648719725,4.949747468305833,55,2960,124,88,97,201,95,164,2.8693750000000002,6921.5,13.0475,6.26,8.709375,34.074374999999996,7.509375,23.69,62,4255,188,123,143,294,140,242,7,19,13,14,10,17,11,11
1.45,74.0,3.125,2.2,2.475,5.025,2.325,4.2,1.9235384061671346,83.8555305272109,3.784838173555112,2.819574435974337,3.1898275815473163,5.918192291570121,2.9283100928692645,5.10881590977792,58,2960,125,88,99,201,93,168,3.1375,6921.5,13.169374999999999,6.26,9.124375,34.074374999999996,7.194374999999999,25.1,65,4311,194,128,152,300,144,254,8,19,14,14,11,17,12,12
1.375,74.0,3.125,2.175,2.475,5.05,2.35,4.225,1.7818529681205462,83.8555305272109,3.784838173555112,2.806243040080456,3.1898275815473163,5.92452529743945,2.9410882339705484,5.121035051627747,55,2960,125,87,99,202,94,169,2.719375,6921.5,13.169374999999999,6.374374999999999,9.224374999999998,34.1,7.0875,25.174375,66,4471,197,128,152,308,145,258,8,20,14,14,11,18,12,12
1.275,74.3,3.125,2.15,2.5,5.15,2.325,4.2,1.665833124895768,84.00208330749899,3.784838173555112,2.7838821814150108,3.2015621187164243,5.991660871578097,2.9368350311176825,5.118593556827891,51,2972,125,86,100,206,93,168,2.444375,6939.710000000001,13.169374999999997,6.3100000000000005,9.1475,34.69,7.124375000000001,25.0975,65,4415,191,128,152,308,142,255,8,20,13,15,11,18,12,12
1.275,73.9,3.125,2.075,2.575,5.225,2.225,4.15,1.665833124895768,83.54370113898474,3.784838173555112,2.659887215654077,3.2825295124339706,6.08481717063052,2.797320146139873,5.059644256269407,51,2956,125,83,103,209,89,166,2.444375,6871.389999999999,13.169374999999999,5.809375,9.509375,35.644375000000004,6.559375,24.39,66,4225,189,122,153,298,136,248,8,19,13,14,11,17,11,11
1.3,73.9,3.275,2.075,2.675,5.25,2.225,4.225,1.6881943016134133,83.54370113898474,4.0155946010522525,2.659887215654077,3.342902930089356,6.115553940568262,2.797320146139873,5.155094567512801,52,2956,131,83,107,210,89,169,2.4899999999999998,6871.390000000001,14.624375,5.809375,10.124375,36.0775,6.559375,25.194374999999997,67,4281,202,123,159,307,138,259,8,19,14,14,12,17,12,12
1.3,74.0,3.325,2.025,2.675,5.325,2.25,4.2,1.6881943016134133,83.58438849450297,4.040420770167384,2.6410225292488514,3.342902930089356,6.146136998147698,2.80178514522438,5.142956348249516,52,2960,133,81,107,213,90,168,2.49,6876.1,14.699375,5.819374999999999,9.794374999999999,36.274375,6.640000000000001,25.1275,66,4441,207,124,161,318,138,262,8,20,14,14,12,18,12,12
1.25,74.475,3.275,2.0,2.675,5.325,2.225,4.225,1.6278820596099706,83.8368952192291,4.028026812224566,2.6267851073127395,3.342902930089356,6.146136998147698,2.797320146139873,5.145386282875174,50,2979,131,80,107,213,89,169,2.3475,6908.174375,14.724375,5.797499999999999,9.794374999999999,36.274375,6.669375,25.209375,63,4393,204,124,161,314,134,260,8,20,13,14,12,18,12,12
1.275,74.05,3.25,2.15,2.75,5.3,2.2,4.275,1.6355427233796125,83.36666000266533,4.006245124802026,2.8460498941515415,3.442382895611701,6.115553940568262,2.7477263328068173,5.203364296299078,51,2962,130,86,110,212,88,171,2.399375,6838.6975,14.4875,6.659999999999999,10.2875,35.96,6.4475,25.919375000000002,64,4195,198,125,159,305,130,256,9,19,12,13,11,17,11,11
1.325,74.05,3.375,2.075,2.7,5.325,2.2,4.4,1.695582495781317,83.36666000266533,4.23379262600331,2.779388421937459,3.4132096331752027,6.142068055630775,2.7477263328068173,5.380520420925842,53,2962,135,83,108,213,88,176,2.484375,6838.6975,16.034375,6.099374999999999,9.959999999999999,36.344375,6.4475,27.51,68,4249,209,128,163,311,136,271,10,19,13,13,12,17,12,12
1.425,74.125,3.325,2.075,2.75,5.325,2.175,4.45,1.8641351882307249,83.39499385454741,4.210106887004177,2.779388421937459,3.427827300200522,6.142068055630775,2.7431733448690405,5.417564028232615,57,2965,133,83,110,213,87,178,2.8743749999999997,6841.834375,15.969375,6.224374999999999,9.927499999999998,36.344375,6.369375000000001,27.7875,69,4402,215,126,164,319,135,272,10,20,13,12,12,18,11,12
1.45,74.6,3.375,2.075,2.85,5.375,2.225,4.45,1.8708286933869707,83.65942863778116,4.22196636651691,2.779388421937459,3.5425979167836705,6.174544517614234,2.8151376520518494,5.417564028232615,58,2984,135,83,114,215,89,178,2.8600000000000003,6875.69,15.934375,6.099374999999999,10.4475,36.624375,6.659375,27.7875,73,4361,213,122,163,317,138,274,10,20,13,12,12,18,11,13
1.45,74.075,3.45,2.05,2.75,5.3,2.275,4.45,1.8708286933869707,83.08956011437297,4.301162633521313,2.7386127875258306,3.398529093593286,6.0950799830683104,2.850438562747845,5.417564028232615,58,2963,138,82,110,212,91,178,2.8600000000000003,6792.0443749999995,16.81,5.9375,9.7275,35.8275,6.744375,27.7875,72,4157,211,122,154,302,137,264,10,19,13,12,11,17,11,12
1.475,74.075,3.425,2.1,2.625,5.325,2.275,4.475,1.9039432764659772,83.08956011437297,4.263214749458442,2.792848008753788,3.305298776207682,6.125765258316711,2.850438562747845,5.461226968365259,59,2963,137,84,105,213,91,179,2.769375,6792.0443749999995,16.549375,6.590000000000001,8.749375,36.259375,6.744375,28.199375000000003,70,4205,220,129,152,306,138,272,9,19,14,13,11,17,11,13
1.5,74.275,3.425,2.1,2.65,5.35,2.25,4.475,1.9493588689617927,83.17616846188577,4.263214749458442,2.792848008753788,3.3090784215548594,6.135959582656978,2.8372521918222215,5.461226968365259,60,2971,137,84,106,214,90,179,2.8975,6802.174375,16.549375,6.6975,8.8475,36.3275,6.839999999999999,28.199374999999996,66,4370,217,131,152,315,137,278,8,20,14,13,11,18,11,13
1.45,74.825,3.425,2.075,2.675,5.3,2.3,4.475,1.9235384061671346,83.47319929174873,4.263214749458442,2.779388421937459,3.3203915431767985,6.111464636239009,2.8548204847240397,5.461226968365259,58,2993,137,83,107,212,92,179,2.7,6839.519374999999,16.419375000000002,6.6743749999999995,8.849375,36.14,6.827500000000001,28.199375000000003,68,4325,218,131,150,315,138,274,8,20,14,14,11,18,11,13
1.5,74.425,3.475,2.1,2.65,5.325,2.35,4.525,1.9493588689617927,83.05525269361354,4.30987238790199,2.819574435974337,3.278719262151,6.1339220731926485,2.9068883707497264,5.524943438624508,60,2977,139,84,106,213,94,181,2.6975000000000002,6778.819375000001,16.949375,6.847500000000001,8.647499999999999,36.359375,7.010000000000001,29.024375,69,4126,216,127,147,307,138,271,8,19,14,13,11,17,11,12
1.55,74.425,3.525,2.1,2.725,5.375,2.425,4.775,2.0,83.05525269361354,4.378926809162263,2.819574435974337,3.3128537546954893,6.198790204547981,2.9453352950046283,5.96028522807424,62,2977,141,84,109,215,97,191,2.6775,6778.819375000001,17.419375000000002,6.847499999999999,9.084375,37.269375,7.409375,33.349374999999995,70,4169,226,132,155,313,142,292,8,19,15,14,12,17,12,13
1.65,74.55,3.5,2.1,2.725,5.4,2.425,4.725,2.1447610589527217,83.11317585076388,4.364630568559039,2.819574435974337,3.3128537546954893,6.2088646305101545,2.9453352950046283,5.943483826847685,66,2982,140,84,109,216,97,189,2.91,6785.6975,17.36,6.847499999999999,9.084375,37.339999999999996,7.409375,33.294374999999995,71,4337,229,135,158,322,145,304,8,20,15,14,12,18,13,13
1.675,75.175,3.5,2.075,2.75,5.4,2.475,4.75,2.1505813167606567,83.47709266619196,4.364630568559039,2.8151376520518494,3.3166247903554,6.2088646305101545,2.962262648719725,5.9497899122574065,67,3007,140,83,110,216,99,190,2.9993749999999997,6832.119375,17.4875,6.874375000000001,9.040000000000001,37.339999999999996,7.394374999999999,33.5775,77,4297,229,132,155,321,142,302,9,20,15,14,12,18,13,13
1.75,74.775,3.45,2.05,2.75,5.35,2.45,4.8,2.202271554554524,83.05434967537823,4.3531597719357835,2.7838821814150108,3.3166247903554,6.15223536610881,2.932575659723036,5.991660871578097,70,2991,138,82,110,214,98,192,3.0275,6770.899375000001,17.259999999999998,6.75,9.040000000000001,36.7475,7.277500000000001,34.209999999999994,80,4093,222,132,152,303,138,295,10,19,14,14,11,17,12,12
1.75,74.775,3.525,2.075,2.725,5.275,2.475,4.85,2.202271554554524,83.05434967537823,4.48051336344397,2.797320146139873,3.305298776207682,6.035312750802563,2.9453352950046283,6.058052492344384,70,2991,141,83,109,211,99,194,3.1599999999999997,6770.899375000001,18.184375,6.969375000000001,8.894375,35.159375,7.409375,34.877500000000005,82,4140,227,135,154,305,141,306,11,19,14,14,12,17,13,13
1.75,74.75,3.55,2.075,2.775,5.3,2.475,4.9,2.202271554554524,83.04456634843727,4.494441010848846,2.797320146139873,3.3354160160315836,6.041522986797286,2.9453352950046283,6.0909769331364245,70,2990,142,83,111,212,99,196,3.16,6769.8375,18.240000000000002,6.874375000000001,8.949375,35.1775,7.409375,35.14,84,4294,233,133,157,311,143,307,12,20,14,14,13,18,13,13
1.75,75.45,3.525,2.1,2.825,5.275,2.525,4.925,2.202271554554524,83.4817345291771,4.4860896112315904,2.8372521918222215,3.3800887562311144,6.022873068561216,2.962262648719725,6.093028803476971,70,3018,141,84,113,211,101,197,3.16,6826.397499999999,18.369374999999998,7.05,9.099375,35.009375,7.394374999999999,35.234375,85,4272,231,134,152,312,139,311,12,20,13,14,13,18,13,14
1.8,74.875,3.55,2.15,2.675,5.3,2.575,4.95,2.224859546128699,82.9115492558184,4.511097427455985,2.8722813232690143,3.150396800404673,6.04979338490167,3.0618621784789726,6.103277807866851,72,2995,142,86,107,212,103,198,3.1275,6744.934375,18.66,7.147499999999999,8.034375,35.2775,7.874374999999999,35.427499999999995,85,4056,225,135,143,300,137,302,12,19,12,14,12,17,12,13
1.775,74.875,3.625,2.15,2.65,5.275,2.6,5.0,2.219234102117215,82.9115492558184,4.6341126442934035,2.8722813232690143,3.1304951684997055,6.014565653478229,3.082207001484488,6.18465843842649,71,2995,145,86,106,211,104,200,3.034375,6744.934375,19.584375,7.347499999999999,7.840000000000001,34.794375,8.059999999999999,36.29,86,4091,232,138,144,305,146,309,12,19,12,15,13,17,13,14
1.8,74.85,3.6,2.175,2.725,5.3,2.575,4.95,2.224859546128699,82.90084438653204,4.631414470763764,2.876629972728505,3.1662280397975127,6.020797289396148,3.0618621784789726,6.176568626672903,72,2994,144,87,109,212,103,198,2.9900000000000007,6743.727500000001,19.490000000000002,7.419375,7.849374999999999,34.809999999999995,7.619375,36.3275,87,4248,239,138,147,315,146,317,12,20,12,15,14,18,13,14
1.825,75.5,3.575,2.225,2.7,5.325,2.55,4.925,2.2304708023195463,83.32316604642433,4.628714724413247,2.9111853256019273,3.1543620591175006,6.027022482121666,3.0495901363953815,6.174544517614234,73,3020,143,89,108,213,102,197,3.084375,6798.75,19.534375,7.524375000000001,7.847499999999999,34.824374999999996,7.609999999999999,36.234375,87,4225,234,139,146,309,145,311,13,20,12,16,14,18,13,14
1.775,74.875,3.575,2.25,2.7,5.275,2.525,4.875,2.207940216581962,82.69446777142954,4.628714724413247,2.949576240750525,3.1543620591175006,5.977039400907443,3.020761493398643,6.125765258316711,71,2995,143,90,108,211,101,195,3.1193750000000002,6708.984375,19.534375,7.7,7.847499999999999,34.344375,7.499375000000001,35.494375,87,4006,227,135,142,298,144,299,13,19,11,15,13,17,13,13
1.8,74.875,3.625,2.3,2.725,5.275,2.6,4.9,2.224859546128699,82.69446777142954,4.714339826529267,3.0,3.181980515339464,5.977039400907443,3.082207001484488,6.168468205316454,72,2995,145,92,109,211,104,196,3.1275,6708.984375,20.194375,8.0975,8.094375000000001,34.344375,8.1775,35.947500000000005,87,4041,234,141,147,301,150,307,13,19,12,15,13,17,14,14
1.825,74.875,3.675,2.325,2.725,5.225,2.65,4.85,2.2638462845343543,82.69446777142954,4.73550419702063,3.0124740662784135,3.181980515339464,5.968668193156661,3.0983866769659336,6.160357132504576,73,2995,147,93,109,209,106,194,3.234375,6708.984375,20.249375,8.309375,8.234375,34.359375,8.16,35.989999999999995,87,4199,240,142,149,307,155,310,13,20,12,15,13,17,15,13
1.8,75.7,3.675,2.375,2.85,5.275,2.675,4.75,2.258317958127243,83.26613957666105,4.73550419702063,3.029026246172192,3.3541019662496847,6.002082971769051,3.110466202999158,6.0950799830683104,72,3028,147,95,114,211,107,190,3.2775,6784.409999999998,20.394375000000004,8.319374999999999,9.0,34.644375000000004,8.174375,34.9,91,4182,241,141,155,307,151,308,13,20,12,16,14,17,15,13
1.775,74.85,3.725,2.375,2.85,5.2,2.625,4.8,2.252776065213762,82.45574570640908,4.767074574621211,3.029026246172192,3.3541019662496847,5.920304046246273,3.0454884665682123,6.119640512317697,71,2994,149,95,114,208,105,192,3.319375,6670.1275,20.834375,8.319375,9.0,33.839999999999996,7.894374999999999,35.347500000000004,89,3971,234,137,151,288,143,301,12,19,11,15,13,16,14,12
1.8,74.85,3.75,2.35,2.85,5.125,2.575,4.925,2.2693611435820435,82.45574570640908,4.811444689487764,3.0166206257996713,3.3541019662496847,5.798706752371601,2.9958304357890486,6.310705190388789,72,2994,150,94,114,205,103,197,3.1900000000000004,6670.1275,21.19,8.1975,9.0,32.244375000000005,7.474374999999999,37.344375,87,3999,241,142,155,290,142,314,11,19,12,16,14,17,14,13
1.75,74.85,3.7,2.325,2.9,5.175,2.55,4.925,2.224859546128699,82.45574570640908,4.801041553663121,3.0124740662784135,3.3689761055846033,5.807322963293845,2.9832867780352594,6.310705190388789,70,2994,148,93,116,207,102,197,3.1275,6670.1275,21.2275,8.124375,8.9475,32.224374999999995,7.459999999999999,37.344375,87,4151,247,141,157,294,141,314,11,20,12,15,15,18,14,12
1.725,75.8,3.7,2.425,2.925,5.2,2.4,4.875,2.207940216581962,83.16700066733199,4.801041553663121,3.110466202999158,3.3948490393535913,5.835237784358063,2.8284271247461903,6.286891123599962,69,3032,148,97,117,208,96,195,3.2493749999999997,6765.460000000001,21.09,8.519375,9.044374999999999,32.4875,6.897499999999999,36.884375,89,4148,244,142,159,295,140,318,12,20,12,15,15,18,14,13
1.7,74.925,3.675,2.375,2.95,5.15,2.4,4.875,2.1908902300206643,82.36883512591398,4.777551674236501,3.0454884665682123,3.420526275297414,5.757603668193912,2.8284271247461903,6.286891123599962,68,2997,147,95,118,206,96,195,3.2375,6654.094375000001,20.794375,8.224375,9.139999999999999,31.709999999999997,6.897499999999999,36.884375,90,3951,238,139,153,277,137,306,13,19,11,15,14,17,13,12
1.675,74.925,3.75,2.475,2.975,5.1,2.325,4.975,2.185177338341216,82.36883512591398,4.893873721296862,3.110466202999158,3.4460121880225554,5.68770604022395,2.7883686987197374,6.474951737271869,67,2997,150,99,119,204,93,199,3.2743750000000005,6654.094375000001,21.7,8.819374999999999,9.394375,30.7875,6.509375,38.949374999999996,89,3974,248,144,157,283,135,318,12,19,12,16,14,18,12,13
1.675,74.9,3.75,2.45,2.975,5.175,2.325,4.95,2.185177338341216,82.35836326688383,4.893873721296862,3.0983866769659336,3.4460121880225554,5.707451270050407,2.7883686987197374,6.469157595854347,67,2996,150,98,119,207,93,198,3.2743750000000005,6652.94,21.7,8.6975,9.394375,30.81937499999999,6.509375,38.96,88,4124,251,143,159,289,137,328,11,20,12,15,15,19,12,13
1.675,75.725,3.75,2.5,2.9,5.15,2.35,5.0,2.185177338341216,82.98207637797454,4.893873721296862,3.146426544510455,3.391164991562634,5.692099788303083,2.8106938645110393,6.48459713474939,67,3029,150,100,116,206,94,200,3.2743750000000005,6736.574374999999,21.7,8.9,9.25,30.71,6.577500000000001,39.3275,86,4125,249,143,157,286,134,327,11,20,12,16,15,19,12,13
1.625,74.675,3.775,2.325,2.85,5.1,2.325,5.025,2.138924963620744,82.1043543303277,4.921889880929886,2.9453352950046283,3.3166247903554,5.639148871948674,2.7703790354390136,6.509608283145768,65,2987,151,93,114,204,93,201,2.949375,6616.244375,22.049374999999998,7.994375,8.897499999999999,30.2375,6.409375,39.734375,81,3939,246,140,151,274,129,315,11,19,11,16,14,18,11,12
1.65,74.675,4.0,2.45,2.825,5.15,2.35,5.1,2.1908902300206643,82.1043543303277,5.296225070746145,3.0495901363953815,3.29772648956823,5.709640969448079,2.7838821814150108,6.640783086353597,66,2987,160,98,113,206,94,204,3.1100000000000003,6616.244375,25.160000000000004,8.809999999999999,8.699375,31.160000000000004,6.540000000000001,41.21,85,3953,261,144,155,279,132,328,12,19,12,16,15,18,12,13
1.6,74.65,4.1,2.45,2.85,5.175,2.35,5.05,2.16794833886788,82.09415326318921,5.333854141237834,3.0495901363953815,3.3090784215548594,5.720576893985431,2.7838821814150108,6.6257075093909785,64,2986,164,98,114,207,94,202,3.1375,6615.1275,25.21,8.7375,8.8475,31.224375,6.540000000000001,41.339999999999996,88,4100,269,147,152,287,134,339,12,20,12,16,15,19,13,14
1.625,75.625,4.15,2.575,2.875,5.15,2.45,5.075,2.173706511928416,82.88018460404152,5.352569476429054,3.228776858192588,3.3279122584587473,5.6964901474504455,2.8548204847240397,6.627593831851798,65,3025,166,103,115,206,98,203,3.0993749999999998,6722.109375,25.2275,9.659375,8.899375000000001,31.01,6.710000000000001,41.444375,88,4112,263,152,154,286,134,334,12,20,11,16,16,19,13,14
1.6,74.575,4.15,2.575,2.85,5.075,2.475,5.075,2.16794833886788,82.02697726967635,5.352569476429054,3.228776858192588,3.2939338184001206,5.596874127582288,2.876629972728505,6.627593831851798,64,2983,166,103,114,203,99,203,3.1375,6605.769374999999,25.2275,9.659375,8.747499999999999,30.059375,6.774375000000001,41.444375,88,3937,257,152,146,270,131,325,12,19,11,15,15,18,12,13
1.625,74.575,4.0,2.6,2.8,5.075,2.525,5.125,2.19658826364888,82.02697726967635,5.181698563212646,3.24037034920393,3.248076353782343,5.596874127582288,2.9283100928692645,6.6951474965081985,65,2983,160,104,112,203,101,205,3.199375,6605.769374999999,23.96,9.7775,8.3,30.059375,7.194374999999999,42.184375,90,3947,260,156,145,272,137,334,12,19,12,16,15,18,13,14
1.625,74.5,3.95,2.65,2.75,5.0,2.525,5.1,2.19658826364888,81.99542670173746,5.162363799656123,3.255764119219941,3.2171415884290826,5.563272418280449,2.9283100928692645,6.689544080129826,65,2980,158,106,110,200,101,204,3.1993750000000003,6602.25,23.9275,9.79,8.389999999999999,29.847500000000007,7.074374999999999,42.19,92,4089,259,159,145,279,141,340,12,20,12,17,15,19,14,14
1.65,75.4,4.0,2.7,2.825,5.075,2.575,5.075,2.2135943621178655,82.78194247539737,5.172040216394301,3.286335345030997,3.29772648956823,5.610258461069329,2.9453352950046283,6.687675231349083,66,3016,160,108,113,203,103,203,3.21,6711.240000000001,24.19,9.897499999999999,8.699375,30.209375,7.049375,42.084375,91,4116,259,154,147,278,137,335,11,20,12,17,16,19,14,14
1.65,74.325,4.1,2.575,2.8,5.05,2.5,5.0,2.2135943621178655,81.96630405233604,5.267826876426369,3.110466202999158,3.255764119219941,5.58121850495033,2.8548204847240397,6.6257075093909785,66,2973,164,103,112,202,100,200,3.0774999999999997,6601.2943749999995,25.5,8.994375,8.497499999999999,29.939999999999998,6.709999999999999,41.010000000000005,88,3954,251,147,140,265,129,322,10,19,11,16,15,18,13,13
1.575,74.3,4.025,2.6,2.8,5.075,2.425,5.0,2.1621748310439655,81.9277120393338,5.145386282875174,3.122498999199199,3.255764119219941,5.6147128154519175,2.8151376520518494,6.6257075093909785,63,2972,161,104,112,203,97,200,3.049375,6594.4275,24.444375,9.110000000000001,8.4975,30.369374999999998,6.299375,41.010000000000005,87,3961,256,151,143,270,128,331,10,19,12,17,16,18,13,14
1.475,74.375,4.025,2.625,2.8,5.05,2.45,5.025,2.018662923818635,81.95928867431684,5.145386282875174,3.1344856037314957,3.255764119219941,5.608029957123981,2.819574435974337,6.646427611882943,59,2975,161,105,112,202,98,201,2.694375,6597.969375000001,24.444375,9.224375,8.4975,30.347500000000007,6.3875,41.199374999999996,84,4100,261,149,142,276,124,329,10,20,12,16,16,19,13,13
1.525,75.1,4.05,2.7,2.75,5.1,2.425,5.1,2.0676073128135335,82.58056672123291,5.157518783291051,3.1937438845342623,3.1780497164141406,5.661271941887264,2.779388421937459,6.674578638386096,61,3004,162,108,110,204,97,204,2.774375,6683.827500000001,24.910000000000004,9.477500000000001,8.14,30.840000000000003,6.224374999999999,41.8275,85,4125,257,152,141,282,127,335,10,20,11,17,16,19,14,14
1.575,73.925,4.0,2.725,2.775,5.1,2.4,5.125,2.091650066335189,81.77270326948963,5.10881590977792,3.228776858192588,3.2054640849649214,5.661271941887264,2.756809750418044,6.6951474965081985,63,2957,160,109,111,204,96,205,2.9943750000000002,6577.049375,24.2775,9.659375,8.244375,30.839999999999996,6.160000000000001,42.184375,87,3970,246,145,138,271,124,322,11,19,10,16,16,18,13,13
1.575,73.55,4.075,2.725,2.825,5.1,2.375,5.15,2.091650066335189,81.22284161490535,5.217758139277826,3.228776858192588,3.2210246816812815,5.661271941887264,2.7431733448690405,6.734240862933253,63,2942,163,109,113,204,95,206,2.9943750000000002,6479.4275,25.194375,9.269375,8.199375,30.839999999999996,6.024375,42.6275,91,3948,257,143,139,273,126,331,12,19,11,16,16,18,13,14
1.525,73.375,3.975,2.7,2.875,5.075,2.4,5.15,2.018662923818635,81.14416183558741,5.179285665031424,3.22490309931942,3.2519225083018197,5.65022123460666,2.756809750418044,6.734240862933253,61,2935,159,108,115,203,96,206,2.809375,6470.419375,25.069375,9.19,8.544374999999999,30.769374999999997,5.909999999999999,42.6275,88,4077,263,145,141,282,126,338,12,20,11,15,17,19,13,14
1.55,74.225,4.0,2.7,2.9,5.125,2.475,5.175,2.0248456731316584,81.90528066004048,5.186520991955976,3.22490309931942,3.271085446759225,5.676706791793989,2.850438562747845,6.73609679265374,62,2969,160,108,116,205,99,207,2.7775000000000003,6575.649374999999,25.3375,9.190000000000001,8.5975,30.959375,6.234375,42.734375,87,4111,259,142,144,280,127,333,12,20,10,15,18,19,13,14
1.6,72.975,3.95,2.65,2.925,5.05,2.425,5.05,2.0976176963403033,81.07696960296433,5.1478150704935,3.1622776601683795,3.3128537546954893,5.616938667993447,2.797320146139873,6.6332495807108,64,2919,158,106,117,202,97,202,2.96,6467.899374999999,24.81,8.897499999999999,8.799375000000001,30.44750000000001,6.069375000000001,40.9375,89,3966,248,135,139,266,123,312,12,19,9,14,17,18,12,13
1.6,72.575,4.0,2.575,2.9,5.05,2.4,4.9,2.0976176963403033,80.48773198444593,5.224940191045253,3.1024184114977142,3.2939338184001206,5.616938667993447,2.7748873851023217,6.356099432828281,64,2903,160,103,116,202,96,196,2.96,6364.319375000001,25.4775,8.359375,8.6,30.4475,5.8774999999999995,37.839999999999996,88,3938,255,135,144,266,121,310,12,19,10,15,18,18,12,14
1.525,72.475,4.0,2.6,2.9,5.05,2.325,4.925,1.9685019685029528,80.43926280119678,5.224940191045253,3.1064449134018135,3.2939338184001206,5.616938667993447,2.734044622898463,6.361996541966995,61,2899,160,104,116,202,93,197,2.609375,6358.644374999999,25.4775,8.3275,8.6,30.4475,5.849375,37.834375,83,4066,259,137,145,276,122,314,11,20,10,16,18,19,12,14
1.5,73.325,4.0,2.625,3.025,5.025,2.45,5.0,1.9621416870348585,81.25930715924176,5.224940191045253,3.110466202999158,3.4241787336527865,5.596874127582288,2.932575659723036,6.4031242374328485,60,2933,160,105,121,201,98,200,2.5275,6472.544375,25.339999999999996,8.294374999999999,9.084375,30.274375,6.640000000000001,38.5975,81,4105,259,134,148,276,128,317,10,20,10,16,18,19,12,15
1.425,71.725,4.125,2.625,2.975,5.0,2.4,4.975,1.9039432764659772,80.30862344729861,5.28441103624614,3.110466202999158,3.3800887562311144,5.572252686302013,2.898275349237888,6.381614215854794,57,2869,165,105,119,200,96,199,2.4693750000000003,6352.944375,26.299374999999998,8.294374999999999,8.944375,30.05,6.577500000000001,38.244375000000005,77,3977,256,131,147,263,129,302,9,19,11,15,17,18,11,14
1.425,71.075,4.05,2.625,3.025,4.975,2.375,4.925,1.9039432764659772,79.38057067066222,5.176871642217914,3.110466202999158,3.409545424246464,5.5385016024191955,2.8853076092507015,6.318623267769649,57,2843,162,105,121,199,95,197,2.359375,6191.549375,25.359999999999996,8.294374999999999,9.299375000000001,29.624374999999997,6.434375,37.599374999999995,74,3935,261,133,148,265,128,310,8,19,12,15,17,18,11,15
1.375,71.275,4.075,2.625,2.95,4.925,2.35,4.875,1.8506755523321747,79.47122120616997,5.1937462394691565,3.110466202999158,3.3763886032268267,5.529466520379701,2.8809720581775866,6.286891123599962,55,2851,163,105,118,197,94,195,2.269375,6201.719375000001,25.474375,8.409375,9.297500000000001,29.624374999999997,6.477500000000001,37.349375,72,4042,259,130,150,270,128,308,8,20,12,15,17,18,11,14
1.35,71.975,4.15,2.55,2.95,5.025,2.425,4.975,1.8439088914585775,80.17278216452264,5.229722745997153,3.024896692450835,3.3763886032268267,5.636931789546508,2.9706901555025893,6.334429729659964,54,2879,166,102,118,201,97,199,2.2975,6298.284375,26.027499999999996,8.0475,9.2975,30.61937499999999,6.794375,38.234375,72,4091,263,131,152,275,128,314,8,20,13,16,17,18,11,15
1.3,70.475,4.075,2.625,3.0,4.925,2.275,5.025,1.816590212458495,79.40198360242645,5.179285665031424,3.1344856037314957,3.420526275297414,5.547521969312064,2.7613402542968153,6.365924913160694,52,2819,163,105,120,197,91,201,2.3,6207.159375,25.324374999999996,8.559375,9.45,29.824375000000003,5.999375000000001,38.769375000000004,70,3976,251,130,148,265,122,300,8,19,12,15,16,17,10,14
1.3,69.625,4.025,2.65,3.0,4.9,2.225,5.0,1.816590212458495,78.215567504174,5.101470376273883,3.1543620591175006,3.420526275297414,5.513619500836088,2.7248853186877424,6.324555320336759,52,2785,161,106,120,196,89,200,2.3,6002.649375000001,24.644375,8.739999999999998,9.45,29.4,5.669375,38.309999999999995,69,3918,251,138,149,265,119,304,8,19,13,16,16,17,9,15
1.275,69.6,4.075,2.7,2.925,4.9,2.2,5.0,1.8096961070853856,78.20453951018445,5.111262075065218,3.1859064644147983,3.3874769371908644,5.513619500836088,2.711088342345192,6.324555320336759,51,2784,163,108,117,196,88,200,2.324375,6001.46,24.624375,8.709999999999999,9.444375,29.4,5.660000000000001,38.31,67,4013,256,140,149,274,120,314,7,20,13,16,16,18,9,15
1.3,70.3,4.15,2.625,2.925,4.975,2.3,5.125,1.8303005217723127,78.92623138095472,5.13322510708424,3.150396800404673,3.3874769371908644,5.561025085359713,2.819574435974337,6.373774391990981,52,2812,166,105,117,199,92,205,2.4475000000000002,6099.390000000001,25.0275,8.659375,9.444374999999999,29.769374999999997,5.99,39.244375,68,4070,257,141,146,274,122,314,7,20,13,16,16,18,9,15
1.35,68.625,4.1,2.6,2.875,4.975,2.275,5.05,1.857417562100671,78.12633998850836,5.103920062069938,3.1144823004794873,3.3279122584587473,5.561025085359713,2.797320146139873,6.332456079595025,54,2745,164,104,115,199,91,202,2.45,6009.149375,24.61,8.49,9.184375,29.769374999999997,5.934375,38.5375,70,3963,245,136,139,262,118,301,8,19,12,15,15,17,8,14
1.4,67.4,4.125,2.525,2.8,4.975,2.225,5.025,1.9364916731037085,76.50228754749756,5.150242712727236,3.053686296920494,3.271085446759225,5.561025085359713,2.7431733448690405,6.290866395020641,56,2696,165,101,112,199,89,201,2.6475,5732.697499999999,25.024375,7.824374999999999,8.5975,29.76937499999999,5.494375,38.074374999999996,70,3882,251,137,140,267,116,302,8,19,13,15,16,18,8,15
1.325,67.325,4.075,2.475,2.8,5.025,2.175,5.1,1.8371173070873836,76.46845754950208,5.130789412946121,3.037268509697488,3.271085446759225,5.570008976653448,2.7248853186877424,6.308724118235001,53,2693,163,99,112,201,87,204,2.424375,5729.159375,24.944375,7.599375,8.5975,29.759375,5.534375,38.11,69,3955,256,134,132,271,118,307,8,20,13,14,15,19,8,15
1.35,67.7,4.15,2.5,2.725,5.075,2.25,5.175,1.8439088914585775,76.86709308930578,5.167204273105526,3.057776970284131,3.142451272494134,5.623610939600996,2.819574435974337,6.350196847342608,54,2708,166,100,109,203,90,207,2.4,5781.9875,25.49,7.659999999999999,7.984375,30.244375,5.8475,38.824374999999996,69,3999,258,134,134,276,122,313,8,20,13,14,16,19,8,16
1.375,66.2,4.125,2.475,2.675,5.075,2.2,5.175,1.8506755523321747,76.24008132209724,5.150242712727236,3.020761493398643,3.09434968935316,5.623610939600996,2.7838821814150108,6.350196847342608,55,2648,165,99,107,203,88,207,2.4743749999999998,5717.4875,25.259375,7.499375000000001,8.074375,30.244375,5.790000000000001,38.824375,69,3897,246,129,133,265,121,298,9,19,12,13,16,18,7,15
1.35,65.0,4.075,2.5,2.65,4.975,2.2,5.1,1.8303005217723127,74.60127344757595,5.071981861166304,3.03315017762062,3.0740852297878796,5.5158861482086445,2.7838821814150108,6.224949798994366,54,2600,163,100,106,199,88,204,2.4475,5445.447499999999,24.569375,7.6375,7.8875,28.799375000000005,5.79,37.427499999999995,70,3817,247,134,128,264,121,303,10,19,13,14,15,18,7,16
1.35,64.85,4.15,2.6,2.625,5.0,2.2,5.05,1.8303005217723127,74.53891601036334,5.094114250780011,3.0983866769659336,3.0618621784789726,5.527205442174192,2.7838821814150108,6.2008063991709985,54,2594,166,104,105,200,88,202,2.4475000000000002,5439.41,24.627499999999998,7.777500000000001,7.874375000000001,28.860000000000003,5.79,37.45,68,3877,250,135,129,266,123,308,9,20,13,15,15,19,7,16
1.4,64.35,4.15,2.525,2.575,4.975,2.325,5.125,1.8841443681416772,74.06112340492818,5.094114250780011,3.0124740662784135,3.0124740662784135,5.497726802961384,2.8939592256975564,6.242996075603444,56,2574,166,101,103,199,93,205,2.4475000000000002,5378.960000000001,24.627499999999998,7.449375000000001,7.694375000000001,28.599375,6.0493749999999995,38.11937499999999,68,3887,247,135,130,268,123,307,8,20,13,15,15,19,7,16
1.45,63.15,4.05,2.525,2.6,4.875,2.3,5.025,1.9364916731037085,73.5081628120306,5.054700782440045,3.0124740662784135,3.0495901363953815,5.387485498820391,2.8635642126552705,6.178592072632728,58,2526,162,101,104,195,92,201,2.54,5320.639999999999,23.9875,7.449375000000001,7.859999999999999,27.644375000000004,5.95,37.124375,67,3753,235,129,125,255,121,290,8,19,12,14,14,18,7,15
1.5,61.575,3.95,2.425,2.55,4.8,2.325,4.825,1.9621416870348585,71.4326605972366,4.914264950122246,2.9453352950046283,3.0,5.310367218940701,2.8679260799399975,5.845938761225608,60,2463,158,97,102,192,93,193,2.5275,4988.669375,22.8275,6.784375,7.4375,26.6375,6.0493749999999995,33.494375000000005,67,3666,234,129,127,253,122,285,8,19,12,14,14,18,8,16
1.525,61.425,3.95,2.45,2.55,4.75,2.275,4.85,1.981161275615895,71.36753463585526,4.914264950122246,2.958039891549808,3.0,5.291502622129181,2.832843094843059,5.852349955359813,61,2457,158,98,102,190,91,194,2.424375,4982.549375,22.827499999999997,6.647499999999999,7.4375,26.6775,5.994375,33.6875,65,3713,233,126,130,256,124,289,7,20,12,13,14,18,8,17
1.5,59.725,4.05,2.375,2.525,4.75,2.225,4.825,1.9748417658131499,70.28744553616954,4.954795656734998,2.8939592256975564,2.9958304357890486,5.291502622129181,2.797320146139873,5.841660722773962,60,2389,162,95,101,190,89,193,2.46,4871.849375,22.9875,6.484375,7.474374999999999,26.6775,5.934375,33.359375,65,3721,228,123,128,258,123,289,6,21,12,13,14,18,8,17
1.65,59.125,3.95,2.425,2.475,4.7,2.225,4.7,2.258317958127243,69.97946127257626,4.873397172404482,2.9111853256019273,2.9453352950046283,5.253570214625479,2.797320146139873,5.744562646538029,66,2365,158,97,99,188,89,188,3.1399999999999997,4838.219375,21.6475,6.444374999999999,7.294375,26.389999999999997,5.934375,31.79,66,3581,211,119,124,244,120,269,5,21,11,13,13,17,7,16
1.55,56.625,3.625,2.325,2.45,4.5,2.175,4.425,2.1213203435596424,67.17235294375209,4.41871021905714,2.806243040080456,2.932575659723036,5.059644256269407,2.779388421937459,5.373546315051169,62,2265,145,93,98,180,87,177,2.81,4379.2993750000005,18.259375,5.549375,7.0375,23.777499999999996,5.694375,28.194375,67,3424,204,116,125,234,120,255,5,20,11,13,13,16,6,15
1.575,57.15,3.575,2.375,2.425,4.575,2.2,4.45,2.1272047386182646,67.51148050517038,4.384632253678751,2.8416544476765644,2.9197602641312868,5.125914552545721,2.80178514522438,5.380520420925842,63,2286,143,95,97,183,88,178,2.769375,4412.597500000001,18.274375,5.594375,6.899375000000001,24.244375,5.7475,28.310000000000002,66,3398,205,114,122,237,121,259,5,20,11,14,12,16,6,15
1.575,57.325,3.55,2.275,2.525,4.55,2.175,4.45,2.1272047386182646,67.74308082749116,4.370354676682432,2.659887215654077,3.086259872402193,5.103920062069938,2.7703790354390136,5.380520420925842,63,2293,142,91,101,182,87,178,2.769375,4531.744375,18.377499999999998,5.319374999999999,8.474375,24.61,6.0493749999999995,28.310000000000002,65,3505,196,116,127,246,126,256,5,21,10,15,12,17,7,15
1.7,57.95,3.575,2.275,2.45,4.45,2.175,4.575,2.2693611435820435,68.28067076413353,4.407380174207803,2.659887215654077,3.024896692450835,5.024937810560445,2.7703790354390136,5.552026656996524,68,2318,143,91,98,178,87,183,3.0475000000000003,4640.6275,18.044374999999995,5.319374999999999,8.34,24.25,6.049375,29.444375,66,3354,196,117,127,234,125,252,5,20,10,15,11,16,7,15
1.625,56.45,3.525,2.25,2.5,4.325,2.1,4.35,2.219234102117215,66.11542936410532,4.384632253678751,2.6457513110645907,3.0740852297878796,4.886205071423016,2.701851217221259,5.324471804789654,65,2258,141,90,100,173,84,174,3.034375,4281.0,17.959375,5.1775,8.727500000000001,22.249374999999997,5.477500000000001,27.4475,69,3332,200,117,129,230,124,252,5,20,10,15,11,15,7,15
1.6,57.575,3.625,2.275,2.625,4.4,2.175,4.425,2.2135943621178655,67.05315055983574,4.452527372178637,2.669269563007828,3.2132538026119257,4.924428900898052,2.7703790354390136,5.3595708783446465,64,2303,145,91,105,176,87,177,3.0774999999999997,4383.234375,18.874374999999997,5.234375,9.274375000000001,22.4275,5.644375,28.044375000000002,68,3286,203,120,133,227,128,256,5,20,11,16,11,15,8,15
1.6,57.475,3.65,2.325,2.525,4.4,2.2,4.425,2.2135943621178655,66.92178270189758,4.466542286825459,2.7431733448690405,3.118493225902535,4.924428900898052,2.792848008753788,5.3595708783446465,64,2299,146,93,101,176,88,177,3.3375,4439.774374999999,19.047500000000003,6.144374999999999,8.959375,23.04,6.11,28.044375000000002,69,3401,200,127,140,235,135,256,5,21,11,17,12,16,9,15
1.7,57.85,3.7,2.35,2.525,4.275,2.2,4.45,2.345207879911715,67.1930055883795,4.55521678957215,2.7658633371878665,3.118493225902535,4.834769901453429,2.792848008753788,5.380520420925842,68,2314,148,94,101,171,88,178,3.6774999999999998,4500.46,18.927500000000002,6.21,8.959375,22.424375,6.11,27.847499999999997,75,3264,198,131,140,227,138,247,6,20,11,17,12,16,10,14
1.75,56.25,3.65,2.325,2.55,4.075,2.225,4.225,2.3664319132398464,64.9160996979948,4.488875137492688,2.752271788904577,3.1304951684997055,4.666369038128039,2.797320146139873,5.145386282875174,70,2250,146,93,102,163,89,169,3.6399999999999997,4141.85,18.46,5.949375000000001,8.897499999999999,20.394375000000004,6.069375,25.794374999999995,77,3220,196,133,140,219,138,247,6,20,11,17,12,15,10,14
1.75,56.85,3.775,2.3,2.625,4.175,2.275,4.125,2.3664319132398464,65.35824355045047,4.58530260724415,2.7386127875258306,3.2132538026119257,4.7302219821061255,2.832843094843059,5.067050424063293,70,2274,151,92,105,167,91,165,3.6399999999999997,4188.89,19.759375,5.6775,9.274375000000001,20.749375000000004,5.994375,25.284375,76,3173,203,127,141,218,135,240,6,20,12,16,12,15,9,13
1.725,56.075,3.7,2.225,2.55,4.05,2.2,4.075,2.339871791359518,64.52886950815116,4.560701700396552,2.669269563007828,3.1543620591175006,4.6097722286464435,2.7658633371878665,5.0373604199024715,69,2243,148,89,102,162,88,163,3.8493749999999998,4132.334375,19.36,5.499375000000001,9.0475,20.1475,5.827500000000001,24.774375,74,3235,208,126,145,223,135,242,6,21,12,16,12,16,9,13
1.725,55.575,3.725,2.2,2.625,4.075,2.2,4.025,2.339871791359518,64.35040792411499,4.58530260724415,2.6267851073127395,3.2825295124339706,4.639504283864818,2.7658633371878665,4.987484335815001,69,2223,149,88,105,163,88,161,3.584375,4120.949374999999,18.994374999999998,5.3375,9.724374999999998,20.369374999999998,5.8275,23.824375,73,3131,200,128,149,218,133,227,6,20,11,16,12,16,9,12
1.7,53.4,3.575,2.2,2.575,3.875,2.2,3.775,2.3130067012440754,61.99193495931547,4.384632253678751,2.6267851073127395,3.2672618505409083,4.463742824133129,2.7658633371878665,4.677071733467427,68,2136,143,88,103,155,88,151,3.7875,3780.59,17.599375000000002,5.3375,9.724375,18.299375000000005,5.69,21.349375000000002,76,3024,193,124,151,214,131,223,7,20,11,16,11,15,9,12
1.7,53.55,3.6,2.275,2.525,3.925,2.225,3.775,2.3130067012440754,62.0789819504154,4.387482193696061,2.669269563007828,3.2365104665364517,4.497221364353772,2.7883686987197374,4.677071733467427,68,2142,144,91,101,157,89,151,3.7875,3788.9975000000004,17.6875,5.369375,9.319374999999999,18.469375,5.744375,21.484375,79,2981,195,124,146,216,130,221,8,20,11,16,10,15,9,12
1.7,52.0,3.575,2.275,2.5,3.875,2.1,3.75,2.3130067012440754,60.587952597855626,4.378926809162263,2.669269563007828,3.2171415884290826,4.463742824133129,2.6739483914241875,4.674398357008098,68,2080,143,91,100,155,84,150,3.7875,3644.8900000000003,17.549375,5.369375,9.4475,18.544375,5.46,21.4275,77,2987,194,124,146,221,130,221,8,21,11,16,10,16,9,12
1.7,51.3,3.6,2.3,2.475,3.875,2.075,3.75,2.3130067012440754,60.41440225641565,4.398863489584555,2.701851217221259,3.1741140496207754,4.463742824133129,2.659887215654077,4.674398357008098,68,2052,144,92,99,155,83,150,3.7875,3630.9774999999995,17.247500000000002,5.477500000000001,9.219375,18.544375000000002,5.449375,21.21,79,2874,187,123,145,214,127,212,8,20,10,15,10,15,8,11
1.625,48.75,3.425,2.275,2.425,3.7,2.025,3.6,2.2638462845343543,57.82646452965977,4.17432629294836,2.6972207918522355,3.158322339470751,4.242640687119285,2.6410225292488514,4.4777226354476225,65,1950,137,91,97,148,81,144,3.7443749999999993,3289.8774999999996,15.799375000000001,5.384375,9.024375000000001,16.177500000000002,5.219374999999999,19.627499999999998,82,2736,182,125,148,207,126,205,8,19,10,14,10,14,8,11
1.6,48.725,3.4,2.4,2.475,3.7,2.075,3.575,2.247220505424423,57.81068240386028,4.165333119931706,2.8548204847240397,3.1741140496207754,4.242640687119285,2.659887215654077,4.469339996017309,64,1949,136,96,99,148,83,143,3.8400000000000007,3288.4193750000004,15.910000000000002,5.9,9.024375,16.1775,5.184375,19.644375,81,2705,184,131,144,211,121,202,8,19,10,14,10,14,8,10
1.65,46.725,3.375,2.4,2.35,3.6,1.925,3.475,2.2693611435820435,55.87553131738436,4.162331077653482,2.8548204847240397,3.03315017762062,4.1952353926806065,2.4238399287081647,4.401704215414752,66,1869,135,96,94,144,77,139,4.047499999999999,3101.144375,15.944374999999999,5.9,8.477500000000001,16.0375,4.374374999999999,18.849375000000002,82,2677,179,134,143,213,116,204,8,20,9,14,10,14,8,10
1.675,46.375,3.325,2.425,2.375,3.575,1.925,3.4,2.274862633215465,55.819127546030316,4.1140004861448425,2.8853076092507015,3.053686296920494,4.168333000133266,2.4238399287081647,4.341658669218482,67,1855,133,97,95,143,77,136,4.019374999999999,3098.759375,15.034375,5.999375000000001,8.559375,15.874374999999997,4.374375,18.21,84,2573,171,132,142,205,114,195,9,19,8,13,10,13,8,9
1.675,43.975,3.25,2.4,2.35,3.425,1.95,3.275,2.274862633215465,53.49182180483293,4.031128874149275,2.8722813232690143,3.03315017762062,4.021815510438041,2.4392621835300936,4.210106887004177,67,1759,130,96,94,137,78,131,4.019374999999999,2815.4743750000002,14.559999999999999,5.6899999999999995,8.2,14.284375,4.51,17.269375,84,2439,169,134,140,203,116,195,9,18,8,13,10,13,8,9
1.7,43.75,3.175,2.45,2.35,3.5,2.025,3.2,2.29128784747792,53.342290914432986,3.984344362627307,2.9068883707497264,3.03315017762062,4.049691346263317,2.4849547279578355,4.183300132670378,68,1750,127,98,94,140,81,128,4.040000000000001,2802.4975,14.494375,5.56,8.2,14.2975,4.549375,17.14,84,2411,165,133,138,199,116,189,9,18,7,12,10,13,9,8
1.75,41.625,3.125,2.425,2.3,3.325,1.925,3.175,2.3130067012440754,51.249634145035614,3.946517452134223,2.8939592256975564,2.9832867780352594,3.850324661635691,2.361143790623519,4.156320488124081,70,1665,125,97,92,133,77,127,4.0275,2610.7243749999993,14.074375,5.734375,7.9975,13.199375,4.309375,16.594375000000003,84,2368,164,133,140,196,116,193,9,19,7,13,10,13,10,8
1.85,41.35,3.2,2.425,2.25,3.3,2.0,3.1,2.3979157616563596,51.22011323689162,4.012480529547776,2.8939592256975564,2.932575659723036,3.8340579025361627,2.4392621835300936,4.092676385936225,74,1654,128,97,90,132,80,124,4.1875,2609.8100000000004,14.14,5.734375,7.790000000000001,13.1375,4.51,15.75,86,2273,162,131,134,187,119,180,9,18,7,13,9,12,11,7
1.925,39.55,3.075,2.35,2.2,3.2,2.05,2.925,2.444381312316063,49.17621376234653,3.8697545141778695,2.8548204847240397,2.9154759474226504,3.7013511046643495,2.479919353527449,3.80460247594936,77,1582,123,94,88,128,82,117,4.219374999999999,2375.3975,13.349375,5.26,7.597499999999999,11.45,4.46,13.794374999999999,87,2167,160,131,134,179,118,171,9,17,7,12,9,11,11,7
1.95,39.475,3.025,2.3,2.25,3.225,2.1,2.925,2.449489742783178,49.12662211062349,3.856812155135378,2.819574435974337,2.932575659723036,3.7181984885156414,2.5199206336708304,3.80460247594936,78,1579,121,92,90,129,84,117,4.31,2371.4993749999994,13.374375,5.227500000000001,7.6,11.499375000000002,4.5275,13.794375000000002,89,2116,157,129,135,176,114,169,10,17,7,12,9,11,11,7
1.95,38.3,3.0,2.375,2.225,3.125,1.975,2.825,2.449489742783178,47.3856518368166,3.840572873934304,2.8591956910991594,2.9283100928692645,3.636619309193636,2.39269722280108,3.724916106437835,78,1532,120,95,89,125,79,113,4.04,2236.9900000000002,13.1875,5.694375,7.624375000000001,11.334375,4.224375,12.924375000000001,88,2104,158,129,135,180,114,167,10,18,7,13,9,11,11,7
2.075,38.425,3.075,2.35,2.225,3.075,2.0,2.925,2.669269563007828,47.402795276228176,3.908324449172561,2.8284271247461903,2.9283100928692645,3.5812009158939966,2.4186773244895647,3.830796261875591,83,1537,123,94,89,123,80,117,4.7993749999999995,2240.3943750000003,13.244375,5.597499999999999,7.624375000000001,11.069374999999999,4.2875,13.294374999999999,91,2061,153,132,134,172,113,160,10,17,7,14,8,10,10,6
2.0,38.1,2.875,2.325,2.2,2.9,2.05,2.725,2.598076211353316,46.91002025154114,3.588175023601831,2.8240042492885875,2.924038303442689,3.40587727318528,2.479919353527449,3.50356960827097,80,1524,115,93,88,116,82,109,4.789999999999999,2162.7275,11.374374999999999,5.649375000000001,7.55,9.35,4.1899999999999995,11.509375,96,2024,147,134,137,166,112,161,11,17,7,14,8,9,10,7
2.0,38.725,2.95,2.35,2.2,2.95,2.125,2.725,2.598076211353316,47.51236681117875,3.640054944640259,2.8284271247461903,2.924038303442689,3.449637662132068,2.5248762345905194,3.50356960827097,80,1549,118,94,88,118,85,109,4.9275,2211.524375,12.04,5.597499999999999,7.55,9.497499999999999,4.199375,11.749374999999999,96,1975,148,132,133,165,108,154,11,17,8,14,7,9,10,6
1.975,38.925,2.9,2.325,2.175,2.875,2.0,2.6,2.593260495977988,47.90224420629998,3.598610843089316,2.806243040080456,2.8939592256975564,3.3279122584587473,2.3979157616563596,3.4132096331752027,79,1557,116,93,87,115,80,104,4.969375,2290.109375,11.3875,5.844375,7.694374999999999,9.449375,3.9274999999999998,10.9275,95,2043,153,134,129,171,107,156,10,18,9,15,6,10,10,6
1.975,40.2,3.025,2.25,2.275,2.75,1.975,2.7,2.593260495977988,48.62869523234198,3.784838173555112,2.7386127875258306,3.029026246172192,3.2326459750489227,2.39269722280108,3.5846896657869842,79,1608,121,90,91,110,79,108,4.834375,2364.1875,11.999375,5.6775,8.124375,9.127500000000001,3.9693750000000003,11.5275,94,2006,149,131,138,166,104,151,9,17,8,15,7,9,10,5
1.975,40.625,2.85,2.25,2.275,2.675,1.975,2.5,2.593260495977988,49.38749841812197,3.6193922141707713,2.7386127875258306,3.029026246172192,3.1741140496207754,2.39269722280108,3.2939338184001206,79,1625,114,90,91,107,79,100,4.834375,2412.859375,11.2775,5.3975,7.909375,8.449375,3.694375,9.947500000000002,94,2048,153,126,139,160,103,147,9,17,8,14,7,8,10,4
1.95,41.7,2.85,2.275,2.35,2.7,1.975,2.575,2.588435821108957,50.4534438864187,3.6193922141707713,2.779388421937459,3.0903074280724887,3.2015621187164243,2.39269722280108,3.3726843908080104,78,1668,114,91,94,108,79,103,4.8775,2507.1099999999997,11.66,5.549375,8.11,8.559999999999999,3.694375,10.609375,93,2040,154,127,140,160,100,150,9,17,8,14,7,8,10,5
1.9,42.725,2.875,2.25,2.3,2.725,1.85,2.475,2.5495097567963922,52.08286666457598,3.6297382825763074,2.7658633371878665,3.0740852297878796,3.2519225083018197,2.258317958127243,3.2825295124339706,76,1709,115,90,92,109,74,99,4.81,2708.109375,11.674375,5.6899999999999995,8.127500000000001,9.624374999999999,3.4099999999999993,9.724375,94,2162,158,132,141,169,99,153,9,18,8,15,7,9,10,6
1.9,43.775,3.125,2.275,2.325,2.625,1.825,2.725,2.5495097567963922,52.70412697313181,3.959166578965831,2.797320146139873,3.118493225902535,3.1898275815473163,2.2304708023195463,3.7782270974625125,76,1751,125,91,93,105,73,109,4.81,2777.394375,13.499375,5.794375,8.344375,9.409375,3.3493749999999998,12.384375,95,2138,161,134,140,168,97,156,9,17,8,16,6,8,9,5
1.875,44.525,3.025,2.325,2.35,2.625,1.875,2.625,2.534758371127315,53.81658666247795,3.882653731663435,2.8151376520518494,3.138470965295043,3.1898275815473163,2.274862633215465,3.6708309685955305,75,1781,121,93,94,105,75,105,4.9243749999999995,2875.7493750000003,13.184375,6.034375,8.16,9.019375,3.284375,11.849374999999998,99,2192,168,138,140,169,96,158,10,17,8,17,6,8,9,4
1.85,45.6,3.0,2.325,2.4,2.725,1.95,2.7,2.5199206336708304,54.79644149030118,3.866522985836241,2.8151376520518494,3.170173496829472,3.2825295124339706,2.355843797877949,3.7416573867739413,74,1824,120,93,96,109,78,108,5.0275,2971.29,13.3875,6.034375,8.227500000000001,9.274375,3.4475000000000002,12.559999999999999,97,2176,170,141,139,166,97,161,10,16,8,18,6,8,9,5
1.875,47.975,2.925,2.4,2.425,2.775,1.975,2.675,2.5248762345905194,57.27586751852826,3.8177218337642147,2.8809720581775866,3.1741140496207754,3.342902930089356,2.3717082451262845,3.731621631409058,75,1919,117,96,97,111,79,107,5.109375,3270.1243749999994,13.309375,6.7375,8.319374999999999,10.124375,3.734375,12.659375,90,2318,169,146,141,176,100,165,10,16,8,19,7,9,10,5
1.8,48.625,3.075,2.45,2.55,2.725,2.0,2.825,2.355843797877949,57.69423714722294,4.009364039345891,2.932575659723036,3.3466401061363023,3.3128537546954893,2.4186773244895647,3.927467377331096,72,1945,123,98,102,109,80,113,4.4475,3326.734375,14.449375,6.909999999999999,9.0975,10.024375000000001,3.8900000000000006,13.799374999999998,89,2371,176,151,148,180,103,174,11,16,9,19,8,10,11,6
1.775,50.475,3.075,2.45,2.525,2.825,2.025,2.8,2.3505318547086316,59.71117985771174,4.009364039345891,2.932575659723036,3.342902930089356,3.4022051672408,2.4238399287081647,3.9179076048319463,71,2019,123,98,101,113,81,112,4.474375,3555.0243749999995,14.449374999999998,6.909999999999999,9.144375,10.419374999999999,3.984375,13.7875,93,2495,182,152,153,179,106,177,11,17,9,19,8,10,12,6
1.75,50.8,3.125,2.4,2.7,2.85,2.05,2.875,2.345207879911715,60.039570284937916,4.046603514059662,2.898275349237888,3.570714214271425,3.449637662132068,2.4596747752497685,3.984344362627307,70,2032,125,96,108,114,82,115,4.5,3592.1475000000005,14.874374999999997,6.8375,10.0275,10.690000000000001,4.090000000000001,14.494375,93,2382,186,148,155,171,105,182,11,16,9,19,8,9,12,7
1.725,51.2,3.2,2.35,2.525,2.85,2.025,2.925,2.339871791359518,60.70873083832341,4.110960958218893,2.8635642126552705,3.3948490393535913,3.449637662132068,2.434132288927617,4.009364039345891,69,2048,128,94,101,114,81,117,4.524375000000001,3675.6275,14.940000000000001,6.51,8.194375,10.69,3.894375,14.449374999999998,89,2536,186,144,157,180,105,179,11,17,9,19,8,10,12,7
1.65,50.625,3.25,2.425,2.65,2.8,2.05,2.9,2.224859546128699,60.14253902189365,4.207136793592526,2.979093821953246,3.521363372331802,3.4351128074635335,2.4698178070456938,3.9496835316262997,66,2025,130,97,106,112,82,116,4.14,3603.2493749999994,15.597500000000002,6.984375,8.4,10.4775,3.9975,14.0375,86,2459,184,147,160,179,107,176,11,16,9,19,8,10,12,7
1.675,51.425,3.25,2.45,2.625,2.85,2.025,2.925,2.2304708023195463,61.236631194081866,4.207136793592526,2.9916550603303182,3.4964267474094175,3.492849839314596,2.4647515087732477,3.959166578965831,67,2057,130,98,105,114,81,117,4.119375,3729.4493749999992,15.74,6.847499999999999,8.124375,10.76,3.899375,14.294374999999999,87,2595,188,147,159,183,106,182,11,17,9,18,8,10,11,8
1.725,51.225,3.15,2.525,2.5,2.875,2.0,2.875,2.252776065213762,60.99446696217617,4.135214625627067,3.1024184114977142,3.3689761055846033,3.5249113464029134,2.4289915602982237,3.9210967853395307,69,2049,126,101,100,115,80,115,4.124375,3701.6193750000007,14.85,7.299375,7.74,10.924375000000001,3.7975000000000003,13.874374999999997,86,2460,186,143,156,174,102,178,11,16,9,17,8,9,10,8
1.7,51.8,3.15,2.425,2.525,2.775,1.95,2.975,2.23606797749979,61.9067847654843,4.135214625627067,3.0041637771599605,3.3800887562311144,3.4387497728098797,2.3874672772626644,3.9717754216471,68,2072,126,97,101,111,78,119,3.8975,3818.3875,14.377500000000001,6.219375,7.524375000000001,10.069374999999999,3.2975000000000003,14.019375000000002,80,2609,178,140,151,174,99,179,10,17,8,16,7,9,9,9
1.625,51.65,3.025,2.375,2.5,2.775,1.975,3.025,2.115419580130618,61.77823241239587,3.933827652554189,2.9706901555025893,3.3466401061363023,3.4387497728098797,2.4135036772294343,4.046603514059662,65,2066,121,95,100,111,79,121,3.5243750000000005,3801.34,13.149375000000001,6.184375,7.397499999999999,10.069374999999999,3.3443749999999994,14.484375,78,2550,175,138,150,175,100,178,10,16,8,16,7,9,9,9
1.6,52.625,2.925,2.475,2.55,2.875,2.05,3.025,2.0976176963403033,63.05136794709533,3.856812155135378,3.07001628660175,3.391164991562634,3.4964267474094175,2.4899799195977463,4.046603514059662,64,2105,117,99,102,115,82,121,3.4975,3951.709375,12.984375,6.449375000000001,7.5,10.194375,3.4775000000000005,14.619375000000002,78,2699,169,142,147,173,99,183,10,17,7,16,7,9,9,10
1.675,52.725,2.9,2.525,2.5,2.95,2.075,3.075,2.185177338341216,63.149623910202344,3.82099463490856,3.1024184114977142,3.331666249791536,3.63318042491699,2.5248762345905194,4.083503397819084,67,2109,116,101,100,118,83,123,3.7243749999999998,3963.1243749999994,12.64,6.474375,7.297499999999999,10.95,3.5693749999999995,15.049374999999998,78,2622,167,144,144,170,97,182,9,16,7,16,7,8,9,10
1.675,54.175,2.95,2.575,2.5,3.0,2.15,3.1,2.185177338341216,65.02749418515218,3.8340579025361627,3.1344856037314957,3.331666249791536,3.6742346141747673,2.598076211353316,4.09878030638384,67,2167,118,103,100,120,86,124,3.7243749999999998,4216.149375,12.5975,7.019374999999999,7.49,11.397499999999999,4.3475,15.11,80,2757,169,147,142,174,104,187,9,17,8,17,8,8,10,11
1.75,54.925,3.075,2.575,2.4,2.925,2.125,3.25,2.3021728866442674,65.34963657129242,4.071240597164456,3.1344856037314957,3.1780497164141406,3.5812009158939966,2.583602136552763,4.347413023856832,70,2197,123,103,96,117,85,130,4.090000000000001,4262.874375,14.094375000000003,7.019374999999999,6.859999999999999,10.934375,4.349375,16.7975,83,2788,175,154,139,175,108,189,9,16,8,18,9,9,11,11
1.725,56.95,3.025,2.5,2.45,3.05,2.1,3.325,2.285825890132492,67.34871936421658,4.046603514059662,3.0740852297878796,3.1937438845342623,3.6674241641784495,2.5787593916455256,4.3903302837030385,69,2278,121,100,98,122,84,133,3.8443749999999994,4512.8099999999995,14.199375,6.890000000000001,6.777500000000001,11.2,4.4,17.384375,83,2923,182,156,139,173,107,202,8,17,9,18,9,9,11,12
1.725,57.6,3.05,2.5,2.475,3.125,2.125,3.4,2.285825890132492,67.8487288016511,4.05585995813465,3.0740852297878796,3.2054640849649214,3.7782270974625125,2.6124700955226263,4.449719092257398,69,2304,122,100,99,125,85,136,4.069374999999999,4573.7475,14.347500000000002,6.890000000000001,6.759375,11.794374999999999,4.499375000000001,18.11,85,2897,183,156,136,169,108,201,9,16,9,18,9,8,11,12
1.7,59.725,3.175,2.475,2.45,3.175,2.15,3.5,2.280350850198276,70.02196084086764,4.162331077653482,3.07001628660175,3.1937438845342623,3.8177218337642147,2.6172504656604803,4.494441010848846,68,2389,127,99,98,127,86,140,4.097499999999999,4892.019375,14.684375,6.944374999999999,6.590000000000001,12.249375,4.6,18.240000000000002,84,3048,186,156,132,175,112,207,9,17,10,18,8,9,12,13
1.7,60.8,3.225,2.425,2.375,3.125,2.2,3.625,2.280350850198276,70.36654034411525,4.22196636651691,3.020761493398643,3.110466202999158,3.7914377220257753,2.6551836094703507,4.644889664997437,68,2432,129,97,95,125,88,145,4.0975,4946.3875,15.019375,6.799375,6.344374999999999,12.344375000000001,4.6475,19.249374999999997,84,3107,184,154,130,173,115,211,9,17,10,18,8,9,13,13
1.725,63.175,3.225,2.45,2.45,3.225,2.275,3.575,2.285825890132492,72.24835638268873,4.22196636651691,3.024896692450835,3.146426544510455,3.895510236156491,2.6972207918522355,4.623310502226732,69,2527,129,98,98,129,91,143,4.069375000000001,5198.434375,15.344375000000003,6.9,6.290000000000001,12.534375,4.634375,19.344375,86,3228,189,151,129,175,113,216,9,18,11,19,8,10,13,14
1.7,63.825,3.325,2.375,2.5,3.25,2.3,3.6,2.280350850198276,72.68786005929738,4.29243520626695,2.9111853256019273,3.1937438845342623,3.9179076048319463,2.7202941017470885,4.631414470763764,68,2553,133,95,100,130,92,144,3.9899999999999998,5255.699375,16.249375,6.444374999999999,6.397500000000001,12.627500000000001,4.6775,19.49,86,3219,191,150,127,174,112,215,9,17,11,20,8,10,13,14
1.675,66.25,3.4,2.35,2.5,3.325,2.3,3.65,2.2638462845343543,74.77633315428083,4.318564576337836,2.9068883707497264,3.1937438845342623,3.946517452134223,2.7202941017470885,4.652956049652737,67,2650,136,94,100,133,92,146,3.859375,5583.3775000000005,16.2475,6.49,6.3975,13.094374999999996,4.840000000000001,19.5475,84,3380,196,150,128,177,116,217,8,18,12,20,8,11,14,14
1.7,67.325,3.525,2.325,2.45,3.225,2.325,3.8,2.280350850198276,75.11341424805559,4.474930167052889,2.876629972728505,3.1622776601683795,3.895510236156491,2.734044622898463,4.811444689487764,68,2693,141,93,98,129,93,152,3.877499999999999,5638.874375,17.219375,6.384375,6.39,12.999374999999997,4.834375,20.26,87,3440,201,150,129,175,116,218,9,18,12,20,8,11,14,14
1.675,69.775,3.475,2.35,2.45,3.275,2.35,3.8,2.274862633215465,76.85457045615439,4.452527372178637,2.8896366553599777,3.1622776601683795,3.9210967853395307,2.756809750418044,4.811444689487764,67,2791,139,94,98,131,94,152,3.909375,5888.774374999999,17.344375000000003,6.390000000000001,6.76,12.894375,4.5375,20.590000000000003,88,3562,206,149,130,174,112,226,9,19,13,20,8,11,13,15
1.675,70.6,3.55,2.325,2.5,3.275,2.375,3.85,2.274862633215465,77.36278174936577,4.494441010848846,2.8679260799399975,3.1780497164141406,3.9210967853395307,2.7883686987197374,4.8218253804964775,67,2824,142,93,100,131,95,154,4.124375,5959.4975,17.95,6.334375,6.6775,12.894375,4.624375000000001,20.8475,90,3561,208,145,132,172,109,222,9,18,13,19,9,11,12,15
1.65,73.15,3.65,2.325,2.475,3.45,2.425,3.85,2.258317958127243,79.31582439841371,4.58257569495584,2.8679260799399975,3.1662280397975127,4.11703777004778,2.8240042492885875,4.8218253804964775,66,2926,146,93,99,138,97,154,4.1975,6284.75,18.110000000000003,6.194374999999999,6.874375000000001,15.127499999999998,4.999375,20.847499999999997,89,3727,211,139,135,182,111,226,9,19,13,18,9,12,12,16
1.725,74.225,3.725,2.275,2.525,3.475,2.4,4.05,2.434132288927617,79.60668941741015,4.687749993333689,2.779388421937459,3.2132538026119257,4.132190702278877,2.792848008753788,5.06458290484024,69,2969,149,91,101,139,96,162,4.874375,6335.194375,18.824374999999996,5.834375,6.994375,15.184375,4.91,22.5875,96,3774,210,136,138,192,116,231,10,19,13,18,10,13,13,16
1.7,76.4,3.7,2.325,2.575,3.6,2.45,3.975,2.4083189157584592,81.34986170854872,4.679743582719036,2.797320146139873,3.228776858192588,4.295346318982906,2.8635642126552705,5.042320894191484,68,3056,148,93,103,144,98,159,4.8,6604.839999999999,19.009999999999998,6.069375,6.909375,16.2,5.1375,22.619374999999998,97,3915,217,141,138,197,118,238,9,20,14,19,10,13,13,16
1.7,77.075,3.8,2.325,2.625,3.625,2.425,4.125,2.4083189157584592,81.71826601195109,4.722287581247038,2.797320146139873,3.274904578762563,4.315669125408017,2.8416544476765644,5.130789412946121,68,3083,152,93,105,145,97,165,4.8,6659.599375000001,19.74,6.069375,7.019374999999999,16.299375,5.099375,23.999375,97,3886,218,140,138,197,118,243,9,19,14,19,10,13,13,16
1.7,78.625,3.775,2.275,2.675,3.675,2.425,4.2,2.4083189157584592,83.20321508211086,4.714339826529267,2.7613402542968153,3.29013677527242,4.338778629983327,2.8416544476765644,5.167204273105526,68,3145,151,91,107,147,97,168,4.8,6915.349375,19.419375,5.594375,6.924375,16.649375,5.099374999999999,24.14,95,4015,216,134,137,200,117,248,10,20,13,18,10,14,13,17
1.7,79.45,3.85,2.3,2.625,3.625,2.45,4.275,2.4083189157584592,83.45567685903698,4.8166378315169185,2.792848008753788,3.2596012026013246,4.315669125408017,2.8722813232690143,5.274940757961174,68,3178,154,92,105,145,98,171,4.8,6961.24,20.1375,5.6975,6.919375,16.734375,5.1875,25.019374999999997,92,4009,220,134,135,199,120,245,9,19,13,18,10,14,13,16
1.675,80.425,3.825,2.35,2.7,3.725,2.375,4.325,2.4031229681395834,84.43710677184528,4.808846015417836,2.8106938645110393,3.2939338184001206,4.361765697512878,2.806243040080456,5.303300858899107,67,3217,153,94,108,149,95,173,4.724375,7121.359375,20.319375,5.65,6.85,16.849375,5.069375000000001,25.484375,99,4148,223,135,136,200,122,257,9,20,13,18,10,14,13,17
1.675,80.425,3.775,2.425,2.775,3.8,2.3,4.325,2.4031229681395834,84.43710677184528,4.777551674236501,2.876629972728505,3.350373113550191,4.455333881989093,2.7658633371878665,5.303300858899107,67,3217,151,97,111,152,92,173,4.724375,7121.359375,19.849375,5.794375,6.709375,17.447499999999998,5.09,25.484375,99,4039,218,134,135,195,120,255,9,19,12,17,10,13,13,17
1.725,80.6,3.8,2.375,2.75,3.775,2.3,4.4,2.4238399287081647,84.64514162076877,4.790615826801393,2.8591956910991594,3.331666249791536,4.435651023243375,2.7658633371878665,5.324471804789654,69,3224,152,95,110,151,92,176,4.719375,7157.51,19.8875,5.534375,6.477500000000001,17.194374999999997,5.089999999999999,25.46,101,4157,217,135,132,201,120,253,10,20,12,16,10,14,13,18
1.875,80.4,3.8,2.375,2.625,3.775,2.375,4.425,2.659887215654077,84.52928486625213,4.790615826801393,2.8591956910991594,3.1976553910638965,4.435651023243375,2.806243040080456,5.36423340282654,75,3216,152,95,105,151,95,177,5.574375000000001,7136.789999999999,19.8875,5.534375,6.124374999999999,17.194375,5.069375,25.799375000000005,106,4067,214,135,131,203,121,252,10,19,12,16,10,14,13,18
1.85,80.65,3.8,2.35,2.65,3.875,2.4,4.525,2.6551836094703507,84.82747196515996,4.790615826801393,2.8460498941515415,3.2171415884290826,4.50277692096777,2.8284271247461903,5.4198708471697,74,3226,152,94,106,155,96,181,5.610000000000001,7185.777499999999,19.8875,5.540000000000001,6.1475,17.469375000000003,5.11,26.894375000000004,112,4193,219,132,131,205,120,260,10,20,12,16,10,14,13,18
1.85,80.4,3.9,2.325,2.6,3.9,2.45,4.5,2.6551836094703507,84.63273598318797,4.893873721296862,2.806243040080456,3.170173496829472,4.527692569068709,2.8635642126552705,5.399073994677235,74,3216,156,93,104,156,98,180,5.610000000000001,7154.289999999999,21.2275,5.394374999999999,6.05,17.61,5.1375,26.589999999999996,111,4065,221,129,128,194,119,255,10,19,12,15,10,13,13,17
1.85,80.3,3.875,2.325,2.65,3.825,2.55,4.525,2.6551836094703507,84.51449579805822,4.886205071423016,2.806243040080456,3.1859064644147983,4.435651023243375,2.932575659723036,5.406015168310204,74,3212,155,93,106,153,102,181,5.61,7133.7,21.234375,5.234375,6.347500000000001,16.524375,5.8775,26.584375,110,4174,221,127,126,196,124,250,10,20,13,14,11,14,14,18
1.85,80.3,3.875,2.3,2.6,3.825,2.55,4.45,2.6551836094703507,84.51449579805822,4.886205071423016,2.7748873851023217,3.1064449134018135,4.435651023243375,2.932575659723036,5.2583267300539625,74,3212,155,92,104,153,102,178,5.61,7133.7,21.234375,5.140000000000001,6.04,16.524375,5.8775,25.2475,108,4074,221,123,129,196,129,247,9,19,13,13,12,14,15,18
1.925,79.525,3.85,2.275,2.575,3.85,2.5,4.425,2.7248853186877424,83.79155685389787,4.883646178829912,2.7613402542968153,3.086259872402193,4.460941604639093,2.898275349237888,5.251190341246449,77,3181,154,91,103,154,100,177,5.6693750000000005,7016.074374999999,21.29,4.819374999999999,6.009375,16.660000000000004,5.839999999999999,25.399375,109,4166,228,121,131,200,129,250,9,20,13,12,12,14,15,18
1.925,78.525,3.8,2.225,2.55,3.9,2.5,4.35,2.7248853186877424,83.18067684264176,4.873397172404482,2.7431733448690405,3.0659419433511785,4.527692569068709,2.898275349237888,5.200961449578338,77,3141,152,89,102,156,100,174,5.669375,6917.524374999999,21.027499999999996,4.884375,5.977500000000001,17.077499999999997,5.839999999999999,24.6475,114,4021,227,116,127,192,126,247,10,19,13,11,11,13,14,18
1.95,77.825,3.825,2.225,2.575,3.95,2.55,4.4,2.7386127875258306,82.40282155363371,4.881085944746312,2.7431733448690405,3.078148794324277,4.5934736311423405,2.949576240750525,5.220153254455275,78,3113,153,89,103,158,102,176,5.539999999999999,6756.294375,20.849375000000002,4.194374999999999,5.769375,16.4775,5.6375,25.0,112,4012,220,112,119,186,119,239,10,19,12,10,10,12,13,17
1.875,79.75,3.7,2.15,2.475,4.025,2.425,4.325,2.669269563007828,84.44495248385186,4.738143096192854,2.6739483914241875,2.9111853256019273,4.6341126442934035,2.8416544476765644,5.125914552545721,75,3190,148,86,99,161,97,173,5.369375,7115.74,19.89,4.26,5.6693750000000005,17.374375000000004,5.434375,24.244374999999998,109,4066,213,112,117,193,117,240,10,19,12,10,11,13,12,18
1.925,77.55,3.775,2.125,2.5,3.925,2.475,4.4,2.6879360111431225,82.94666961367406,4.76182738032365,2.669269563007828,2.9154759474226504,4.568916720624267,2.876629972728505,5.162363799656123,77,3102,151,85,100,157,99,176,5.334375,6877.26,19.869374999999998,4.149375,5.777500000000001,17.359375,5.7943750000000005,24.4,110,4172,209,111,111,194,115,235,10,20,12,9,11,13,11,17
1.95,76.525,3.7,2.2,2.425,3.875,2.45,4.3,2.692582403567252,82.37004916837188,4.722287581247038,2.7386127875258306,2.7431733448690405,4.50277692096777,2.8460498941515415,5.103920062069938,78,3061,148,88,97,155,98,172,5.289999999999999,6784.369375,19.06,4.26,5.0443750000000005,16.944374999999997,5.6975,23.490000000000002,111,4009,202,113,109,189,115,232,10,19,11,8,12,13,11,16
2.025,76.225,3.7,2.25,2.5,3.925,2.475,4.35,2.734044622898463,81.99405466251805,4.722287581247038,2.7748873851023217,2.7838821814150108,4.557960070031329,2.8679260799399975,5.142956348249516,81,3049,148,90,100,157,99,174,5.299375,6689.094374999999,19.8975,4.090000000000001,5.027500000000001,16.469375,5.4193750000000005,24.490000000000002,111,4019,204,107,105,186,109,230,10,19,12,7,12,13,10,16
2.0,78.2,3.55,2.125,2.35,4.05,2.375,4.3,2.7202941017470885,84.07526390086444,4.527692569068709,2.6124700955226263,2.6172504656604803,4.626013402488151,2.797320146139873,5.06458290484024,80,3128,142,85,94,162,95,172,5.4399999999999995,7053.827499999999,18.54,3.674375,4.6,17.5975,5.344375,23.827500000000004,114,4096,202,105,99,192,108,231,11,19,12,7,11,14,10,16
2.025,76.175,3.65,2.1,2.325,3.95,2.4,4.375,2.734044622898463,82.6542497395022,4.5934736311423405,2.598076211353316,2.593260495977988,4.560701700396552,2.80178514522438,5.1161508969145935,81,3047,146,84,93,158,96,175,5.719374999999999,6828.394375000001,18.697499999999998,3.8600000000000003,4.084375,17.3775,5.289999999999999,23.849375,114,4212,204,103,97,198,106,233,11,20,12,8,10,15,10,16
2.0,75.225,3.725,2.05,2.3,3.825,2.35,4.325,2.7202941017470885,82.06597955304012,4.6341126442934035,2.5,2.588435821108957,4.491658936295141,2.7658633371878665,5.106368572674715,80,3009,149,82,92,153,94,173,5.71,6734.059375,18.669375,3.5275000000000007,4.14,17.199374999999996,5.2475000000000005,23.594375000000003,116,4047,201,103,98,193,104,232,12,19,12,9,10,14,10,15
1.975,75.0,3.8,2.1,2.3,3.925,2.35,4.375,2.715695122800054,81.77897040193157,4.706378650300037,2.539685019840059,2.588435821108957,4.557960070031329,2.7658633371878665,5.155094567512801,79,3000,152,84,92,157,94,175,5.749375,6650.589999999999,20.0475,3.5599999999999996,4.14,17.259375,5.2475000000000005,24.819375,116,4056,210,104,98,196,102,235,12,19,13,9,10,14,10,15
2.0,76.925,3.875,2.125,2.225,4.025,2.35,4.275,2.7386127875258306,83.83629882097611,4.7932243844827465,2.55440795488896,2.5149552679918585,4.623310502226732,2.7658633371878665,5.0571731233961135,80,3077,155,85,89,161,94,171,5.8100000000000005,7011.094375000001,20.649375,3.884375,4.149374999999999,18.399375,5.69,24.074374999999996,118,4132,218,105,101,203,105,236,12,19,14,10,10,15,11,15
2.0,74.875,3.95,2.025,2.175,3.95,2.275,4.325,2.7386127875258306,82.35608659959505,4.832183771339828,2.434132288927617,2.4545875417267156,4.58257569495584,2.6972207918522355,5.076908508137604,80,2995,158,81,87,158,91,173,5.9375,6778.009375,20.627499999999998,3.5993750000000007,4.269375,18.440000000000005,5.519375000000001,24.019375000000004,119,4241,217,106,101,203,109,233,13,20,14,11,10,15,12,15
2.025,74.0,3.85,1.95,2.1,3.775,2.225,4.25,2.779388421937459,81.86055216036598,4.769696007084728,2.3874672772626644,2.4083189157584592,4.407380174207803,2.6410225292488514,5.039841267341661,81,2960,154,78,84,151,89,170,6.099375,6699.5875,19.509999999999998,3.5975,4.2375,17.534375,5.349375,23.297500000000003,119,4075,213,101,99,191,102,228,13,19,13,10,9,14,11,14
2.075,73.675,3.925,2.0,2.25,3.85,2.175,4.275,2.832843094843059,81.44062254182491,4.824417063231578,2.4698178070456938,2.6457513110645907,4.5,2.583602136552763,5.0571731233961135,83,2947,157,80,90,154,87,171,5.994375,6589.999374999999,20.634375,3.3775000000000004,4.8975,17.5275,4.644375,23.949375,113,4076,211,99,102,192,97,226,12,19,14,9,8,14,10,14
1.95,75.775,3.825,1.925,2.175,3.925,2.175,4.2,2.7202941017470885,83.60367814875133,4.655641738793912,2.39269722280108,2.602883016964074,4.574385204593072,2.583602136552763,4.929503017546495,78,3031,153,77,87,157,87,168,5.710000000000001,6969.994375,19.349375000000002,3.399375,4.884375,18.894374999999997,4.644374999999999,22.860000000000003,113,4153,211,102,108,203,97,223,12,19,14,10,8,15,10,14
1.95,73.5,3.925,1.925,2.125,3.85,2.2,4.125,2.7202941017470885,81.94083231210189,4.719639816765682,2.39269722280108,2.583602136552763,4.516635916254486,2.588435821108957,4.89131884055824,78,2940,157,77,85,154,88,165,5.71,6709.6775,19.469375,3.5493750000000004,4.919375,18.577499999999997,4.74,22.169375000000002,111,4254,211,100,108,209,95,228,11,20,14,10,8,16,10,14
1.95,72.625,3.95,1.85,2.075,3.725,2.125,4.025,2.7202941017470885,81.43202686903967,4.732863826479693,2.345207879911715,2.564176280991617,4.3903302837030385,2.5149552679918585,4.8295962564173,78,2905,158,74,83,149,85,161,5.4399999999999995,6629.549375,19.677500000000002,3.5400000000000005,4.949375,17.774375,4.569375000000001,21.294375000000002,110,4091,211,98,105,198,92,221,11,19,14,10,8,15,9,13
2.025,72.175,3.875,1.95,2.2,3.8,2.225,4.0,2.7613402542968153,80.85527193696154,4.661008474568567,2.4289915602982237,2.7294688127912363,4.483302354291979,2.6315394733881536,4.811444689487764,81,2887,155,78,88,152,89,160,5.449375000000001,6495.649375,19.694375,3.65,5.347499999999999,17.85,4.749375,21.5875,107,4087,211,100,108,200,92,219,11,19,14,10,8,15,8,13
2.025,74.25,3.9,1.9,2.2,3.925,2.2,3.975,2.7613402542968153,83.02047940116944,4.695742752749559,2.4083189157584592,2.7294688127912363,4.579847159021795,2.6076809620810595,4.772315999596003,81,2970,156,76,88,157,88,159,5.449375,6873.040000000001,19.947499999999998,3.6975000000000002,5.6275,19.084375,4.9775,21.274375,105,4161,213,101,115,206,99,220,11,19,14,9,9,15,9,13
2.2,72.05,4.0,1.925,2.15,3.775,2.175,4.025,3.03315017762062,81.41498633544072,4.780167361086848,2.4238399287081647,2.692582403567252,4.48051336344397,2.583602136552763,4.7932243844827465,88,2882,160,77,86,151,87,161,6.477499999999999,6623.5599999999995,20.127500000000005,3.549375,5.6875,18.574374999999996,5.1743749999999995,21.219375000000003,108,4262,211,99,115,210,99,223,11,20,14,8,9,15,9,13
2.35,71.2,3.95,1.85,2.05,3.75,2.15,4.0,3.1780497164141406,80.94380766927141,4.738143096192854,2.3769728648009427,2.6172504656604803,4.460941604639093,2.5592967784139455,4.78539444560216,94,2848,158,74,82,150,86,160,6.859999999999999,6550.0775,19.027499999999996,3.5475000000000003,5.5275,18.46,5.11,20.939999999999998,109,4100,206,98,111,206,99,220,11,19,13,8,8,14,9,13
2.475,70.8,3.975,1.875,2.1,3.825,2.3,4.05,3.3128537546954893,80.42822887519033,4.756574397610112,2.382225849914319,2.6551836094703507,4.535967372016691,2.7838821814150108,4.8270073544588685,99,2832,159,75,84,153,92,162,7.074375000000001,6425.797500000001,19.819375,3.4993749999999997,5.4875,18.544375000000002,5.79,21.860000000000003,106,4101,208,96,112,206,101,221,10,19,14,8,8,14,9,14
2.5,72.85,3.875,1.8,2.1,3.975,2.325,3.975,3.331666249791536,82.59116175475437,4.628714724413247,2.3345235059857505,2.6551836094703507,4.6341126442934035,2.806243040080456,4.72493386197098,100,2914,155,72,84,159,93,159,7.1,6801.05,18.944375,3.4900000000000007,5.4875,19.849375000000002,6.249375000000001,21.059375,107,4176,207,96,111,215,110,221,10,19,14,8,8,15,10,14
2.575,70.825,3.975,1.825,2.05,3.925,2.25,3.975,3.365263734092768,81.04427802133844,4.693080012102926,2.361143790623519,2.6362852652928135,4.612483062299525,2.7658633371878665,4.72493386197098,103,2833,159,73,82,157,90,159,7.019374999999999,6562.049375,19.049375,3.544375,5.26,19.774375,6.21,20.824375,105,4286,205,99,108,222,112,224,10,20,14,8,7,16,10,14
2.575,70.0,3.9,1.85,2.05,3.9,2.2,3.95,3.365263734092768,80.55929493236643,4.652956049652737,2.3874672772626644,2.6362852652928135,4.598912915026768,2.711088342345192,4.716990566028302,103,2800,156,74,82,156,88,158,7.019374999999999,6487.0775,18.410000000000004,3.5975,5.26,19.71,6.027500000000001,20.6875,109,4120,201,98,107,212,107,221,11,19,14,8,7,15,9,13
2.575,69.675,3.875,1.825,2.1,3.875,2.225,3.975,3.365263734092768,80.13660212412303,4.623310502226732,2.382225849914319,2.6739483914241875,4.557960070031329,2.7431733448690405,4.740780526453424,103,2787,155,73,84,155,89,159,7.019374999999999,6374.609375,19.049375,3.644375,5.1899999999999995,18.294375,5.769375,21.424375000000005,102,4119,203,98,103,206,103,219,10,19,14,8,6,14,8,13
2.475,71.775,3.8,1.75,2.0,4.0,2.25,3.9,3.2132538026119257,82.33392374956996,4.516635916254486,2.3021728866442674,2.598076211353316,4.706378650300037,2.7748873851023217,4.604345773288535,99,2871,152,70,80,160,90,156,6.994375,6756.074374999999,18.2975,3.4775000000000005,5.0600000000000005,20.46,6.3775,20.297500000000003,99,4193,204,93,104,216,109,221,10,19,14,7,6,15,9,14
2.475,69.625,3.85,1.75,1.975,3.825,2.15,3.975,3.2132538026119257,80.61870130434997,4.538722287164087,2.3021728866442674,2.583602136552763,4.535967372016691,2.6645825188948455,4.628714724413247,99,2785,154,70,79,153,86,159,7.349375,6492.484375,18.1975,3.4775,5.1743749999999995,19.419375,5.9975,20.374375000000004,97,4292,203,93,103,219,111,219,9,20,14,7,6,15,10,14
2.525,69.05,3.85,1.85,1.95,3.8,2.15,3.825,3.244225639501667,80.28636247831882,4.538722287164087,2.4289915602982237,2.5495097567963922,4.516635916254486,2.6645825188948455,4.530452516029718,101,2762,154,74,78,152,86,153,7.719374999999999,6441.6975,17.5375,3.7975000000000003,5.0600000000000005,19.297500000000003,5.9975000000000005,19.144374999999997,95,4137,199,100,105,216,110,212,8,19,14,8,7,14,10,13
2.5,68.775,3.875,1.875,1.975,3.9,2.3,3.825,3.2326459750489227,79.92762351027335,4.546977017755863,2.444381312316063,2.57390753524675,4.626013402488151,2.8284271247461903,4.530452516029718,100,2751,155,75,79,156,92,153,7.890000000000001,6335.499375000001,17.869375,3.799375,5.124375000000001,19.71,6.56,19.574374999999996,92,4133,198,100,104,218,110,211,8,19,15,8,7,14,10,13
2.4,70.9,3.8,1.775,1.95,4.125,2.3,3.75,3.0740852297878796,82.14347204738792,4.43846820423443,2.361143790623519,2.569046515733026,4.886205071423016,2.8284271247461903,4.404543109109048,96,2836,152,71,78,165,92,150,7.6275,6721.027499999999,17.14,3.684375,5.160000000000001,22.719375,7.0,18.589999999999996,87,4213,196,100,105,230,117,208,8,19,15,8,7,15,11,13
2.4,68.95,3.825,1.75,1.9,4.075,2.275,3.725,3.0740852297878796,80.5856687010786,4.446909038871832,2.345207879911715,2.5298221281347035,4.8554093545240855,2.8240042492885875,4.384632253678751,96,2758,153,70,76,163,91,149,7.6275,6483.8099999999995,16.969375000000003,3.6774999999999998,5.19,22.524375000000003,7.024375000000001,18.069375,89,4320,198,99,105,239,120,210,8,20,15,8,7,16,11,13
2.45,68.4,3.775,1.675,1.85,4.0,2.3,3.675,3.1064449134018135,80.26425107107148,4.435651023243375,2.2638462845343543,2.4698178070456938,4.769696007084728,2.8284271247461903,4.361765697512878,98,2736,151,67,74,160,92,147,7.959999999999999,6435.327499999999,16.699374999999996,3.4993749999999997,4.9975,21.8475,7.097499999999999,17.644375,89,4168,195,95,102,231,121,206,7,19,15,8,6,15,11,12
2.425,68.225,3.825,1.7,1.9,4.075,2.4,3.75,3.09434968935316,80.04483118852835,4.48051336344397,2.2693611435820435,2.5298221281347035,4.839938016132025,2.898275349237888,4.43846820423443,97,2729,153,68,76,163,96,150,8.074375,6348.269375000001,17.749375000000004,3.46,4.96,22.044375,7.297499999999999,18.797500000000003,86,4170,195,94,101,230,123,207,7,19,15,8,6,15,12,13
2.3,70.275,3.775,1.7,1.875,4.3,2.4,3.725,2.9068883707497264,82.21785085977375,4.401704215414752,2.2693611435820435,2.5248762345905194,5.044799302251775,2.898275349237888,4.3903302837030385,92,2811,151,68,75,172,96,149,7.45,6728.134375,17.199374999999996,3.5875,4.994375000000001,24.5475,7.590000000000001,18.419374999999995,80,4243,198,96,103,240,130,207,7,19,16,9,6,16,13,13
2.325,68.3,3.95,1.675,1.8,4.25,2.375,3.7,2.9111853256019273,80.60459043999914,4.538722287164087,2.2638462845343543,2.479919353527449,5.004997502496879,2.876629972728505,4.364630568559039,93,2732,158,67,72,170,95,148,7.424375,6483.7775,17.8775,3.6243749999999997,4.94,24.240000000000002,7.674375,17.7275,83,4352,192,94,102,252,131,210,8,20,16,9,6,17,13,13
2.4,67.625,3.775,1.625,1.775,4.175,2.4,3.6,2.949576240750525,80.2058289652317,4.401704215414752,2.19658826364888,2.4647515087732477,4.9522722057657536,2.9068883707497264,4.318564576337836,96,2705,151,65,71,167,96,144,7.797500000000001,6424.124374999999,16.044375000000002,3.444375,5.024375000000001,23.844375,7.81,17.0875,86,4200,191,93,99,244,130,208,9,19,15,9,5,16,13,12
2.4,67.675,3.85,1.75,1.9,4.25,2.4,3.65,2.949576240750525,80.26752145170548,4.444097208657794,2.3874672772626644,2.6832815729997477,5.034878350069642,2.9068883707497264,4.3531597719357835,96,2707,154,70,76,170,96,146,7.797499999999999,6380.069375000001,16.860000000000003,4.01,5.6375,24.140000000000004,7.45,17.740000000000002,88,4220,186,95,101,245,124,205,10,19,15,9,5,16,12,12
2.375,69.55,3.75,1.725,1.875,4.425,2.375,3.7,2.9283100928692645,82.33164640646997,4.260281680828158,2.361143790623519,2.6504716561397146,5.155094567512801,2.8939592256975564,4.466542286825459,95,2782,150,69,75,177,95,148,7.894374999999999,6741.897500000001,15.589999999999998,4.194374999999999,5.869375,25.719375000000003,7.519374999999999,18.6275,90,4332,186,101,109,254,128,210,11,19,16,10,6,17,13,12
2.275,68.55,3.85,1.75,1.9,4.325,2.35,3.75,2.8591956910991594,81.80770134895614,4.306971093471606,2.3769728648009427,2.6739483914241875,5.096567472328803,2.8896366553599777,4.488875137492688,91,2742,154,70,76,173,94,150,7.649375000000001,6666.9975,15.66,4.209999999999999,5.9399999999999995,25.374374999999997,7.540000000000001,18.5875,87,4450,188,104,115,258,126,217,10,20,16,11,7,17,13,12
2.275,68.625,3.9,1.825,1.9,4.275,2.325,3.75,2.8591956910991594,81.83749140827815,4.318564576337836,2.4238399287081647,2.6739483914241875,5.0373604199024715,2.8591956910991594,4.488875137492688,91,2745,156,73,76,171,93,150,7.649375000000001,6671.109375,15.5875,4.249374999999999,5.94,24.849375000000002,7.409375,18.5875,85,4414,188,101,116,264,129,221,9,20,16,11,7,18,13,12
2.25,69.0,4.05,1.75,2.025,4.275,2.375,3.8,2.8460498941515415,82.22834061319735,4.488875137492688,2.345207879911715,2.876629972728505,5.0373604199024715,2.9453352950046283,4.533210782657255,90,2760,162,70,81,171,95,152,7.609999999999999,6731.25,17.9,4.06,6.774374999999999,24.849375000000002,7.819374999999999,19.11,86,4268,197,98,116,255,128,216,10,19,17,10,6,17,13,11
2.25,69.0,4.15,1.8,2.0,4.4,2.45,3.875,2.8460498941515415,82.22834061319735,4.598912915026768,2.3874672772626644,2.8548204847240397,5.196152422706632,2.9832867780352594,4.639504283864818,90,2760,166,72,80,176,98,155,7.677499999999999,6731.25,18.59,4.3774999999999995,6.5875,26.639999999999997,8.1775,19.899375,87,4348,212,101,123,268,134,228,11,19,18,11,7,18,14,12
2.225,69.35,4.175,1.85,1.975,4.425,2.425,3.85,2.832843094843059,82.31342539343142,4.617899955607527,2.4083189157584592,2.850438562747845,5.203364296299078,2.962262648719725,4.620606020859169,89,2774,167,74,79,177,97,154,7.634375,6741.277499999999,18.684375,4.590000000000001,6.499375000000001,26.619375,7.824375000000001,19.7875,88,4489,213,98,119,273,133,228,12,20,18,11,6,18,14,12
2.225,69.7,4.175,1.825,1.9,4.375,2.4,3.825,2.832843094843059,82.45362332851117,4.617899955607527,2.3717082451262845,2.756809750418044,5.164784603446692,2.9410882339705484,4.617899955607527,89,2788,167,73,76,175,96,153,7.634375,6760.159999999999,18.844375,4.469374999999999,6.16,26.284375,7.7475,19.699375,86,4431,212,102,119,273,133,227,12,20,17,12,6,18,14,12
2.175,69.625,4.2,1.925,2.05,4.375,2.45,3.825,2.797320146139873,82.36671050855436,4.6475800154489,2.57390753524675,3.0659419433511785,5.164784603446692,3.0083217912982647,4.617899955607527,87,2785,168,77,82,175,98,153,7.494375,6746.759375,19.197499999999998,5.244375,7.577500000000001,26.284375,8.05,19.699375,82,4261,209,104,123,265,133,220,11,19,16,12,6,17,14,11
2.175,69.625,4.275,1.925,2.075,4.45,2.55,3.875,2.797320146139873,82.36671050855436,4.719639816765682,2.57390753524675,3.07001628660175,5.2583267300539625,3.0740852297878796,4.703721930556695,87,2785,171,77,83,178,102,155,7.494375,6746.759375,19.634375,5.359375,7.669375,27.347500000000004,8.64,20.369374999999998,83,4337,219,110,131,273,141,232,12,19,17,12,7,17,15,12
2.15,69.8,4.2,1.925,2.025,4.45,2.525,3.775,2.7838821814150108,82.41237771111813,4.663689526544408,2.57390753524675,3.053686296920494,5.2583267300539625,3.07001628660175,4.639504283864818,86,2792,168,77,81,178,101,151,7.327500000000001,6752.110000000001,19.347500000000004,5.359375,7.699374999999999,27.347500000000004,8.659375,20.144375,82,4475,222,105,130,281,145,237,12,20,17,11,7,18,15,13
2.15,70.05,4.175,1.925,2.05,4.475,2.55,3.8,2.7838821814150108,82.52454180424148,4.644889664997437,2.57390753524675,3.057776970284131,5.260703375025055,3.082207001484488,4.642197755374064,86,2802,167,77,82,179,102,152,7.327499999999999,6767.397500000002,19.249375,5.359375,7.659999999999999,27.344375000000003,8.690000000000001,20.2275,81,4424,213,109,129,276,147,231,12,20,16,12,7,18,15,13
2.175,69.825,4.15,1.975,2.125,4.525,2.6,3.825,2.7883686987197374,82.26375264963299,4.61519230368573,2.6504716561397146,3.142451272494134,5.317424188458167,3.1144823004794873,4.677071733467427,87,2793,166,79,85,181,104,153,7.384375,6727.319374999999,18.8975,5.644375,7.984375,27.884375,8.797500000000001,20.609375,80,4246,208,105,130,272,144,228,13,19,16,11,7,17,14,12
2.25,69.825,4.125,1.975,2.125,4.65,2.625,4.025,2.9068883707497264,82.26375264963299,4.579847159021795,2.6504716561397146,3.142451272494134,5.490901565316938,3.142451272494134,4.967393682807917,90,2793,165,79,85,186,105,161,7.959999999999999,6727.319374999999,18.649375,5.644374999999999,7.984375,29.9,9.019375,22.919375,83,4318,216,109,135,285,147,246,13,19,17,11,8,18,14,13
2.25,69.95,4.125,2.025,2.1,4.7,2.625,4.1,2.9068883707497264,82.29641547479453,4.579847159021795,2.6879360111431225,3.1304951684997055,5.509083408335728,3.142451272494134,5.034878350069642,90,2798,165,81,84,188,105,164,7.959999999999999,6731.097499999999,18.649375,6.069374999999999,7.6975,29.99,9.019375,23.39,84,4459,215,109,135,298,151,249,13,20,17,11,8,19,15,13
2.175,70.25,4.125,2.025,2.175,4.8,2.6,4.1,2.8151376520518494,82.42390429966296,4.579847159021795,2.6879360111431225,3.1662280397975127,5.563272418280449,3.1304951684997055,5.034878350069642,87,2810,165,81,87,192,104,164,7.534375,6748.1375,18.799375,6.069375,7.699375000000001,30.3875,8.99,23.527499999999996,86,4406,214,107,130,292,151,251,14,20,16,11,8,18,15,14
2.125,70.075,4.0,2.075,2.15,4.825,2.675,4.125,2.7613402542968153,82.2208915057481,4.511097427455985,2.797320146139873,3.1144823004794873,5.596874127582288,3.2132538026119257,5.0571731233961135,85,2803,160,83,86,193,107,165,7.294375,6717.0443749999995,17.790000000000003,6.559375,7.45,30.724375,9.374375,23.819375,82,4231,204,108,126,282,154,244,14,19,15,10,8,17,15,13
2.15,70.075,3.95,2.1,2.275,4.975,2.725,4.225,2.7658633371878665,82.2208915057481,4.455333881989093,2.8106938645110393,3.2132538026119257,5.833095233235953,3.244225639501667,5.232112384114087,86,2803,158,84,91,199,109,169,7.347500000000001,6717.0443749999995,17.4475,6.69,8.434375,33.634375,9.759375,25.344375,84,4308,207,117,137,294,160,254,15,19,15,11,9,17,16,14
2.125,70.35,3.925,2.15,2.3,4.95,2.725,4.25,2.7613402542968153,82.28942823959831,4.430011286667337,2.8460498941515415,3.2171415884290826,5.826662852782886,3.244225639501667,5.239274758971894,85,2814,157,86,92,198,109,170,7.349375,6724.6275,17.299375000000005,6.659999999999999,8.5275,33.589999999999996,9.669374999999999,25.3475,84,4446,199,121,141,307,162,261,15,20,14,12,9,18,17,14
2.125,70.725,3.875,2.225,2.325,5.0,2.7,4.25,2.7613402542968153,82.46014188685344,4.407380174207803,2.8853076092507015,3.2210246816812815,5.852349955359813,3.24037034920393,5.239274758971894,85,2829,155,89,93,200,108,170,7.349374999999999,6747.474375,16.784375,6.699374999999999,8.484375,33.8275,9.690000000000001,25.347499999999997,85,4400,202,117,137,305,159,262,15,20,14,12,9,18,17,14
2.1,70.525,3.925,2.225,2.275,5.025,2.725,4.25,2.7386127875258306,82.23913302072195,4.452527372178637,2.8853076092507015,3.142451272494134,5.88430114796991,3.2825295124339706,5.239274758971894,84,2821,157,89,91,201,109,170,7.25,6713.924375,17.344374999999996,6.699374999999999,8.119375000000002,34.169375,9.919374999999999,25.347500000000004,84,4220,198,114,132,296,158,254,15,19,14,12,8,17,16,13
2.025,70.525,3.95,2.25,2.25,5.125,2.75,4.3,2.669269563007828,82.23913302072195,4.494441010848846,2.8896366553599777,3.1304951684997055,6.018720794321664,3.3015148038438356,5.315072906367325,81,2821,158,90,90,205,110,172,6.944374999999999,6713.924375,17.64,6.7875,7.977500000000001,35.894375000000004,10.09,26.0,81,4291,210,117,136,308,167,262,15,19,15,13,9,18,17,14
1.85,70.8,3.875,2.2,2.25,5.125,2.725,4.3,2.355843797877949,82.31099562026935,4.41871021905714,2.8722813232690143,3.1304951684997055,6.018720794321664,3.29013677527242,5.315072906367325,74,2832,155,88,90,205,109,172,5.51,6721.81,17.199375000000003,6.81,7.840000000000001,35.894375000000004,9.874374999999999,26.0,81,4433,212,116,137,315,167,266,16,20,15,13,9,18,17,14
1.725,71.3,3.825,2.35,2.275,5.1,2.8,4.275,2.1621748310439655,82.54150471126633,4.396020928066653,3.024896692450835,3.1344856037314957,6.008327554319921,3.3689761055846033,5.312720583655798,69,2852,153,94,91,204,112,171,4.6743749999999995,6752.26,17.149375,7.327499999999999,7.934375,35.7975,10.247499999999999,26.049375000000005,81,4386,207,121,136,314,166,263,16,20,14,13,9,18,17,13
1.6,71.025,3.75,2.4,2.3,5.125,2.725,4.275,1.9493588689617927,82.23943701169166,4.3531597719357835,3.057776970284131,3.1622776601683795,6.035312750802563,3.244225639501667,5.312720583655798,64,2841,150,96,92,205,109,171,3.7900000000000005,6706.699375000001,16.5475,7.390000000000001,8.040000000000001,36.094375,9.574375,26.049374999999998,80,4200,201,123,139,307,157,258,17,19,13,13,10,17,16,12
1.6,71.025,3.975,2.425,2.3,5.125,2.75,4.425,1.9493588689617927,82.23943701169166,4.772315999596003,3.0618621784789726,3.1622776601683795,6.035312750802563,3.271085446759225,5.533985905294664,64,2841,159,97,92,205,110,177,3.79,6706.699375000001,19.624374999999997,7.344375000000001,8.1775,36.094375,9.7975,27.984375,82,4263,214,122,143,313,162,271,17,19,14,13,11,17,17,13
1.575,71.175,3.975,2.525,2.325,5.175,2.75,4.45,1.9170289512680814,82.28502293856398,4.772315999596003,3.2210246816812815,3.1662280397975127,6.051859218455102,3.271085446759225,5.545268253204709,63,2847,159,101,93,207,110,178,3.659375,6711.919375,19.624374999999997,8.049375000000001,8.134375,36.234375,9.7975,28.027499999999996,78,4409,216,128,143,321,164,276,16,20,13,13,11,18,17,13
1.6,71.675,3.95,2.5,2.3,5.275,2.75,4.45,1.9493588689617927,82.53378096270642,4.769696007084728,3.2015621187164243,3.1543620591175006,6.117597567673114,3.271085446759225,5.545268253204709,64,2867,158,100,92,211,110,178,3.8,6744.994375,19.509999999999998,8.0,8.127500000000001,36.899375,9.7975,27.860000000000003,78,4365,217,130,142,319,164,274,16,20,13,13,11,18,17,13
1.625,71.3,4.025,2.625,2.4,5.275,2.75,4.525,1.9685019685029528,82.1215562443869,4.870831551183022,3.29772648956823,3.3090784215548594,6.117597567673114,3.271085446759225,5.632495006655576,65,2852,161,105,96,211,110,181,3.8693750000000007,6683.110000000001,20.749375,8.234375,8.8475,36.899375,9.7975,29.084375,77,4172,215,132,145,305,158,271,16,19,12,13,11,17,16,13
1.575,71.3,4.075,2.75,2.425,5.325,2.775,4.65,1.9170289512680814,82.1215562443869,4.932038118263078,3.427827300200522,3.3128537546954893,6.190718859712497,3.305298776207682,5.8395205282625735,63,2852,163,110,97,213,111,186,3.659375,6683.110000000001,21.174374999999998,9.647499999999999,8.944374999999999,37.869375000000005,10.069375,31.0375,79,4233,228,140,152,315,162,287,17,19,13,13,12,18,16,14
1.525,71.375,4.275,2.925,2.45,5.325,2.75,4.625,1.8907670401189038,82.14301552779762,5.208166663999915,3.6979724174201194,3.3241540277189325,6.190718859712497,3.3015148038438356,5.828807768317635,61,2855,171,117,98,213,110,185,3.544375,6685.459375,23.224375000000002,10.699375,8.8,37.799375,10.09,30.999374999999997,79,4372,231,148,151,322,166,294,17,20,13,13,11,19,16,14
1.45,71.85,4.25,2.85,2.4,5.375,2.775,4.65,1.8303005217723127,82.399939320366,5.191338940966964,3.626292872893749,3.2939338184001206,6.22294142668883,3.3203915431767985,5.830951894845301,58,2874,170,114,96,215,111,186,3.2875,6720.027499999999,23.147499999999997,10.427499999999998,8.7475,38.124375,10.169375,31.110000000000003,77,4337,233,152,152,322,165,293,17,20,12,13,11,19,16,14
1.475,71.35,4.4,2.85,2.425,5.275,2.725,4.675,1.8506755523321747,81.8581089446855,5.333854141237834,3.626292872893749,3.3203915431767985,6.142068055630775,3.244225639501667,5.850213671311502,59,2854,176,114,97,211,109,187,3.319375,6639.1275,25.21,10.4275,8.849375,37.26937500000001,9.759375,31.419374999999995,77,4136,237,150,152,307,156,287,17,19,12,13,11,18,15,13
1.45,71.35,4.625,2.925,2.425,5.2,2.825,4.75,1.816590212458495,81.8581089446855,5.720576893985431,3.6571847095819483,3.3203915431767985,6.037383539249433,3.4241787336527865,5.9455865984779,58,2854,185,117,97,208,113,190,3.0975,6639.1275,28.624374999999997,10.399375000000001,8.849375,35.8875,11.124375,32.2875,74,4189,256,150,155,305,164,298,17,19,13,13,11,18,16,14
1.45,71.3,4.65,3.0,2.4,5.2,2.9,4.7,1.816590212458495,81.84283719422244,5.73149195236284,3.7080992435478315,3.3166247903554,6.037383539249433,3.456877203488721,5.928743543112655,58,2852,186,120,96,208,116,188,3.0975,6637.410000000001,28.6475,11.190000000000001,8.75,35.8875,11.227500000000001,32.260000000000005,73,4330,265,157,152,312,174,304,17,20,13,14,11,19,17,14
1.4,71.75,4.7,3.075,2.4,5.25,2.925,4.675,1.760681686165901,82.08988975507276,5.740209055426466,3.758324094593227,3.3166247903554,6.078651166171653,3.4677081768799405,5.926634795564849,56,2870,188,123,96,210,117,187,2.7975000000000003,6670.6875,28.95,11.319374999999999,8.75,36.31,11.169375,32.319374999999994,72,4299,265,165,152,314,170,298,17,20,13,15,11,19,16,13
1.4,71.25,4.8,3.175,2.45,5.25,2.925,4.7,1.760681686165901,81.5582613841173,5.860887304837042,3.8373167708699785,3.391164991562634,6.078651166171653,3.4677081768799405,5.953990258641679,56,2850,192,127,98,210,117,188,2.7975000000000003,6591.6875,30.74,11.574375,9.0975,36.31,11.169375,32.7275,73,4098,261,164,152,299,165,291,18,19,12,14,11,18,15,12
1.375,71.25,4.875,3.225,2.575,5.275,2.925,4.8,1.7392527130926085,81.5582613841173,5.956089321022645,3.863288754416372,3.48209706929603,6.117597567673114,3.4677081768799405,6.119640512317697,55,2850,195,129,103,211,117,192,2.634375,6591.6875,31.574374999999996,11.949375,10.094375,36.824374999999996,11.169374999999999,34.3875,72,4148,278,171,163,303,171,306,18,19,13,15,12,18,16,13
1.375,71.225,4.8,3.225,2.65,5.225,2.9,4.775,1.7392527130926085,81.5501379520599,5.886425061104575,3.863288754416372,3.5142566781611158,6.10122938431264,3.456877203488721,6.105325544145865,55,2849,192,129,106,209,116,191,2.634375,6590.749374999999,31.04,11.949375,10.1,36.699374999999996,11.0475,34.299375,68,4294,276,172,170,313,167,311,17,20,13,15,13,19,15,13
1.3,71.825,4.825,3.25,2.75,5.225,2.9,4.8,1.6733200530681511,81.88788066618893,5.888548208174915,3.8794329482541645,3.598610843089316,6.10122938431264,3.456877203488721,6.107372593840988,52,2873,193,130,110,209,116,192,2.31,6636.319375000001,30.969375000000003,11.9875,10.2275,36.699374999999996,11.0475,34.2375,65,4260,275,171,164,309,172,309,16,20,13,15,12,19,16,13
1.325,71.225,4.825,3.175,2.7,5.2,2.925,4.8,1.695582495781317,81.24053791057761,5.888548208174915,3.7914377220257753,3.5142566781611158,6.074537019394976,3.4892692644735805,6.107372593840988,53,2849,193,127,108,208,117,192,2.484375,6540.349375,30.969375000000003,11.569374999999999,9.790000000000001,36.410000000000004,11.224374999999998,34.2375,64,4051,270,163,154,299,168,299,15,19,12,14,11,18,15,12
1.3,71.225,4.825,3.225,2.625,5.2,2.95,4.8,1.6733200530681511,81.24053791057761,5.888548208174915,3.830796261875591,3.48209706929603,6.074537019394976,3.5,6.107372593840988,52,2849,193,129,105,208,118,192,2.31,6540.349375,30.969375000000003,12.034375,9.319374999999999,36.410000000000004,11.3475,34.2375,65,4104,278,166,153,306,174,306,16,19,13,14,10,19,16,13
1.45,71.35,4.9,3.25,2.6,5.25,3.025,4.775,1.9235384061671346,81.2797637791843,5.958187643906492,3.847076812334269,3.4641016151377544,6.0909769331364245,3.531996602489872,6.097130472607585,58,2854,196,130,104,210,121,191,2.9775,6544.777499999999,31.5,12.077499999999999,9.2775,36.46,11.424375000000001,34.199374999999996,69,4248,277,172,154,310,176,310,16,20,13,15,10,19,17,13
1.475,72.0,4.875,3.25,2.575,5.325,3.0,4.75,1.9429359227725447,81.65476103694138,5.951890455981192,3.847076812334269,3.4532593299664014,6.170494307589952,3.5142566781611158,6.0909769331364245,59,2880,195,130,103,213,120,190,2.919375,6595.25,31.719375000000003,12.0775,9.284375,37.309375,11.35,33.86,71,4221,275,170,150,313,174,308,15,20,13,15,10,19,17,13
1.525,71.475,4.675,3.325,2.5,5.225,2.9,4.725,1.9937402037376886,81.12259241419741,5.815926409438139,3.895510236156491,3.331666249791536,6.088924371348359,3.398529093593286,6.072478900745559,61,2859,187,133,100,209,116,189,3.024375,6517.274375,29.309375,12.199374999999998,8.6975,36.474375,10.74,33.544375,70,4013,261,167,144,302,165,300,14,19,12,14,9,18,16,12
1.525,71.475,4.8,3.275,2.5,5.175,2.875,4.85,1.9937402037376886,81.12259241419741,6.016643582596529,3.8697545141778695,3.331666249791536,6.022873068561216,3.3800887562311144,6.284902544988268,61,2859,192,131,100,207,115,194,2.924375,6517.274374999999,31.1375,11.644375,8.6975,35.594375,10.569374999999999,35.697500000000005,70,4058,270,169,148,301,164,312,13,19,12,14,10,18,16,13
1.55,71.4,4.7,3.275,2.525,5.175,2.825,4.85,2.0124611797498106,81.09901355750266,5.9833101206606365,3.8697545141778695,3.3354160160315836,6.022873068561216,3.365263734092768,6.284902544988268,62,2856,188,131,101,207,113,194,2.9475000000000002,6514.640000000001,31.1775,11.644375,8.799375000000001,35.594375,10.559375,35.697500000000005,71,4196,277,167,147,309,166,319,13,20,12,14,10,19,16,13
1.55,72.0,4.7,3.225,2.5,5.25,2.825,4.875,2.0124611797498106,81.48282027519666,5.9833101206606365,3.843826218756514,3.3241540277189325,6.078651166171653,3.365263734092768,6.286891123599962,62,2880,188,129,100,210,113,195,2.9475000000000002,6567.2,30.96,11.624375,8.8,36.14,10.559375,35.819374999999994,72,4182,273,166,142,310,165,318,13,20,12,15,10,19,16,13
1.55,71.375,4.625,3.175,2.35,5.275,2.775,4.925,2.0124611797498106,80.85527193696154,5.926634795564849,3.76497011940334,3.0413812651491097,6.105325544145865,3.305298776207682,6.334429729659964,62,2855,185,127,94,211,111,197,2.9475000000000002,6475.559375,29.949374999999996,11.199375,7.4275,36.419375,10.244375,36.609375,70,3966,265,162,134,297,157,310,12,19,11,14,9,18,15,12
1.575,71.375,4.7,3.225,2.425,5.3,2.725,5.0,2.03100960115899,80.85527193696154,6.020797289396148,3.7914377220257753,3.1024184114977142,6.1400325732035,3.2596012026013246,6.457553716385176,63,2855,188,129,97,212,109,200,2.859375,6475.559375,30.7275,11.569374999999999,7.999375000000001,36.89,9.859375,37.8975,69,4010,273,170,140,304,158,319,11,19,12,15,10,18,16,12
1.55,71.35,4.7,3.225,2.45,5.35,2.775,4.975,2.0248456731316584,80.84769631844806,6.020797289396148,3.7914377220257753,3.1064449134018135,6.156297588648554,3.274904578762563,6.455617708631761,62,2854,188,129,98,214,111,199,2.8900000000000006,6474.7275,30.7275,11.399375,8.0875,36.9975,9.869375,37.774375,71,4144,279,169,142,316,160,331,11,20,12,15,10,19,17,12
1.525,71.975,4.725,3.125,2.525,5.45,2.725,4.975,2.018662923818635,81.26792110051788,6.035312750802563,3.7383151285037486,3.1662280397975127,6.2048368229954285,3.2596012026013246,6.455617708631761,61,2879,189,125,101,218,109,199,2.919375,6532.649374999999,31.694374999999997,11.334375,8.269375,37.3975,9.859375,37.774375,69,4138,277,169,143,312,161,326,10,20,12,15,11,19,17,12
1.55,71.4,4.65,3.15,2.6,5.45,2.775,4.9,2.0371548787463363,80.70346956606016,5.991660871578097,3.774917217635375,3.3166247903554,6.2048368229954285,3.3203915431767985,6.391400472509918,62,2856,186,126,104,218,111,196,2.8275,6450.640000000001,30.8375,11.5275,9.040000000000001,37.3975,10.169375,36.6475,64,3921,268,168,141,297,159,311,9,19,11,14,10,18,16,11
1.425,71.4,4.825,3.175,2.575,5.425,2.75,4.9,1.8096961070853856,80.70346956606016,6.262986508048696,3.7914377220257753,3.3128537546954893,6.16644143732834,3.2939338184001206,6.391400472509918,57,2856,193,127,103,217,110,196,2.2243749999999998,6450.640000000001,33.344375,11.734375,8.944374999999999,36.86937499999999,9.9475,36.6475,58,3965,281,176,147,300,162,321,8,19,12,15,10,18,16,12
1.425,71.5,4.8,3.125,2.55,5.425,2.725,4.8,1.8096961070853856,80.73567984478734,6.248999919987197,3.76497011940334,3.3090784215548594,6.16644143732834,3.29013677527242,6.328506932918696,57,2860,192,125,102,217,109,192,2.2243749999999998,6454.25,33.290000000000006,11.199375,8.99,36.86937499999999,9.969375,36.2475,57,4103,286,177,145,310,165,323,8,20,12,16,10,19,16,11
1.375,72.15,4.8,3.225,2.55,5.425,2.75,4.825,1.7818529681205462,81.16926758324236,6.248999919987197,3.8177218337642147,3.3090784215548594,6.16644143732834,3.3015148038438356,6.334429729659964,55,2886,192,129,102,217,110,193,2.224375,6513.6275000000005,33.29,11.244375000000002,8.99,36.86937499999999,9.997499999999999,36.419374999999995,58,4091,289,173,145,309,163,323,8,20,12,16,10,19,16,11
1.375,71.35,4.9,3.175,2.525,5.45,2.75,4.85,1.7818529681205462,80.41672711569403,6.2809234989768825,3.7383151285037486,3.2672618505409083,6.2008063991709985,3.3015148038438356,6.356099432828281,55,2854,196,127,101,218,110,194,2.2243749999999998,6405.227499999999,34.160000000000004,10.824375,8.784375,37.239999999999995,9.997499999999999,36.79,57,3879,288,165,136,293,158,311,7,19,12,15,9,18,15,10
1.375,71.35,5.025,3.2,2.45,5.375,2.775,4.85,1.7818529681205462,80.41672711569403,6.408978077665736,3.7549966711037173,3.1859064644147983,6.072478900745559,3.3279122584587473,6.356099432828281,55,2854,201,128,98,215,111,194,2.1243749999999997,6405.227499999999,35.194375,11.0375,8.0475,35.494375000000005,10.219375000000001,36.79,57,3913,301,168,139,298,163,319,7,19,13,15,10,18,15,11
1.4,71.35,4.975,3.125,2.45,5.375,2.75,4.875,1.7888543819998317,80.41672711569403,6.385530518288985,3.724916106437835,3.1859064644147983,6.072478900745559,3.3241540277189325,6.365924913160694,56,2854,199,125,98,215,110,195,2.0974999999999997,6405.227499999999,35.134375,11.069375,8.0475,35.494375000000005,10.24,36.819374999999994,55,4047,305,171,138,305,166,324,7,20,13,15,10,19,15,11
1.375,72.075,4.975,3.125,2.5,5.475,2.775,4.9,1.7677669529663689,80.95137429346089,6.385530518288985,3.724916106437835,3.2171415884290826,6.170494307589952,3.3279122584587473,6.371812928829597,55,2883,199,125,100,219,111,196,2.074375,6479.594374999999,35.369375000000005,11.069374999999999,8.1,36.449375,10.219375000000001,36.989999999999995,55,4053,302,173,139,308,161,327,7,20,12,15,11,19,15,11
1.4,71.275,5.0,3.1,2.475,5.425,2.775,4.925,1.8027756377319946,80.24665102046315,6.407027391856539,3.7013511046643495,3.1898275815473163,6.113509630318742,3.3279122584587473,6.385530518288985,56,2851,200,124,99,217,111,197,2.1475,6379.074375000001,35.760000000000005,10.977500000000001,7.999375000000001,35.874375,10.219375,37.259375,56,3858,294,168,134,292,157,317,7,19,11,14,10,18,14,10
1.475,71.275,4.925,3.075,2.525,5.35,2.8,5.025,1.9039432764659772,80.24665102046315,6.3304818142065615,3.6979724174201194,3.2210246816812815,6.008327554319921,3.3541019662496847,6.555532015023648,59,2851,197,123,101,214,112,201,2.359375,6379.074375,35.124375,10.869375,8.344375,34.410000000000004,10.440000000000001,39.074374999999996,55,3886,300,170,138,295,163,328,6,19,12,14,11,19,14,11
1.5,71.225,4.9,3.075,2.5,5.425,2.85,5.05,1.9235384061671346,80.23044933190889,6.320601237224193,3.6979724174201194,3.2171415884290826,6.027022482121666,3.383784863137726,6.568865959965997,60,2849,196,123,100,217,114,202,2.2600000000000002,6377.249374999999,35.11,10.869375000000002,8.39,34.434375,10.5475,39.15,57,4017,301,164,139,303,166,334,6,20,12,14,11,20,15,11
1.525,71.9,4.875,3.0,2.525,5.525,2.825,5.05,1.9429359227725447,80.74620734127393,6.318623267769649,3.605551275463989,3.228776858192588,6.093028803476971,3.350373113550191,6.568865959965997,61,2876,195,120,101,221,113,202,2.394375,6449.39,35.194374999999994,10.440000000000001,8.249375,34.949374999999996,10.369375,39.15,59,4030,301,164,136,301,166,333,6,20,12,14,10,20,15,11
1.525,71.05,5.025,3.0,2.625,5.5,2.8,5.05,1.9429359227725447,80.02718288181835,6.41287766919033,3.605551275463989,3.409545424246464,6.06630035524124,3.3241540277189325,6.568865959965997,61,2842,201,120,105,220,112,202,2.509375,6347.347500000001,37.024375000000006,10.439999999999998,9.144375,34.697500000000005,10.24,39.15,58,3842,294,162,137,288,159,322,6,19,11,14,9,19,14,10
1.475,71.05,4.9,3.075,2.725,5.6,2.75,5.025,1.8907670401189038,80.02718288181835,6.2048368229954285,3.6571847095819483,3.4964267474094175,6.196773353931867,3.278719262151,6.528782428600298,59,2842,196,123,109,224,110,201,2.419375,6347.347500000001,34.89,11.199375,10.049375000000001,36.5775,9.8475,38.724374999999995,59,3865,301,163,148,295,160,329,7,19,12,15,10,19,15,11
1.475,71.075,4.775,3.0,2.75,5.575,2.825,5.025,1.8907670401189038,80.03608561142904,6.154266812545585,3.5425979167836705,3.5071355833500366,6.186679238492974,3.3128537546954893,6.528782428600298,59,2843,191,120,110,223,113,201,2.419375,6348.394374999999,34.724374999999995,10.59,10.05,36.519375,9.924375000000001,38.724374999999995,59,3998,304,166,155,304,163,334,7,20,12,16,11,20,16,11
1.45,71.825,4.8,3.05,2.825,5.6,2.9,5.05,1.857417562100671,80.65218533927025,6.156297588648554,3.5846896657869842,3.56019662378358,6.212889826803627,3.391164991562634,6.534523701081817,58,2873,192,122,113,224,116,202,2.3475,6435.469374999999,34.8375,10.7475,10.194375,36.777499999999996,10.290000000000001,39.089999999999996,58,4018,297,163,151,308,163,330,7,20,12,16,11,20,16,10
1.425,70.8,4.75,2.975,2.775,5.55,2.85,4.975,1.8371173070873836,79.85392914565945,6.099180272790763,3.5106979363083917,3.4749100707788108,6.164414002968976,3.3466401061363023,6.459489143887464,57,2832,190,119,111,222,114,199,2.424375,6323.360000000001,33.96,10.434375,9.749375,36.31000000000001,10.0975,37.824375,58,3847,287,154,144,293,157,313,7,19,11,15,10,19,15,9
1.425,70.65,4.75,2.9,2.825,5.5,2.775,4.95,1.8371173070873836,79.62066314720067,6.099180272790763,3.4132096331752027,3.50356960827097,6.0909769331364245,3.2672618505409083,6.41482657598785,57,2826,190,116,113,220,111,198,2.324375,6283.947499999999,33.96,9.5475,10.099375,35.277499999999996,9.409375,37.347500000000004,59,3858,296,144,149,295,156,319,8,19,12,15,11,19,16,10
1.45,70.625,4.5,2.675,2.825,5.475,2.775,4.925,1.8439088914585775,79.61297004885573,5.848076606885378,3.1024184114977142,3.50356960827097,6.088924371348359,3.2672618505409083,6.408978077665736,58,2825,180,107,113,219,111,197,2.2975,6283.094375000001,31.95,8.124374999999999,10.099375,35.319374999999994,9.409375,37.369375,59,3974,296,140,153,299,155,326,8,20,13,15,12,19,16,10
1.475,71.3,4.425,2.7,2.825,5.45,2.825,4.95,1.8506755523321747,80.18322767262491,5.828807768317635,3.122498999199199,3.50356960827097,6.070420084310475,3.3279122584587473,6.41482657598785,59,2852,177,108,113,218,113,198,2.269375,6363.74,31.944375,8.1875,10.244375000000002,35.160000000000004,9.694374999999999,37.54,57,4006,286,143,153,301,159,325,8,20,12,15,12,19,16,10
1.45,70.325,4.25,2.7,2.9,5.475,2.775,4.925,1.8303005217723127,79.45643460412757,5.692099788303083,3.122498999199199,3.6193922141707713,6.08481717063052,3.2825295124339706,6.397265040624783,58,2813,170,108,116,219,111,197,2.2474999999999996,6262.559375,29.839999999999996,8.1875,10.85,35.269375,9.509375,37.219375,57,3841,265,143,157,291,150,313,8,19,11,15,13,18,15,9
1.4,70.075,4.125,2.725,2.975,5.5,2.625,4.95,1.8027756377319946,79.0716447280566,5.433691194758863,3.150396800404673,3.6503424496887957,6.115553940568262,3.0454884665682123,6.434283176858165,56,2803,165,109,119,220,105,198,2.25,6197.934375,27.349375000000002,8.769375,11.294375,35.71,7.649375000000001,37.597500000000004,56,3847,264,142,167,294,143,319,8,19,12,15,14,18,15,10
1.425,70.15,4.1,2.625,3.0,5.475,2.575,5.0,1.8096961070853856,79.09582795571458,5.422176684690384,3.086259872402193,3.653765181289022,6.109418957642371,3.0124740662784135,6.44980619863884,57,2806,164,105,120,219,103,200,2.2243749999999998,6200.647499999999,27.297500000000003,8.144375,11.247499999999999,35.699374999999996,7.574375000000001,37.6,56,3961,266,138,169,299,145,325,8,20,12,14,15,19,15,10
1.425,70.975,4.05,2.6,3.0,5.55,2.575,5.025,1.8096961070853856,79.8277833839823,5.412947441089743,3.057776970284131,3.653765181289022,6.2008063991709985,3.0124740662784135,6.45174395028197,57,2839,162,104,120,222,103,201,2.2243749999999998,6303.999375,27.05,8.0275,11.247499999999999,36.6275,7.574374999999999,37.724374999999995,54,3998,261,140,166,307,144,322,7,20,12,14,15,19,15,10
1.475,69.875,3.975,2.5,2.875,5.575,2.575,5.0,1.8641351882307249,79.0662696729775,5.308012810836085,2.958039891549808,3.531996602489872,6.226957523542295,3.0124740662784135,6.4265076052238514,59,2795,159,100,115,223,103,200,2.209375,6199.994375,25.694375,7.647499999999999,10.719375,36.884375,7.574375000000001,37.3,54,3848,249,134,156,293,139,308,6,19,11,13,14,18,14,9
1.475,69.35,3.9,2.45,2.8,5.5,2.6,4.975,1.8641351882307249,78.28888810041946,5.200961449578338,2.924038303442689,3.456877203488721,6.123724356957945,3.0413812651491097,6.381614215854794,59,2774,156,98,112,220,104,199,2.209375,6069.859999999999,24.8,7.339999999999999,9.99,35.397499999999994,7.8100000000000005,36.824374999999996,56,3834,256,133,151,296,145,316,6,19,12,14,13,18,15,10
1.45,69.4,3.85,2.45,2.825,5.525,2.6,4.925,1.857417562100671,78.30613002824236,5.172040216394301,2.924038303442689,3.48209706929603,6.129845022510765,3.0413812651491097,6.365924913160694,58,2776,154,98,113,221,104,197,2.2400000000000007,6071.7875,24.6475,7.339999999999999,10.094375000000001,35.399375,7.6875,36.819374999999994,56,3936,257,131,155,304,145,324,6,20,12,14,14,19,15,10
1.525,70.1,3.825,2.55,2.85,5.65,2.625,4.975,1.9170289512680814,78.9471342101789,5.169622810225133,3.0903074280724887,3.521363372331802,6.220932405998316,3.078148794324277,6.381614215854794,61,2804,153,102,114,226,105,199,2.294375,6161.2474999999995,24.694375,8.110000000000001,10.2975,36.14,7.849375,37.394375000000004,57,3976,254,138,157,305,148,323,6,20,12,14,14,19,15,10
1.525,68.825,3.85,2.575,2.775,5.6,2.575,5.025,1.9170289512680814,78.127299966145,5.191338940966964,3.118493225902535,3.4460121880225554,6.180614856144977,3.0124740662784135,6.420669746996804,61,2753,154,103,111,224,103,201,2.294375,6052.394375000001,24.990000000000002,8.224374999999998,9.984375,35.7975,7.574375000000001,38.074374999999996,59,3834,249,134,156,295,143,311,6,19,11,13,14,18,14,9
1.575,68.2,3.875,2.55,2.8,5.6,2.6,5.025,1.9685019685029528,77.20589355742216,5.222547271207796,3.0903074280724887,3.449637662132068,6.180614856144977,3.03315017762062,6.420669746996804,63,2728,155,102,112,224,104,201,2.374375,5899.910000000001,25.244375,7.9875,10.077499999999997,35.7975,7.760000000000001,38.074374999999996,59,3806,260,134,157,296,144,319,7,19,12,13,14,18,14,10
1.45,68.15,3.75,2.475,2.775,5.55,2.525,5.025,1.7320508075688772,77.18840586512977,5.113707070218238,3.053686296920494,3.4387497728098797,6.164414002968976,2.9958304357890486,6.420669746996804,58,2726,150,99,111,222,101,201,1.7900000000000003,5897.9875,24.46,7.944374999999999,10.199375,35.897499999999994,7.709375,38.074374999999996,57,3902,257,137,156,297,146,327,7,20,11,13,14,18,14,10
1.425,68.85,3.875,2.475,2.75,5.475,2.6,5.075,1.710263137648707,77.85659894960735,5.198557492228012,3.053686296920494,3.4351128074635335,6.08481717063052,3.082207001484488,6.436225602012409,57,2754,155,99,110,219,104,203,1.7693750000000001,5990.2474999999995,25.644375000000004,7.944375000000001,10.2375,35.134375,8.059999999999999,38.619375000000005,56,3952,264,139,154,298,151,327,7,20,12,13,14,19,14,10
1.375,67.525,3.975,2.425,2.675,5.5,2.6,5.175,1.6507574019219178,77.07836920952596,5.236888389110465,3.0041637771599605,3.3800887562311144,6.099180272790763,3.082207001484488,6.528782428600298,55,2701,159,97,107,220,104,207,1.7743749999999998,5890.309375,26.269375000000004,7.759375,10.044374999999999,35.24,8.059999999999999,40.144375000000004,56,3822,254,137,149,289,150,315,8,19,12,13,13,18,13,9
1.45,66.8,3.95,2.45,2.625,5.475,2.575,5.125,1.760681686165901,76.01282786477556,5.181698563212646,3.0166206257996713,3.365263734092768,6.072478900745559,3.07001628660175,6.436225602012409,58,2672,158,98,105,219,103,205,1.9975,5716.327499999999,25.747499999999995,7.777500000000002,9.824375,34.844375,7.9243749999999995,39.099374999999995,60,3788,257,134,149,290,151,324,9,19,13,12,13,18,13,10
1.425,66.9,3.975,2.425,2.625,5.425,2.575,5.1,1.7392527130926085,76.047024925371,5.18411033833193,3.0041637771599605,3.365263734092768,6.064239441183041,3.07001628660175,6.4265076052238514,57,2676,159,97,105,217,103,204,1.9743749999999998,5719.947499999999,25.824375000000003,7.524375000000001,9.699375,34.884375,7.924375,39.05,62,3874,268,132,148,292,150,329,9,20,14,11,13,18,13,10
1.425,67.7,4.05,2.425,2.775,5.45,2.6,5.1,1.7392527130926085,76.88400353779711,5.220153254455275,3.0041637771599605,3.5390676738372777,6.0909769331364245,3.0903074280724887,6.4265076052238514,57,2708,162,97,111,218,104,204,1.9743749999999998,5834.5875,26.440000000000005,7.524374999999999,10.494375,35.14,7.9875,39.05,62,3937,267,128,152,298,152,326,9,20,14,11,13,18,13,10
1.425,66.3,4.075,2.375,2.725,5.3,2.575,4.975,1.7392527130926085,76.13376386334778,5.236888389110465,2.9368350311176825,3.5106979363083917,5.991660871578097,3.07001628660175,6.338375186118284,57,2652,163,95,109,212,103,199,1.9743749999999998,5742.327499999999,26.659375,7.244375,10.569374999999999,34.3375,7.9243749999999995,37.534375,61,3824,255,122,153,288,148,308,9,19,13,10,13,17,12,9
1.45,65.325,4.125,2.3,2.725,5.2,2.55,5.0,1.7748239349298849,74.74439778337906,5.33151010502653,2.898275349237888,3.5106979363083917,5.873670062235365,3.057776970284131,6.387487769068525,58,2613,165,92,109,208,102,200,2.0475000000000003,5517.4193749999995,27.569375,6.8375,10.569375,32.677499999999995,7.7875,38.0775,61,3774,263,121,153,282,147,311,9,19,14,9,13,17,11,10
1.475,65.375,4.125,2.3,2.725,5.2,2.55,5.0,1.7818529681205462,74.7611195742814,5.33151010502653,2.898275349237888,3.5106979363083917,5.873670062235365,3.057776970284131,6.387487769068525,59,2615,165,92,109,208,102,200,2.019375,5519.084375,27.569375,6.8375,10.569375,32.677499999999995,8.0275,38.0775,63,3845,266,121,151,288,146,323,9,20,13,9,12,18,11,10
1.475,66.025,4.075,2.35,2.675,5.225,2.625,5.05,1.7818529681205462,75.45346247853706,5.303300858899107,2.9154759474226504,3.4677081768799405,5.897033152357209,3.09434968935316,6.4031242374328485,59,2641,163,94,107,209,105,202,2.019375,5611.774375000001,27.174374999999998,6.81,10.399375000000001,32.884375,8.074375,38.44000000000001,62,3911,268,116,150,289,146,323,9,20,13,9,12,18,12,10
1.45,64.375,4.15,2.225,2.475,5.125,2.525,5.1,1.760681686165901,74.68416833573231,5.352569476429054,2.7613402542968153,3.228776858192588,5.811626278418116,2.9958304357890486,6.442049363362563,58,2575,166,89,99,205,101,204,2.1,5523.334375,27.840000000000003,6.244375,9.269375,32.149375,7.709375,39.097500000000004,62,3807,256,108,144,276,140,311,9,19,12,8,12,17,11,9
1.475,63.35,4.0,2.15,2.5,5.1,2.475,5.125,1.7818529681205462,73.20792306847667,5.06458290484024,2.7202941017470885,3.2326459750489227,5.774945887192364,2.962262648719725,6.486524493131896,59,2534,160,86,100,204,99,205,2.1243749999999997,5288.840000000001,25.0875,5.8375,9.3475,31.660000000000007,7.394375000000001,39.594375,63,3740,258,105,145,275,139,320,9,19,13,7,12,17,11,10
1.45,63.25,3.95,2.15,2.6,5.075,2.55,5.1,1.7748239349298849,73.1723991679923,5.044799302251775,2.7202941017470885,3.2939338184001206,5.76411311478184,3.0,6.48074069840786,58,2530,158,86,104,203,102,204,2.0475,5285.31,25.027499999999996,5.960000000000001,9.947500000000002,31.599375,7.4375,39.75,64,3811,262,103,145,283,141,329,9,20,14,7,12,18,12,11
1.475,64.0,3.95,2.15,2.625,5.1,2.575,5.175,1.7818529681205462,74.008107663958,5.044799302251775,2.7202941017470885,3.3203915431767985,5.787918451395113,3.020761493398643,6.521119535785247,59,2560,158,86,105,204,103,207,2.1243749999999997,5395.297500000001,24.96,5.960000000000001,10.074375,31.810000000000002,7.499375000000001,40.49437499999999,63,3877,261,107,151,283,138,329,9,20,14,8,13,18,12,11
1.425,62.5,3.975,2.125,2.6,4.95,2.525,5.125,1.7535677916750183,73.39754764295603,5.067050424063293,2.6786190471957747,3.286335345030997,5.630275304103699,2.9538110975483858,6.482669203345178,57,2500,159,85,104,198,101,205,2.124375,5330.1975,25.219375,5.794375,9.897499999999999,30.377499999999998,7.224375,39.849374999999995,63,3787,254,99,144,268,129,313,9,19,14,7,12,17,11,10
1.45,61.375,4.0,2.125,2.575,4.925,2.45,5.1,1.7748239349298849,71.77795622612837,5.113707070218238,2.6786190471957747,3.274904578762563,5.592405564692174,2.8896366553599777,6.442049363362563,58,2455,160,85,103,197,98,204,2.15,5076.819375000001,25.660000000000004,5.7943750000000005,9.774375000000001,29.894375000000004,6.659999999999999,39.3975,65,3716,262,103,148,269,129,319,9,18,15,8,13,17,12,11
1.475,61.35,3.95,2.125,2.6,4.9,2.475,5.025,1.795828499606797,71.76907411970703,5.103920062069938,2.6786190471957747,3.286335345030997,5.5901699437494745,2.8939592256975564,6.42456224189633,59,2454,158,85,104,196,99,201,2.174375,5075.977499999999,25.627499999999998,5.7943750000000005,9.8975,29.9275,6.619375,39.384375,65,3775,269,103,145,270,130,324,9,19,15,8,12,17,12,11
1.45,61.95,3.925,2.15,2.6,4.95,2.6,5.025,1.7888543819998317,72.48448109768049,5.101470376273883,2.711088342345192,3.286335345030997,5.670097000933935,3.0413812651491097,6.42456224189633,58,2478,157,86,104,198,104,201,2.2,5168.4375,25.569375,5.91,9.897499999999999,30.71,7.147499999999999,39.384375,65,3829,264,107,150,278,130,324,9,19,15,8,13,17,12,11
1.4,60.8,3.9,2.15,2.55,4.85,2.5,4.975,1.7320508075688772,71.97499565821452,5.07444578254611,2.711088342345192,3.255764119219941,5.599107071667768,2.9068883707497264,6.40117176773128,56,2432,156,86,102,194,100,199,2.0974999999999997,5121.8775000000005,25.26,5.91,9.877500000000001,30.139999999999997,6.6275,38.944374999999994,65,3754,258,105,148,273,124,307,9,19,14,8,13,16,11,10
1.4,59.45,4.025,2.15,2.55,4.825,2.45,4.9,1.7320508075688772,70.07424633915087,5.25594901040716,2.711088342345192,3.255764119219941,5.570008976653448,2.8548204847240397,6.264982043070834,56,2378,161,86,102,193,98,196,2.0974999999999997,4829.4,26.944375,5.91,9.877500000000001,29.759375,6.19,37.427499999999995,66,3666,270,108,147,271,121,310,9,18,15,8,13,16,11,11
1.35,59.55,4.0,2.2,2.65,4.825,2.375,4.825,1.70293863659264,70.11276631256251,5.248809388804284,2.7294688127912363,3.3166247903554,5.570008976653448,2.8151376520518494,6.234981956669963,54,2382,160,88,106,193,95,193,2.09,4832.99,26.910000000000004,5.8875,10.0975,29.759375,6.169375,37.249375,66,3718,277,107,152,277,122,315,8,19,15,8,14,17,11,11
1.325,60.175,4.075,2.175,2.7,4.975,2.35,4.975,1.680773631397161,70.8884687378702,5.2701992372205435,2.7064737205448717,3.361547262794322,5.807322963293845,2.7838821814150108,6.306742423787418,53,2407,163,87,108,199,94,199,1.874375,4930.599375,27.249374999999997,5.824374999999999,10.3,32.099374999999995,6.0600000000000005,38.509375,66,3765,274,107,146,286,124,317,8,19,15,8,14,17,11,12
1.325,59.325,4.025,2.175,2.525,4.85,2.325,4.85,1.680773631397161,70.47960697960794,5.2129646075913465,2.7064737205448717,3.118493225902535,5.73149195236284,2.7613402542968153,6.256996084384263,53,2373,161,87,101,194,93,194,1.7743750000000003,4902.974375,26.574374999999996,5.824374999999999,9.124375,31.639999999999997,5.999374999999999,37.5875,64,3704,261,101,138,283,120,308,7,19,14,7,14,17,10,11
1.375,57.75,4.125,2.075,2.75,4.675,2.3,4.875,1.7392527130926085,68.31215118849647,5.40138871032256,2.6315394733881536,3.7416573867739413,5.529466520379701,2.7477263328068173,6.29880941130941,55,2310,165,83,110,187,92,195,1.8693750000000002,4574.39,28.409375,5.1693750000000005,12.4375,28.544375000000002,5.727499999999999,38.049375,65,3595,270,96,146,275,116,312,7,18,15,6,14,16,9,11
1.4,57.675,4.15,2.475,3.625,4.875,2.25,4.85,1.7748239349298849,68.28195222751032,5.403702434442518,4.065095324835569,6.937218462755804,5.7423862635667415,2.711088342345192,6.288879073412049,56,2307,166,99,145,195,90,194,1.94,4571.699375,28.4775,15.999375000000004,48.049375,31.709375,5.7875,38.2275,65,3633,282,116,195,283,116,320,7,19,16,6,15,17,9,12
1.425,58.325,4.175,2.5,3.725,4.85,2.2,4.875,1.8096961070853856,69.17098380101298,5.410637670367514,4.092676385936225,7.023175919767353,5.714017850864661,2.6362852652928135,6.29880941130941,57,2333,167,100,149,194,88,195,2.009375,4681.094375,28.594374999999996,16.1875,49.184375,31.439999999999998,5.510000000000001,38.409375,62,3675,278,139,239,297,117,318,6,19,16,7,16,18,10,12
1.5,57.9,4.725,3.05,3.65,4.75,2.175,4.8,1.91049731745428,68.9648461174242,6.926398775698668,5.572252686302013,6.985699678629192,5.661271941887264,2.622022120425379,6.256996084384263,60,2316,189,122,146,190,87,192,2.5475,4683.9,47.899375,31.04,48.760000000000005,31.05,5.609375,37.71,67,3644,291,163,241,289,117,303,6,19,15,7,16,17,10,11
1.55,56.325,6.275,3.8,3.65,4.575,2.2,4.75,1.9621416870348585,66.88964792850983,12.875364072522377,7.619055059520177,6.985699678629192,5.5204166509422095,2.6457513110645907,6.176568626672903,62,2253,251,152,146,183,88,190,2.6399999999999997,4372.719375000001,162.44437499999998,57.05,48.677499999999995,29.094375000000003,5.4375,36.8275,74,3532,380,217,241,283,119,304,7,18,15,8,16,17,11,12
1.55,56.25,6.3,4.025,3.975,4.725,2.25,4.775,1.9621416870348585,66.86441505015954,12.878276282173792,7.7508064096582885,7.370549504616329,5.60133912560202,2.6645825188948455,6.182636977859852,62,2250,252,161,159,189,90,191,2.7474999999999996,4370.85,162.61,59.47437500000001,53.86937499999999,29.619375,5.41,36.84437499999999,78,3554,450,256,250,286,115,308,8,19,16,9,16,18,11,12
1.675,56.85,6.825,5.025,3.975,4.775,2.2,4.9,2.173706511928416,67.69379587524989,13.299436078270386,10.299271818920015,7.370549504616329,5.645794895318107,2.588435821108957,6.272957835024878,67,2274,273,201,159,191,88,196,3.3443749999999994,4470.09,171.46937499999999,102.92437500000001,53.79937500000001,29.984375,5.1375,38.2475,85,3597,472,307,256,286,113,315,9,19,17,10,15,18,11,13
1.775,56.575,7.4,5.05,3.8,4.75,2.25,4.825,2.307596151842865,67.55349731879173,13.82931668593933,10.305338422390601,7.286974680894672,5.630275304103699,2.6457513110645907,6.242996075603444,71,2263,296,202,152,190,90,193,3.6993750000000007,4484.709375,188.1875,103.4775,52.79749999999999,29.877499999999998,5.31,37.709375,85,3574,507,347,247,277,110,307,9,19,17,10,14,17,10,12
1.875,55.15,8.05,5.375,4.075,4.65,2.225,4.725,2.39269722280108,65.66010965571105,14.827339613025663,10.631321648788546,7.600986778044019,5.522680508593631,2.6315394733881536,6.113509630318742,75,2206,322,215,163,186,89,189,3.834375,4205.159999999999,214.09,108.29437499999999,56.82437500000001,28.397499999999997,5.1693750000000005,36.324374999999996,85,3461,559,363,257,275,112,307,9,18,18,11,13,17,11,13
1.95,54.925,8.4,5.65,4.2,4.725,2.3,4.7,2.4698178070456938,65.58296272661063,15.03828447662831,10.772650555921695,7.6583287994183165,5.5565276927232174,2.701851217221259,6.103277807866851,78,2197,336,226,168,189,92,188,4.5375,4199.619375,222.34749999999994,112.44000000000001,58.00999999999999,29.119375,5.860000000000001,36.44,93,3479,608,388,276,267,114,311,10,19,19,12,14,17,11,14
2.025,55.35,8.825,6.025,4.725,4.775,2.5,4.725,2.544602129999894,66.19894258974233,15.276616117452189,11.132160616879366,8.472012747865763,5.645794895318107,3.1144823004794873,6.109418957642371,81,2214,353,241,189,191,100,189,4.719375,4272.05,231.049375,118.74937500000001,70.019375,29.984375,7.74,36.559375,99,3511,603,415,304,280,126,306,11,19,19,13,15,18,12,14
2.025,55.725,10.125,7.675,5.7,4.725,2.45,4.675,2.544602129999894,66.42796850724851,17.792554622650453,15.366359360629309,10.571187255932987,5.592405564692174,3.0659419433511785,6.068360569379509,81,2229,405,307,228,189,98,187,5.094374999999999,4340.849375,316.524375,235.794375,111.66,30.119374999999998,7.8375,35.96937499999999,104,3524,632,498,364,282,130,291,12,19,18,13,16,18,12,13
2.25,54.025,10.8,9.0,6.075,4.625,2.425,4.6,2.9916550603303182,64.55908146806304,18.517559234413156,17.578395831246947,10.902981243678262,5.502272257894914,3.037268509697488,5.9497899122574065,90,2161,432,360,243,185,97,184,6.99,4064.3443749999997,342.09,305.1975,118.27437499999999,28.894374999999997,7.599375,34.677499999999995,116,3400,719,618,415,275,126,293,13,18,19,14,16,17,11,14
2.325,54.05,10.9,10.3,6.45,4.675,2.5,4.625,3.029026246172192,64.57011692725978,18.539147768977948,19.406184581210187,11.291589790636214,5.529466520379701,3.0983866769659336,5.956089321022645,93,2162,436,412,258,187,100,185,7.419375,4065.2600000000007,342.7,376.17750000000007,127.46000000000001,29.074374999999996,7.777500000000001,34.874375,126,3409,744,717,449,277,129,299,14,19,19,15,17,18,12,15
2.3,54.525,11.35,10.575,6.95,4.875,2.5,4.7,3.0083217912982647,65.26886700410847,18.75633226406485,19.582517713511713,11.979148550710939,5.913966520026977,3.0983866769659336,6.012487006222965,92,2181,454,423,278,195,100,188,7.359999999999999,4146.069375,351.49750000000006,382.619375,143.01000000000002,32.944374999999994,7.777499999999999,35.660000000000004,126,3424,763,784,490,285,128,300,14,19,20,16,18,18,12,15
2.275,54.975,11.325,10.75,7.05,4.825,2.5,4.6,2.9958304357890486,65.50286253286951,18.750333330370424,19.64942747257538,12.0124934963562,5.888548208174915,3.0983866769659336,5.9455865984779,91,2199,453,430,282,193,100,184,7.084375,4210.074375,350.97437499999995,384.89,144.05,33.049375000000005,7.777500000000001,34.709999999999994,122,3445,773,784,519,291,124,287,13,19,20,15,19,18,11,14
2.275,53.9,11.925,11.675,7.4,4.7,2.525,4.6,2.9958304357890486,64.16813851125806,19.34877257088935,20.63673908348894,12.243365550370536,5.792236183029832,3.1264996401726965,5.9455865984779,91,2156,477,467,296,188,101,184,7.084375,4016.547499999999,374.344375,425.844375,149.09,31.3,7.449375000000001,34.71,122,3333,803,832,540,289,122,291,13,18,21,16,20,18,11,15
2.325,53.975,12.575,13.0,7.925,4.775,2.55,4.575,3.029026246172192,64.2002725850911,19.84628428698934,22.273302404448245,12.726939930713902,5.824517147369385,3.1304951684997055,5.939276050159648,93,2159,503,520,317,191,102,183,7.549375,4019.159375,393.64937499999996,493.85,159.799375,31.284375,7.55,34.674375,128,3359,854,922,546,285,122,296,14,19,21,17,20,17,12,15
2.475,54.125,12.975,13.525,8.7,5.15,2.6,4.6,3.2210246816812815,64.41253759944566,20.126475101219288,22.589267363064256,13.638181696985855,6.58027355054484,3.22490309931942,5.953990258641679,99,2165,519,541,348,206,104,184,8.344375,4043.3993749999995,405.06937500000004,509.59437499999996,180.9375,39.3,7.9975,34.8875,136,3355,902,998,554,300,127,296,14,19,22,18,20,17,13,15
2.8,55.525,13.8,14.375,9.875,5.55,2.8,4.625,3.905124837953327,65.42610335332527,20.949940334043912,23.29323936252749,15.606889504318277,7.273238618387272,3.5777087639996634,5.989574275355469,112,2221,552,575,395,222,112,185,14.040000000000001,4217.769375,438.3375,542.559375,242.52437500000002,50.94000000000001,11.2375,35.349374999999995,152,3407,902,1010,632,330,141,282,14,19,21,18,21,17,14,14
3.025,53.2,14.625,14.525,10.8,5.875,2.975,4.575,4.367493560384491,63.56964684501558,22.00624911246803,23.325415323204858,16.667333320000534,7.8118499729577495,3.7914377220257753,5.905505905508858,121,2128,585,581,432,235,119,183,17.319375,3930.85,484.26937499999997,543.934375,277.79,59.869375000000005,13.219375,34.41937499999999,176,3361,971,1037,642,325,142,291,15,19,21,18,21,17,14,15
3.425,53.875,14.725,14.75,11.35,6.35,3.25,4.675,5.125914552545721,64.00878845908584,22.019877383854798,23.37840884234853,17.05872210923198,8.369587803470372,4.171330722922842,5.9728552636071806,137,2155,589,590,454,254,130,187,23.299375,3972.2443750000007,484.824375,546.5274999999999,290.5775,67.64750000000001,15.5775,35.074374999999996,180,3343,1007,1055,696,356,158,291,15,19,21,19,22,18,15,15
4.375,53.55,14.875,16.75,11.525,6.5,3.4,4.825,8.017169076425917,63.55273400885284,22.06751005437632,26.656143757115355,17.166100314282218,8.546929273136639,4.381780460041329,6.072478900745559,175,2142,595,670,461,260,136,193,63.74937500000001,3921.2275,486.64437499999997,707.1275,293.99437500000005,70.16,16.95,36.484375,236,3288,1012,1124,697,356,159,303,16,19,21,19,21,18,15,16
4.525,53.925,15.95,17.025,11.55,6.55,3.375,4.8,8.091662375556705,63.67358164890679,23.276597689524987,26.743690844758135,17.168284713389397,8.558621384311845,4.373213921133975,6.06630035524124,181,2157,638,681,462,262,135,192,65.199375,3957.794375,538.3775,710.709375,294.10999999999996,70.1875,16.949375000000003,36.3775,266,3298,1034,1188,710,360,164,294,16,19,20,19,22,17,15,15
5.225,53.55,16.1,18.175,11.825,6.55,3.375,4.75,9.448544861511746,63.19770565455679,23.366642891095847,27.71506810383117,17.3197863728165,8.558621384311845,4.373213921133975,5.966573556070519,209,2142,644,727,473,262,135,190,87.77437499999999,3889.9100000000008,544.6775,767.1743749999999,299.699375,70.1875,16.949375,35.239999999999995,302,3229,1089,1247,720,360,165,293,17,18,21,20,22,17,15,16
6.9,53.775,16.4,18.325,12.1,6.75,3.525,4.775,14.31258187749506,63.30620032824589,23.469128658729534,27.73670852859077,17.422686360030706,8.72066511224918,4.541475531146237,5.968668193156661,276,2151,656,733,484,270,141,191,204.6,3932.4193750000004,548.6975,768.724375,302.8275,72.2475,17.649375,35.234375,400,3200,1116,1285,744,373,169,300,18,18,22,20,23,18,15,16
8.05,54.65,16.35,19.775,12.35,6.675,3.65,5.15,16.054594358002323,64.81550740370703,23.46699810372004,29.312539978650776,17.522842235208305,8.681877677092668,4.69041575982343,6.59545297913646,322,2186,654,791,494,267,146,206,257.3275,4109.8475,548.45,858.6243750000001,306.8,72.399375,19.8975,43.4375,513,3272,1127,1337,766,384,183,316,19,19,22,20,24,19,16,17
10.375,57.025,16.75,19.925,12.35,6.75,3.75,5.075,21.877499857159183,66.60461695708489,23.68754947224385,29.333001892066893,17.522842235208305,8.72066511224918,4.753945729601885,6.54408129533856,415,2281,670,797,494,270,150,203,475.81937500000004,4386.119375,556.4775,859.4743750000001,306.8,73.8,20.910000000000004,42.719375,650,3409,1136,1389,777,376,184,313,19,19,21,20,24,18,16,16
10.775,57.875,17.425,21.3,12.45,6.95,4.275,5.3,22.05957841845578,67.9063693625274,24.26468627450188,30.594934221207275,17.53995438990649,8.99166280506559,5.888548208174915,7.088723439378913,431,2315,697,852,498,278,171,212,481.894375,4572.524375,587.509375,935.89,307.48999999999995,79.16,34.074374999999996,50.0,724,3322,1183,1450,779,376,197,318,19,18,21,21,24,17,15,15
13.975,60.475,18.075,21.825,12.9,7.1,4.4,5.3,29.93701721948932,70.7564484693798,24.636862624936644,30.791638475404326,17.870366532335034,9.074690077352503,6.00416522091123,7.088723439378913,559,2419,723,873,516,284,176,212,895.1743749999999,4928.594375000001,603.6443750000001,947.1743750000002,319.3475000000001,81.2475,35.8,50.0,869,3497,1242,1478,788,380,211,334,20,19,22,20,23,17,15,15
17.125,61.225,18.15,23.075,13.475,7.65,4.725,5.3,36.04753805740414,71.93382375489294,24.644471996778506,31.947222101459776,18.362325560777972,10.052362906302179,6.498076638513892,7.088723439378913,685,2449,726,923,539,306,189,212,1294.909375,5164.074374999999,603.74,1015.6743750000002,336.899375,98.49000000000001,41.544375,50.0,1123,3655,1259,1510,837,413,235,337,21,20,21,20,24,18,16,15
20.325,64.425,18.075,24.7,13.65,7.825,4.95,5.825,41.34035558627913,74.72666859963716,24.63381821805138,33.75277766347534,18.433664855367205,10.164890555239639,6.752777206453653,8.091662375556705,813,2577,723,988,546,313,198,233,1707.8693749999998,5542.7943749999995,602.9243749999999,1139.09,339.7775,101.699375,45.397499999999994,64.42437500000001,1376,3828,1250,1626,870,440,259,343,22,21,21,20,24,18,16,14
22.2,64.7,18.575,27.175,13.925,7.825,5.975,8.1,43.09466324268006,75.04798464982254,25.03647339383085,37.40487936085344,18.530380460206423,10.164890555239639,9.469688484844683,17.832554500127006,888,2588,743,1087,557,313,239,324,1848.4474999999998,5594.3775,625.8743750000001,1389.974375,343.149375,100.519375,87.34937500000001,316.4375,1427,3942,1268,1794,892,450,311,459,22,21,21,21,25,19,17,15
25.325,66.925,18.725,29.275,13.95,8.0,6.0,8.275,47.54234954227652,77.08096392754828,25.05444072415108,39.69288349314018,18.533752992850637,10.224969437607136,9.473647660748208,17.866868779951343,1013,2677,749,1171,558,320,240,331,2260.199375,5934.319375,626.459375,1574.669375,343.2975,101.1275,87.34750000000001,318.069375,1629,3890,1304,1976,902,441,346,565,23,21,22,22,25,19,17,16
26.325,65.725,19.225,31.0,13.975,7.95,6.4,8.925,47.96118222062505,75.92018835593073,25.253217616771135,41.33219084442536,18.538473507816118,10.180864403379509,10.047387720198719,18.404483149493768,1053,2629,769,1240,559,318,256,357,2298.649375,5761.699375,635.084375,1701.3275,343.449375,101.69,100.2275,338.54437500000006,1715,3947,1313,2132,905,448,366,586,23,21,22,23,25,20,18,16
28.3,68.675,19.775,31.225,14.125,8.225,6.925,10.15,49.60090724976712,78.5179915688118,25.599316397122795,41.37299844101222,18.570810429273138,10.381473883798966,10.680589871350739,20.091042780303862,1132,2747,791,1249,565,329,277,406,2449.36,6162.899374999999,654.1693750000001,1703.459375,344.76937499999997,106.72437500000001,114.024375,403.01,1752,4060,1345,2190,914,445,363,597,23,22,22,23,26,19,17,15
31.4,70.05,20.475,31.425,14.525,8.4,6.9,9.95,53.56724745588483,80.25864439423331,26.247380821712476,41.392330207418865,18.806248961448958,10.540398474441087,10.677078252031311,20.03122562401013,1256,2802,819,1257,581,336,276,398,2869.41,6428.847499999999,688.909375,1706.169375,353.66937499999995,110.37750000000001,113.91000000000001,400.25,1956,4213,1347,2208,919,436,385,641,24,22,22,24,25,18,18,16
33.2,72.5,21.425,32.625,14.8,8.55,7.125,9.95,54.76358279002571,82.60538723352127,26.961546691538302,42.13935215448856,18.944656238633627,10.625441167311596,10.771490147607247,20.03122562401013,1328,2900,857,1305,592,342,285,398,2995.05,6823.527499999999,726.244375,1773.834375,358.5975,112.5975,116.019375,400.25,2155,4397,1420,2250,923,431,392,635,25,23,23,24,25,18,19,15
33.5,73.2,23.075,35.025,15.85,8.9,7.475,10.6,54.801916024898254,83.56584230413765,29.081351412890015,44.89682616844981,20.282997806044353,11.233877335986895,11.091663536187887,20.638556151048938,1340,2928,923,1401,634,356,299,424,3000.3599999999997,6983.1275,838.834375,2001.4743750000002,411.15,125.39000000000001,122.84437500000001,425.94749999999993,2240,4535,1448,2397,979,453,417,660,26,23,23,25,25,18,20,15
35.825,75.975,23.05,36.225,16.35,9.2,7.575,11.025,56.78137898994705,85.9396590637873,29.077482697097423,45.61277233407327,20.552372125864206,11.419281938896159,11.127668219353055,20.812856603551566,1433,3039,922,1449,654,368,303,441,3223.734375,7369.824374999999,837.3775000000002,2074.644375,422.4,130.04,123.54937500000001,433.034375,2319,4488,1496,2543,1031,488,427,664,26,23,22,26,25,19,20,15
37.6,77.55,23.6,37.6,16.525,9.275,7.9,11.15,57.97240722964676,87.67240158681636,29.50932056147684,46.43436227622815,20.700845393364975,11.448799063657288,11.34460224071342,20.893778978442363,1504,3102,944,1504,661,371,316,446,3355.04,7680.69,859.24,2141.71,428.49437499999993,130.619375,128.6775,436.3,2339,4653,1513,2629,1022,494,445,652,26,23,21,27,25,19,21,14
39.3,80.1,24.6,37.9,15.875,9.35,8.85,13.4,59.04743855579173,89.88409202968009,30.21258016125071,46.602038582019134,19.93301281793598,11.523888232710346,12.911235417263523,25.456826196523398,1572,3204,984,1516,635,374,354,536,3469.7899999999995,8054.647500000001,907.04,2159.5,396.64437499999997,131.2375,165.3775,639.9275,2342,4827,1587,2691,1009,485,494,727,26,24,22,27,25,18,21,14
39.625,80.6,27.125,40.95,15.9,10.05,9.0,14.725,59.09970389096717,90.53259081678819,34.32091199254472,50.73805278092568,19.94367067517913,12.680693987317888,12.98075498574717,26.9485621137752,1585,3224,1085,1638,636,402,360,589,3473.1943750000005,8195.34,1177.909375,2574.31,397.59,156.9975,166.81,723.899375,2390,4950,1623,2757,1001,501,520,874,25,24,22,26,24,18,20,15
41.55,83.175,29.1,43.55,16.275,10.525,9.6,15.675,60.468173446863766,92.68292723042362,38.00723615313274,54.49357760323688,20.121505907858886,13.068090908774701,13.568345514468593,27.6789631308689,1662,3327,1164,1742,651,421,384,627,3650.15,8581.569375000001,1433.9875,2953.55,404.109375,168.74437500000002,183.60999999999999,765.7943750000001,2480,5172,1736,2955,1022,553,550,879,25,25,22,26,24,19,20,14
44.0,83.575,29.275,44.85,16.875,11.2,11.4,18.65,62.539587462662396,92.96733297239412,38.33960093689031,55.8833606720283,20.56392472267879,13.796738745080303,18.01388353465182,34.25930530527436,1760,3343,1171,1794,675,448,456,746,3886.6975000000007,8604.174375,1458.1943749999998,3094.86,420.699375,185.72750000000002,318.25,1161.0974999999999,2658,5147,1696,2956,1020,594,649,1040,25,24,21,25,24,19,21,15
47.15,85.65,31.075,45.525,17.125,11.75,12.9,21.6,65.68409244253893,94.35200050873325,40.083974353848696,56.15447444327121,20.805648271563182,14.45856147754679,20.506096654409877,39.16120529299373,1886,3426,1243,1821,685,470,516,864,4311.160000000001,8833.41,1578.3693749999998,3112.044375,432.64937499999996,207.36000000000004,419.68999999999994,1533.35,2879,5093,1675,2953,1058,650,785,1279,25,24,20,24,25,20,22,15
50.2,83.3,30.75,44.625,17.875,12.1,13.075,22.7,68.72481356831753,92.8961786081645,39.966235749692515,55.7523542103829,21.374634499799054,14.769901827703528,20.56149313644318,39.967486786136554,2008,3332,1230,1785,715,484,523,908,4699.577499999999,8594.2975,1572.3,3081.544375,455.374375,215.4275,421.61937499999993,1593.5975000000003,3133,5052,1696,2950,1113,695,856,1444,26,23,19,24,26,21,23,16
53.25,85.75,31.75,46.95,18.0,12.375,14.525,22.75,71.59399416152168,94.93102759372195,41.05240553244109,57.779754239698875,21.38924963620744,14.927323939675189,22.77004611326029,39.96998874155458,2130,3430,1270,1878,720,495,581,910,5123.297500000001,8999.65,1669.3,3330.377500000001,455.67750000000007,219.119375,512.099375,1593.3975,3387,5159,1709,3019,1125,694,903,1485,27,24,19,23,26,20,22,15
53.7,85.3,33.1,48.65,17.75,12.65,16.2,22.925,71.67565835065625,94.68896451012652,43.04300175405986,59.2612858449764,21.283796653792763,15.10132444522665,25.180349481291955,40.01156082934031,2148,3412,1324,1946,710,506,648,917,5133.4,8950.3975,1851.89,3491.1974999999998,452.18999999999994,225.32750000000001,633.3275,1598.4443749999998,3528,5166,1683,3172,1114,723,1030,1493,27,23,18,23,26,21,23,15
54.675,85.725,33.375,50.175,19.425,13.2,16.15,23.775,71.99461785439243,94.80783195496035,43.18014590063355,60.319772877556495,24.19349086014666,15.638094513079272,25.17439175034821,40.41317854363846,2187,3429,1335,2007,777,528,646,951,5173.144375000001,8969.384375,1860.624375,3594.584375,577.059375,238.79000000000002,632.75,1632.6993750000001,3541,5157,1798,3156,1162,749,1086,1516,26,24,19,22,26,21,23,15
57.75,86.325,33.425,52.275,20.85,14.075,16.8,23.85,74.73988225840338,95.5391281099006,43.20098378509452,62.37367233055947,27.057346507002492,17.15881697553768,25.76140524117425,40.41967342767628,2310,3453,1337,2091,834,563,672,954,5586.039999999999,9102.974375000002,1862.6193749999998,3877.334375,732.01,293.47437499999995,663.6274999999999,1632.9399999999998,3704,5098,1803,3245,1252,805,1112,1555,26,23,20,22,26,21,23,16
59.625,88.3,32.0,52.025,20.3,14.25,17.075,24.775,75.74909240380376,97.33113581994202,42.21670285562339,62.12467303736898,26.461292485439937,17.24528921183985,25.841342844364725,40.93134495713524,2385,3532,1280,2081,812,570,683,991,5734.024374999999,9464.35,1771.0275000000001,3844.459375,697.1375,295.43999999999994,667.724375,1675.374375,3740,5343,1730,3169,1293,861,1160,1589,25,24,19,21,26,22,24,16
60.325,88.375,31.425,51.6,19.925,14.3,17.45,25.15,75.9705535059473,97.36156839328339,41.92284580035091,61.81262007066195,26.326317630842336,17.25688268488837,25.99326835932719,41.0731055558257,2413,3535,1257,2064,797,572,698,1006,5769.899375,9454.524374999999,1749.8243750000001,3818.2400000000002,691.184375,295.23999999999995,675.0875,1686.8775,3843,5444,1714,3083,1273,861,1158,1643,25,24,20,20,25,21,23,16
63.25,90.85,31.325,52.2,21.025,14.775,18.15,26.55,78.30261809160662,99.33705250308165,41.91330337732878,62.430761648405344,27.98705057700793,17.624556732014568,26.473571727290597,42.08325082500163,2530,3634,1253,2088,841,591,726,1062,6128.06,9812.3475,1749.5693749999998,3874.5600000000004,771.5443750000001,306.319375,700.8275,1769.8974999999998,3920,5455,1698,3126,1289,868,1207,1720,24,24,19,20,24,21,24,17
66.05,91.425,31.725,53.225,21.7,15.725,20.075,27.825,80.34985998743247,100.00912458370986,42.16070445331766,63.059693941534476,28.924038445555972,19.37072533489647,29.467354818510604,43.02702639039793,2642,3657,1269,2129,868,629,803,1113,6434.9400000000005,9937.424374999999,1761.7243750000002,3968.259375,819.79,366.07437500000003,865.1743749999999,1851.049375,3925,5307,1708,3254,1267,881,1319,1831,24,23,18,21,23,20,25,18
68.275,93.525,32.275,55.725,22.525,15.8,20.1,28.3,81.60009191171294,101.77831301411908,42.355932288169505,65.43336304974703,29.55883962539802,19.384271974980127,29.47032405658275,43.15379473464645,2731,3741,1291,2229,901,632,804,1132,6653.1693749999995,10323.719375000002,1773.549375,4252.634375,862.9993750000001,367.0475,865.26,1861.0400000000002,4127,5546,1681,3373,1338,935,1396,1854,25,24,17,21,23,21,25,17
71.4,95.25,32.725,56.625,25.325,16.9,20.925,28.75,84.07110086111636,103.35085872889493,42.77879147428081,66.22631652145543,35.65564471440672,20.701449224631595,30.03872500623154,43.36184959154764,2856,3810,1309,2265,1013,676,837,1150,7038.2474999999995,10569.039999999999,1787.4493750000001,4365.899375,1271.2493749999999,425.4875,895.434375,1877.8474999999999,4339,5713,1645,3467,1419,974,1424,1852,25,24,16,21,23,21,24,17
74.425,97.2,32.2,56.575,25.025,17.05,21.975,30.525,86.32569142497499,104.62600059258693,42.56348200041909,66.18704556029073,35.52076857276599,20.752108326625514,30.798133060300913,44.83107181408894,2977,3888,1288,2263,1001,682,879,1221,7377.734375,10894.76,1779.7275000000002,4361.144375000001,1261.3943749999999,427.03999999999996,946.0443749999998,2009.749375,4333,5883,1651,3517,1547,1014,1496,1948,24,25,16,21,24,22,24,18
77.425,98.05,32.175,56.55,24.5,17.0,23.35,31.5,88.62350139776694,105.5239309351201,42.5508519303668,66.17816860566633,35.21647341799005,20.706279240848655,32.30170274149646,45.33927657120259,3097,3922,1287,2262,980,680,934,1260,7826.299375,11070.497500000001,1778.3693749999998,4348.1900000000005,1237.64,427.8475,1043.3775,2054.0875,4563,5949,1650,3533,1488,1002,1498,1972,24,25,16,21,24,22,23,18
78.05,99.35,31.475,55.85,23.775,17.1,25.6,34.475,88.8101908566804,106.76094791636125,42.17078372522854,65.9450528849587,34.51992178438416,20.812256004575765,35.92909684364471,49.63088756006687,3122,3974,1259,2234,951,684,1024,1379,7843.69,11352.3375,1731.794375,4303.86,1191.6193749999998,428.94750000000005,1284.14,2458.4943749999998,4702,6124,1599,3520,1506,1043,1658,2125,24,25,16,21,25,23,24,18
80.9,102.425,30.55,55.85,25.525,18.075,25.875,34.9,91.02884158331358,108.65944505656192,41.6076915966267,65.9450528849587,37.995065469084274,22.543846166969825,36.03227719697993,49.78051827773592,3236,4097,1222,2234,1021,723,1035,1396,8276.64,11710.344374999999,1696.39,4303.860000000001,1440.8193749999998,507.06937500000004,1292.919375,2471.34,4864,6329,1562,3518,1572,1087,1758,2224,25,26,16,21,25,23,24,18
83.65,102.55,31.475,58.8,28.15,17.875,26.3,37.65,93.1785919618879,108.72557196906347,42.126891648921834,68.96267106195931,42.89522117905443,22.410377060638673,36.261549884140365,53.043378474603216,3346,4102,1259,2352,1126,715,1052,1506,8682.0,11772.947499999998,1752.3493750000002,4662.727499999999,1839.0974999999999,501.459375,1313.0775,2813.3975,4808,6489,1606,3583,1798,1150,1765,2353,24,27,17,22,26,24,24,18
83.95,100.525,31.925,59.275,30.9,18.225,27.9,40.55,93.32336256265094,107.9311122892746,42.32936333090778,69.58322355280761,47.11156970426691,22.7205853797828,38.027621540138426,56.485396342771644,3358,4021,1277,2371,1236,729,1116,1622,8706.1875,11625.844374999999,1777.5243750000002,4739.309375,2205.81,514.724375,1445.61,3179.3775,4954,6436,1583,3544,1786,1156,1802,2354,25,26,17,22,25,24,24,18
86.95,103.0,31.55,59.45,32.575,18.35,30.05,43.725,95.45286795062786,109.69389226388131,41.97797041306309,69.62722168807255,48.35726419060533,22.7508241608958,40.43884271341108,60.00145831561097,3478,4120,1262,2378,1303,734,1202,1749,9109.6875,12027.227499999999,1758.9099999999999,4741.860000000001,2308.449375,516.6975,1633.1975000000002,3600.159375,5094,6516,1523,3563,1828,1183,1960,2593,25,26,16,21,25,24,25,18
88.3,104.375,32.575,59.5,32.95,19.15,30.325,46.625,96.26967331408163,110.94649611411799,42.88385477076425,69.66096467893622,48.53143311298359,23.477648945326703,40.48302113232163,63.24851776919361,3532,4175,1303,2380,1318,766,1213,1865,9250.627499999999,12254.734375,1838.424375,4692.6275,2311.7400000000002,547.2,1637.4943750000002,3987.5943749999997,5037,6733,1518,3551,1840,1212,2050,2838,24,27,15,21,24,24,25,19
88.7,105.425,34.125,62.5,35.35,19.45,31.1,46.775,96.5849367137547,111.47522146199128,44.48061375475838,72.48896467739073,51.41303336703642,23.69388106663828,40.93042877859943,63.258003446204334,3548,4217,1365,2500,1414,778,1244,1871,9328.5275,12323.194375000001,1973.1193749999998,5161.527499999999,2630.3399999999992,560.0775,1675.3,3989.8443749999997,5092,6621,1638,3673,1954,1258,2061,2953,24,26,16,22,24,24,24,19
90.725,105.425,34.475,61.225,35.1,20.175,33.225,46.35,98.38178185009662,111.47522146199128,44.535659869367606,71.87958681016468,51.37898403043797,24.22343906219759,43.47326764806161,63.194145298437256,3629,4217,1379,2449,1404,807,1329,1854,9657.119375,12323.194375000001,1976.2693749999999,5047.319375000001,2624.1974999999998,582.674375,1883.5493749999998,3984.5,5163,6447,1679,3738,2052,1310,2190,2946,24,25,16,22,25,25,25,20
91.55,106.175,35.025,61.35,36.75,20.9,33.225,48.075,99.30407846609322,112.22622242595534,44.929110830284635,71.89610559689586,52.428045929635786,24.829418035870273,43.47326764806161,64.20961765966217,3662,4247,1401,2454,1470,836,1329,1923,9831.05,12505.894375,2017.469375,5052.41,2743.4100000000003,614.8100000000001,1883.549375,4100.5493750000005,5087,6679,1681,3679,2115,1367,2271,2999,24,26,16,21,26,26,26,20
92.675,104.3,34.975,61.7,37.65,20.825,34.075,50.725,99.76184140241197,110.83929808511058,44.89237128956322,72.19729911845734,52.82139717955215,24.785580485435478,44.22923241477292,67.19430779463391,3707,4172,1399,2468,1506,833,1363,2029,9908.534375,12101.747500000001,2014.059375,5088.1275000000005,2778.1974999999998,610.224375,1953.419375,4460.684375,5005,6603,1631,3727,2205,1407,2308,3034,23,26,15,22,27,27,26,20
89.625,102.0,34.525,63.8,39.125,20.85,36.6,50.75,97.691990459812,109.12447021635431,44.71157568236664,74.03546447480423,54.24043694514269,24.794152536434876,47.45155424219527,67.1948658753033,3585,4080,1381,2552,1565,834,1464,2030,9450.119375,11781.5875,1999.0743750000001,5305.6875,2905.7243750000002,610.75,2250.9275000000002,4461.860000000001,4819,6357,1631,3732,2196,1393,2337,3159,23,25,15,22,26,27,25,21
89.65,102.025,35.35,63.2,38.95,20.625,38.35,52.15,97.72461307163104,109.15367607185752,45.08824680557007,73.69430100082367,54.16456406175536,24.579971521545747,49.29655160353511,67.87893634994585,3586,4081,1414,2528,1558,825,1534,2086,9539.210000000001,11603.884375,2031.8474999999999,5270.827500000001,2910.2774999999997,601.024375,2429.3399999999997,4575.6275,4686,6194,1671,3685,2259,1383,2504,3198,22,24,15,21,26,27,25,21
89.65,102.0,36.625,64.65,41.85,21.4,38.9,51.525,97.72461307163104,109.12447021635431,45.859295677103454,75.5979497076475,57.7408001330082,25.371243564319034,49.55249741435844,67.76374399337746,3586,4080,1465,2586,1674,856,1556,2061,9539.210000000001,11781.5875,2103.024375,5589.61,3330.1974999999998,642.7,2455.3275000000003,4566.6743750000005,4635,6228,1733,3671,2343,1425,2570,3133,22,24,16,21,25,27,25,20
90.925,102.875,39.075,62.95,42.025,23.2,41.05,52.2,99.05288991240992,110.00693159978601,49.90165327922513,74.05302154537652,57.7877582191938,28.321370023358686,53.11261620368554,68.89484741256054,3637,4115,1563,2518,1681,928,1642,2088,9807.374375000001,11820.124375,2476.299375,5393.6,3338.0443750000004,794.26,2814.7,4727.577499999999,4431,6462,1878,3646,2436,1545,2692,3153,21,25,16,21,24,28,26,19
90.95,103.225,39.975,61.85,42.225,23.575,41.85,55.225,99.08506446483244,110.39123606518771,50.3326434831313,73.12626067289371,57.81197972738868,28.51271646125637,53.38304974427744,71.79745817227794,3638,4129,1599,2474,1689,943,1674,2209,9798.927500000002,11665.244375,2526.9993750000003,5235.089999999999,3341.274375,808.669375,2838.8599999999997,5153.9243750000005,4344,6298,2034,3563,2437,1632,2762,3132,21,24,17,21,23,28,25,19
93.125,104.275,39.5,60.425,43.825,23.6,44.475,57.7,100.90131317282248,111.06450828234914,50.23345498768724,72.25389262870202,58.79987244884125,28.520168302448706,56.92868345570623,74.42109915877352,3725,4171,1580,2417,1753,944,1779,2308,10176.344375,11963.799375,2519.1974999999998,5136.444375000001,3450.794375,807.15,3240.4193750000004,5526.5975,4559,6341,2030,3558,2505,1658,2922,3364,22,24,17,22,23,29,26,20
93.625,104.275,38.85,63.325,46.85,23.675,47.1,59.625,101.34631221707083,111.06450828234914,50.05197298808509,75.01083255103892,62.175557898582625,28.558273757354453,60.309617806781034,76.7012059879113,3745,4171,1554,2533,1874,947,1884,2385,10268.269375,11963.799375,2497.6375,5480.819375,3830.3975,805.1743749999999,3617.4474999999998,5882.024374999999,4378,6121,2019,3650,2553,1665,3153,3566,21,23,17,21,23,29,26,20
91.475,104.275,38.7,66.325,48.85,23.975,49.375,62.775,99.52675519678114,111.06450828234914,49.94697188018509,77.68284881490895,64.04529647054497,28.757173018222776,62.03889908758858,79.32575243891482,3659,4171,1548,2653,1954,959,1975,2511,9898.944375000001,11963.799374999999,2474.45,5795.149374999999,4022.5899999999992,809.544375,3803.5993750000002,6275.144375000001,4236,6121,1973,3608,2578,1670,3179,3565,20,23,16,21,23,29,25,20
92.85,102.775,37.875,67.525,48.95,24.175,50.9,65.925,100.89202148832186,109.74664003968414,49.57393468346042,78.81766933879737,64.07183468576501,28.847443560911945,63.002380907391114,81.82771535366241,3714,4111,1515,2701,1958,967,2036,2637,10163.5975,11612.724375,2444.069375,6008.449375,4027.7600000000007,808.8943750000001,3942.2600000000007,6694.824374999999,4236,6061,1969,3686,2635,1643,3315,3789,19,23,16,21,23,28,25,21
95.35,101.825,37.4,65.175,49.45,23.85,52.225,66.95,102.44120264815325,108.79901194404295,49.000510201425456,77.28211306634931,64.50736392071839,28.626910416599273,63.91067985869028,82.48272546418431,3814,4073,1496,2607,1978,954,2089,2678,10492.0975,11444.194374999997,2390.81,5835.0493750000005,4125.2,804.6775,4075.424375,6800.6775,4395,6218,1948,3631,2615,1634,3304,3828,20,24,16,20,22,28,25,21
96.175,101.8,38.825,67.1,50.55,24.275,52.675,67.525,103.32727132756385,108.76971085738897,49.936709943687724,79.48018621014926,65.23649285484314,28.944343143350135,64.01620888493788,82.68116472329112,3847,4072,1553,2684,2022,971,2107,2701,10627.874375,11649.9475,2491.194375,6054.66,4189.3775000000005,826.0443749999998,4085.999375000001,6835.019374999999,4615,6180,2029,3657,2704,1632,3378,3940,21,24,17,20,22,27,25,22
94.4,101.625,38.475,67.05,51.75,25.775,53.8,68.0,102.6637716042032,108.57082941564,49.74711046885035,79.44620821662919,66.05906448020589,30.753455090444714,64.65446620303968,82.82753165463764,3776,4065,1539,2682,2070,1031,2152,2720,10463.2875,11402.484375,2473.274375,6129.45,4276.3775000000005,921.5193749999999,4152.110000000001,6854.8775,4742,6172,2035,3751,2676,1721,3360,3939,22,24,17,20,21,28,24,23
95.825,100.875,37.65,67.85,53.35,26.375,56.025,68.9,104.03569099112093,107.78740650001743,49.33913254202996,79.92809268336134,67.09247349740505,31.23739745881529,67.4668437085951,84.01428449972065,3833,4035,1506,2714,2134,1055,2241,2756,10769.769375,11261.859375,2430.1475,6135.69,4369.15,945.2493749999998,4495.149375,7056.297500000001,4812,5939,2001,3773,2680,1729,3399,3954,22,23,18,21,21,28,24,23
98.625,99.4,35.675,66.725,54.35,25.85,58.975,70.675,105.95576907370358,106.44482138648173,46.72820347498928,78.44345096947227,67.52332930180502,30.839909208686073,70.37737562597799,85.92569464368619,3945,3976,1427,2669,2174,1034,2359,2827,11206.149374999999,10766.4375,2156.2243750000002,5707.109375,4391.697499999999,932.1775000000001,4935.959375,7372.824374999999,4715,5714,1823,3536,2680,1725,3620,4193,21,22,18,20,20,28,24,24
99.8,99.375,33.725,65.7,55.525,26.9,61.55,72.875,107.1083563500066,106.41487208092673,43.798687194937706,77.02596964660685,68.22444576542927,32.2055895769663,73.12284184849491,88.05012776822076,3992,3975,1349,2628,2221,1076,2462,2915,11471.710000000001,11022.234375,1907.5993750000002,5528.99,4455.059375,996.24,5283.7474999999995,7751.874375000001,4533,5855,1797,3498,2685,1752,3775,4280,20,23,18,20,20,28,24,24
99.175,100.725,32.125,65.35,55.975,26.425,60.55,70.975,106.59068908680533,107.68855556650391,42.16070445331766,76.67072453029252,68.46148552288359,31.931567452914052,72.36677414393984,86.08614871162492,3967,4029,1285,2614,2239,1057,2422,2839,11361.569375000001,11246.199375,1776.3693749999998,5615.959999999999,4535.069374999999,989.649375,5209.909999999999,7398.399374999999,4357,6080,1836,3607,2742,1767,3801,4212,19,24,19,21,20,28,24,24
96.475,101.3,30.7,67.65,58.55,27.1,59.675,68.35,104.72523573618729,108.30350871509195,40.593718725930984,79.09235108403341,71.2807828239842,32.79710353064734,71.82670116328606,84.00267852872312,3859,4052,1228,2706,2342,1084,2387,2734,10959.674374999999,11561.947499999998,1646.4099999999999,5913.35,4820.1275000000005,1018.6474999999998,5122.1693749999995,7056.4275,4197,6242,1775,3763,2859,1783,3737,4108,19,25,19,21,20,28,23,24
94.05,104.225,31.875,69.15,60.1,28.025,60.05,70.25,102.867876424081,110.16453603587681,41.49548168174458,79.79097693348541,72.61645818958674,33.865542960360166,71.91800887121389,85.99215080459379,3762,4169,1275,2766,2404,1121,2402,2810,10581.6775,11884.209375,1714.174375,6077.6,5102.847500000001,1115.234375,5145.16,7373.49,3992,6359,1741,3869,3054,1889,3687,4202,19,25,18,22,21,29,23,25
94.075,104.225,30.7,67.825,60.525,28.75,61.7,73.375,102.8988581083386,110.16453603587681,40.33236913448056,78.62839817775763,72.69542626603135,34.47027705139603,74.0655115421476,88.34039279967007,3763,4169,1228,2713,2421,1150,2468,2935,10542.949375,11884.209375,1626.1375,5763.199374999999,5103.0493750000005,1147.8775,5438.7775,7801.849375000001,3940,6529,1788,3798,3160,1960,3710,4441,18,26,19,22,21,29,23,25
96.05,105.575,29.525,67.25,61.125,29.25,63.125,76.225,104.07257083400987,111.0068691568229,38.376750774394644,78.0890517294198,72.82736436258008,34.831020656879986,75.89944005063542,90.57055260955406,3842,4223,1181,2690,2445,1170,2525,3049,10817.7775,11949.069375,1466.3993749999997,5701.89,5100.049375,1178.9775000000002,5731.294375,8184.319374999997,4148,6675,1697,3804,3089,1997,3893,4673,19,26,18,22,20,29,23,26
96.025,106.25,29.35,67.825,60.775,29.55,64.6,76.4,104.06236111101843,111.30139262381222,38.269439504649135,78.7014929972742,72.50948213854517,35.1055551159642,76.50914977961786,90.64684219541242,3841,4250,1174,2713,2431,1182,2584,3056,10826.649374999999,11988.0,1462.7275000000002,5774.699375,5063.719375,1194.5775,5806.04,8211.3275,4037,6616,1713,3663,2967,1998,4041,4802,18,26,18,21,19,29,23,26
95.1,104.925,29.05,66.625,60.425,30.025,66.875,79.45,103.09340425070849,110.08644330706665,38.1673944617654,77.50306445554266,72.1562540601991,35.848640141573014,78.8953420678306,92.8409931011081,3804,4197,1162,2665,2417,1201,2675,3178,10622.2475,11770.269375,1454.0274999999997,5536.919375,5002.749374999999,1252.919375,6203.084375,8587.5275,4036,6374,1708,3767,2994,2043,4180,4926,18,25,18,22,19,29,23,26
96.325,104.925,30.25,66.25,60.975,30.35,66.775,81.575,104.30424248322788,110.08644330706665,38.94547470502831,77.26318657679089,72.37696456746443,36.01596868057279,78.88139831417797,94.73291402675208,3853,4197,1210,2650,2439,1214,2671,3263,10877.874375,11770.269375,1508.34,5386.3775,5073.944374999999,1274.5875,6201.799375,8913.874375,3957,6408,1753,3843,3004,2076,4311,4863,17,25,18,23,19,29,24,25
96.25,104.8,31.075,66.575,63.3,31.0,66.35,84.175,104.27799384338002,110.04271897767703,39.50284799859372,77.44594889340566,73.91853624091863,36.33937258676875,78.83019725967962,96.76944249090205,3850,4192,1243,2663,2532,1240,2654,3367,10873.54,11765.2975,1557.994375,5304.869375,5234.4275,1291.39,6197.7975000000015,9231.499375,3967,6484,1837,3738,3078,2114,4271,4783,17,26,19,22,20,30,24,24
96.45,104.3,31.625,67.8,62.475,31.125,66.05,83.925,104.51554908242123,109.50525101564764,39.68343483117358,79.01961781734964,73.39771794817602,36.426981758032056,78.73118822931609,96.63242209527814,3858,4172,1265,2712,2499,1245,2642,3357,10923.339999999998,11665.5975,1570.259375,5790.410000000001,5222.744374999999,1296.3993750000002,6169.977499999999,9259.059375,4124,6556,1872,3778,3193,2087,4178,4843,18,26,20,22,21,30,24,24
96.1,104.025,32.05,69.5,64.325,31.4,66.75,85.525,104.15661284815286,109.19718402962596,40.13601873629222,80.99567889708685,75.63216908168111,36.8659734714818,79.58014827832379,98.09497948417136,3844,4161,1282,2780,2573,1256,2670,3421,10815.5375,11608.074375,1610.9,6176.139999999999,5650.919375,1352.34,6332.697499999999,9445.069375000001,4148,6310,1939,3610,3198,2121,4230,4976,18,25,21,21,20,30,25,25
94.475,104.025,32.5,69.1,66.525,32.575,67.625,88.2,103.25562938648915,109.19718402962596,40.52653451752321,80.48540240316873,78.00913408056778,37.76340821483146,79.81619509848862,100.10594387947202,3779,4161,1300,2764,2661,1303,2705,3528,10653.459375,11608.074375,1642.1974999999998,6109.26,6047.909375,1424.044375,6368.594375000001,9907.7775,4055,6299,2011,3645,3110,2092,4346,5217,18,25,22,21,20,30,26,26
93.85,103.8,31.5,69.55,66.5,31.95,69.275,89.95,102.55413204742167,108.94241598202235,39.80452235613436,80.95924900837457,77.96858341665572,37.20483839502599,81.25038461447429,101.21857537033408,3754,4152,1260,2782,2660,1278,2771,3598,10442.5275,11560.4475,1584.0975,6004.4974999999995,5924.0975,1374.5899999999997,6597.319374999999,10053.377499999999,4179,6310,1990,3519,3226,2109,4408,5343,19,25,21,20,20,30,26,26
93.925,103.3,34.375,71.275,68.275,32.55,69.775,90.225,102.64587181177818,108.49631330142053,44.21849160701889,82.76095093702102,78.9976265466248,37.55795521590599,81.57588491705131,101.42891599539058,3757,4132,1375,2851,2731,1302,2791,3609,10313.419375000001,11269.689999999999,1943.5443750000002,6215.594375000001,6038.274375,1406.6,6647.994374999999,10188.324375,3952,6107,2107,3517,3251,2136,4429,5496,18,24,22,20,19,30,26,27
93.95,102.1,34.825,73.875,68.225,34.15,69.65,90.15,102.67692048362183,107.33988075268203,44.522746995215826,85.08451680535066,78.99192996756061,39.63079610605873,81.48466113324642,101.39822483653252,3758,4084,1393,2955,2729,1366,2786,3606,10469.4475,11072.41,1978.5693749999998,6780.344375000001,6035.949375,1550.35,6639.589999999999,10219.189999999999,4041,5859,2238,3749,3311,2210,4387,5368,18,23,22,21,19,30,26,26
93.125,102.1,36.775,74.6,69.525,34.575,68.85,88.675,102.49597553074949,107.33988075268203,46.5776233829078,85.27602242131137,79.72907248927457,39.97780634301987,80.65574995001907,99.95511492665095,3725,4084,1471,2984,2781,1383,2754,3547,10411.819375000001,11072.41,2169.474375,6781.3775,6212.124375,1589.959375,6490.910000000001,9826.544374999998,4009,5811,2284,3897,3248,2251,4393,5375,18,23,22,21,18,30,26,27
93.125,99.075,38.0,75.575,69.4,33.65,70.1,91.2,102.49597553074949,105.42046765215946,47.398839648244554,85.5898650542224,79.56506771190483,39.05316888550787,81.33480189931,101.86927898046595,3725,3963,1520,3023,2776,1346,2804,3648,10411.819375000001,10795.744374999998,2244.2475000000004,6877.244375,6033.0375,1510.7100000000003,6589.847500000001,10100.127499999999,4130,5743,2378,3845,3186,2202,4385,5291,18,22,22,21,18,29,26,26
91.7,100.775,37.15,75.575,67.625,34.1,71.95,91.5,101.11725866537324,106.92555821692025,46.94837590375199,85.5898650542224,77.47402790613123,39.282947954551474,82.8000603864514,102.22793160384299,3668,4031,1486,3023,2705,1364,2878,3660,10156.6375,10925.699375,2203.66,6877.244375,5762.749375,1525.0875,6852.610000000001,10339.247500000001,4009,5820,2412,3992,3227,2236,4511,5539,17,23,22,22,18,30,27,27
92.475,103.925,36.65,76.275,67.725,35.8,72.925,91.625,101.6256611294608,108.8235957869432,46.7562830002557,86.51719482276341,77.63649270800427,41.83957456762676,83.88220907916052,102.381272701603,3699,4157,1466,3051,2709,1432,2917,3665,10271.899374999999,11178.224375,2186.1099999999997,7006.709375,5784.844375,1715.1474999999998,7028.244374999999,10463.649374999999,3983,5695,2424,3913,3243,2267,4361,5288,17,23,23,22,18,29,26,26
92.05,103.925,36.1,78.95,68.325,35.675,73.95,90.5,101.12887817038217,108.8235957869432,46.50860135501819,88.79076528558586,78.25998338870255,41.82313952825636,85.18567954767984,101.21536444631319,3682,4157,1444,3158,2733,1427,2958,3620,10224.647500000001,11178.224375,2162.4875,7281.097500000001,5862.994375,1712.2693749999999,7241.777499999999,10215.39,3969,5695,2416,3886,3239,2320,4278,5078,17,23,24,22,18,29,25,25
90.25,103.925,35.45,80.925,67.95,35.65,76.6,89.3,100.25293013174229,108.8235957869432,45.875374657870644,90.71617827047169,78.15209530140571,41.80131576876498,87.18428757522769,99.98674912207117,3610,4157,1418,3237,2718,1426,3064,3572,10049.84,11178.224375,2095.55,7822.394375000001,5881.2475,1710.7475,7550.69,9997.2875,3897,5899,2324,3966,3209,2299,4261,4948,16,24,24,22,18,29,25,24
90.4,105.175,35.1,79.2,68.45,36.675,78.8,92.3,100.38301649183491,109.98897672039685,45.34589286804263,88.93986732618843,78.90342197902446,42.854696358742295,89.25413155703214,101.97720333486303,3616,4207,1404,3168,2738,1467,3152,3692,10075.647500000001,11670.119375,2056.0474999999997,7295.26,5786.8475,1811.2743750000002,7942.289999999999,10386.39,3763,6103,2356,4033,3242,2344,4374,5146,15,25,25,23,18,29,25,24
89.6,102.0,34.75,80.225,70.525,39.075,79.675,95.475,99.49447220825888,108.11105401391663,45.29183149310701,89.27919690499013,80.03920914152013,47.122446880441174,90.33091940194122,103.96598001269453,3584,4080,1390,3209,2821,1563,3187,3819,9855.59,11381.75,2050.71,7405.524374999999,5876.124375,2165.394375,8126.324374999999,10808.784375,3768,5976,2361,4138,3217,2469,4531,5330,15,25,24,24,17,29,25,25
89.425,102.0,34.25,80.125,69.25,38.425,79.55,95.325,99.27701143769387,108.11105401391663,44.92605034943535,89.2679953846842,79.39143530633515,46.817998675723,90.32745983365191,103.86638050880565,3577,4080,1370,3205,2770,1537,3182,3813,9692.724375,11381.75,2017.6275,7379.499374999999,5712.51,2119.2493750000003,8124.24,10788.174374999999,3729,5932,2373,4115,3210,2540,4608,5469,15,25,24,24,17,28,25,26
90.275,104.075,33.45,78.975,68.375,38.525,79.175,95.325,99.95961684600437,109.75871263822295,44.64022849403887,88.67341766279227,79.13200995804416,46.85002668088888,90.1258841842897,103.86638050880565,3611,4163,1338,3159,2735,1541,3167,3813,9710.524375,11663.794375,1990.0275000000001,7380.074374999999,5727.109375,2134.4743750000002,8083.299375,10788.174375,3683,6178,2373,4109,3179,2544,4596,5401,14,26,24,25,17,28,25,25
93.325,106.375,33.525,79.5,69.525,38.45,77.875,98.45,101.98345454043023,111.46378335585061,44.65786604843541,89.36050581772689,80.62924407434315,46.83801874545934,88.9206106591717,105.7891771401971,3733,4255,1341,3180,2781,1538,3115,3938,10007.594374999999,11945.659375,1991.8443750000001,7724.477499999999,6179.769375,2132.1775,7849.494374999999,11179.447499999998,3592,6086,2339,4137,3199,2527,4417,5342,14,26,23,25,16,27,24,25
93.325,106.375,32.925,81.925,69.9,38.025,75.95,97.05,101.98345454043023,111.46378335585061,44.32070622181014,91.4659772811727,80.7570430365055,46.74264648048931,87.88629017087932,105.35155433120102,3733,4255,1317,3277,2796,1521,3038,3882,10007.594374999999,11945.659375,1963.374375,8216.574375,6213.6975,2129.7443749999998,7696.959999999999,11072.939999999999,3592,5831,2274,3980,3184,2475,4345,5403,14,25,23,24,16,27,23,25
91.075,106.375,31.775,79.5,68.275,38.8,78.3,100.25,100.13553315382107,111.46378335585061,43.53533047996765,89.36050581772689,78.83257575393563,47.67022131268115,90.02610732448672,107.27791012132926,3643,4255,1271,3180,2731,1552,3132,4010,9781.419375000001,11945.659375,1889.1993750000001,7724.477499999999,5846.894375000001,2167.3875,8019.1375,11504.939999999999,3758,5831,2099,3976,3103,2424,4320,5408,15,25,22,24,16,26,23,26
89.625,106.375,28.9,79.15,69.025,37.0,76.65,98.375,98.6915649891114,111.46378335585061,38.5998704661039,89.25469175343109,79.1553851610868,45.97879946236091,88.26777441399551,105.68431766350199,3585,4255,1156,3166,2761,1480,3066,3935,9624.999375000001,11945.659375,1488.8474999999999,7716.76,5926.094375000001,2049.2475,7770.95,11154.924374999999,3790,6086,1949,3912,3108,2402,4416,5483,15,26,22,23,16,26,24,26
88.925,106.375,28.3,80.45,70.325,38.3,79.0,98.375,97.87964548362443,111.46378335585061,38.13069629576675,90.21086409075129,79.76073595447825,47.31648761267049,90.39856193546444,105.68431766350199,3557,4255,1132,3218,2813,1532,3160,3935,9479.924374999999,11945.659375,1453.7475000000002,7773.19,5950.699374999999,2129.6475,8124.977500000001,11154.924374999999,3705,5866,1937,3928,3141,2453,4445,5303,15,25,22,22,16,26,24,25
88.175,107.05,29.475,80.2,71.675,38.2,76.475,97.675,97.01765303283727,112.10084745442383,38.87833586973599,90.18037480516479,81.35278114483856,47.30169130168603,88.23590539003949,104.93319303251951,3527,4282,1179,3208,2867,1528,3059,3907,9296.324375,12117.159999999998,1510.924375,7777.1775,6150.634375,2135.44,7671.619375,11001.519375,3875,6078,2003,3902,3140,2525,4292,5275,16,26,23,22,16,27,23,25
88.875,107.05,29.65,80.175,69.725,38.8,74.325,95.2,97.83672623304604,112.10084745442383,38.898586092556116,90.14502204780916,79.19075072254336,47.65553483069937,86.13985720907598,103.06502801629658,3555,4282,1186,3207,2789,1552,2973,3808,9300.599375,12117.159999999998,1512.74,7970.499374999999,5976.194375000001,2195.3599999999997,7378.794375,10573.4,4042,5831,2028,4035,3283,2551,4324,5345,17,25,24,23,17,27,24,25
88.25,105.0,29.025,80.175,69.725,39.275,72.85,95.175,97.6480926593039,110.49841627824355,38.583999274310585,90.14502204780916,79.19075072254336,47.998177048717174,85.06291789022994,103.03409629826429,3530,4200,1161,3207,2789,1571,2914,3807,9242.740000000002,11843.1775,1487.224375,7970.499374999999,5976.194375000001,2219.644375,7224.81,10437.134375,4102,5809,2003,4064,3314,2627,4171,5188,18,25,24,23,17,28,23,24
85.625,105.475,29.275,79.275,70.125,40.075,74.3,95.2,95.62439542292542,110.82677925483534,38.65520663507052,89.34273893271909,79.32701305356203,48.54508214021272,86.73407634834189,103.06502801629658,3425,4219,1171,3171,2805,1603,2972,3808,8710.344375,11754.724375,1491.0743750000001,7803.234375,5949.599375,2257.1243750000003,7454.7375,10573.4,3901,5692,1982,4160,3331,2602,4332,5389,18,24,25,24,17,27,24,25
83.05,105.25,29.55,80.625,70.6,40.15,73.125,94.225,93.95371200756253,110.65306141268753,39.04804732633887,89.80993820285147,79.77781646548118,48.567478831003775,86.10182924886091,102.55766670512742,3322,4210,1182,3225,2824,1606,2925,3769,8494.2375,11726.5375,1504.0475,7921.224375,5867.210000000001,2244.31,7301.694375000001,10481.774374999999,3673,5480,1916,4032,3250,2618,4343,5438,17,23,24,23,16,27,23,25
80.325,105.25,28.425,80.6,69.375,39.725,75.025,96.4,91.82687515101448,110.65306141268753,37.92261858047252,89.77443956940083,79.153490131516,48.37897270509162,87.45927623757242,104.31346988764203,3213,4210,1137,3224,2775,1589,3001,3856,7992.224375,11726.5375,1426.3943749999999,8027.527500000001,5821.119374999999,2216.759375,7593.249374999999,10777.259999999998,3571,5441,1880,3920,3315,2551,4431,5456,17,23,23,22,16,27,24,24
81.725,105.45,29.375,80.175,68.95,39.05,73.675,98.7,92.29829359202694,110.87695883275299,38.88733727063348,89.5635249417976,78.8279772669577,47.64084382124229,86.96392930405112,106.08440036122181,3269,4218,1175,3207,2758,1562,2947,3948,8018.334375,11766.997499999998,1483.334375,7984.719374999999,5787.4275,2160.4474999999998,7528.209375,11097.65,3523,5674,1894,3894,3345,2574,4457,5293,18,24,22,21,16,28,24,23
81.725,103.525,29.975,81.775,69.75,39.45,73.675,98.7,92.29829359202694,109.83908684980953,39.19470627521017,91.26239641824009,79.74615978214875,48.01718442391224,86.96392930405112,106.08440036122181,3269,4141,1199,3271,2790,1578,2947,3948,8018.334375,11622.574375,1517.084375,8269.919375000001,5899.3475,2187.9275000000002,7528.209375,11097.65,3592,5751,1952,4040,3374,2538,4335,5293,18,24,22,22,16,27,24,23
78.8,102.625,29.4,80.375,68.55,39.225,72.2,98.7,90.06886254416672,109.42862970904827,39.010895913834126,90.43022171818446,79.36907458198061,47.977338400540724,85.2941967545272,106.08440036122181,3152,4105,1176,3215,2742,1569,2888,3948,7755.19,11569.609375,1497.3475,8138.249374999999,5889.3875,2174.699375,7221.077499999999,11097.65,3731,5567,1978,4137,3465,2512,4276,5293,19,23,22,22,16,26,24,23
77.0,102.625,29.4,78.55,67.25,38.325,70.7,98.675,88.21111041133084,109.42862970904827,39.010895913834126,89.40525711612266,78.74420613607073,47.14472398901069,83.55297720608165,106.05434927432255,3080,4105,1176,3142,2690,1533,2828,3947,7488.789999999999,11569.609375,1480.8899999999999,7979.2375,5863.9275,2140.269375,6946.8775,10891.259375,3746,5471,1967,4019,3369,2471,4249,5113,20,23,22,22,16,26,24,22
77.475,102.2,29.325,77.325,66.4,38.175,70.0,100.5,88.67031634092663,108.96352600755905,38.99070402031746,88.76584365621723,78.44137938613777,47.12562996926407,83.37685530169628,107.5664910648293,3099,4088,1173,3093,2656,1527,2800,4020,7697.944374999999,11484.959999999997,1485.759375,7842.469374999999,5784.41,2135.7243750000002,6908.797500000001,11361.7475,3802,5454,2000,3856,3197,2430,4316,5298,20,23,23,22,15,25,25,22
79.15,102.225,29.1,75.275,64.0,37.025,70.275,100.775,89.65656696528147,108.99277498990472,38.91850459614295,86.73335575198276,75.95426255319711,46.338159221099836,83.48398049925507,107.61888774745816,3166,4089,1164,3011,2560,1481,2811,4031,7799.597499999999,11199.519375,1482.7274999999997,7519.699374999999,5538.009999999999,2082.019375,6902.744375,11380.894375,3933,5216,1979,3729,2997,2330,4359,5255,20,22,24,22,14,25,26,21
80.4,99.725,29.25,74.3,62.75,35.675,71.3,97.75,90.43395380054993,107.18873541562098,39.141410296513335,86.19773778934109,74.8268000117605,45.45574771137309,84.04076391846995,105.73315468669229,3216,3989,1170,2972,2510,1427,2852,3910,8018.277499999999,10997.694375000001,1498.4100000000003,7413.24,5253.09,1977.3943749999999,6953.647500000001,11055.1775,4003,5117,1960,3693,2957,2242,4234,5032,21,22,23,22,14,25,25,21
77.775,99.725,30.425,74.4,62.375,34.975,69.15,95.325,88.2152197752746,107.18873541562098,40.338877029486085,86.24992753620144,74.75409687769627,45.00694390869036,81.83733866640581,103.89381598536075,3111,3989,1217,2976,2495,1399,2766,3813,7681.424375,10997.694375000001,1605.834375,7421.410000000001,5256.024374999999,1962.0243750000002,6658.910000000001,10565.159375,3878,4993,2060,3693,2987,2176,4089,4802,21,21,24,22,14,24,25,20
76.075,100.525,29.475,75.025,64.2,34.675,67.125,94.45,86.91446945129447,108.02140991488677,39.79352962480207,86.7881040235354,76.31251535626382,44.81322349485696,79.71903787678323,102.96747059144455,3043,4021,1179,3001,2568,1387,2685,3778,7416.649374999999,11140.774374999999,1552.4443749999998,7531.949375000001,5598.6,1939.7493749999999,6287.474375,10399.2375,3875,5214,2058,3794,3064,2111,3905,4693,22,22,23,23,15,23,24,19
75.25,102.175,30.95,73.9,63.825,34.15,67.6,96.55,86.67208316407309,109.4628932561167,41.58785880518496,85.84317095727533,76.05902313335348,44.48988649120157,80.13800596471066,104.68667536988649,3010,4087,1238,2956,2553,1366,2704,3862,7354.547500000001,11375.734375,1679.8475000000003,7359.1275000000005,5571.084375,1931.7399999999998,6400.01,10617.05,3851,5201,2128,3682,3084,2014,3753,4558,22,22,24,22,15,22,23,18
76.2,102.225,32.15,74.55,62.45,34.625,67.625,96.575,87.8586933661092,109.4976027134841,42.472932557100414,86.34900115230054,75.35980360908593,45.27830606372107,80.17777123367799,104.71711894432542,3048,4089,1286,2982,2498,1385,2705,3863,7395.15,11380.869375000002,1773.7,7441.710000000001,5405.1975,1937.234375,6305.819375000001,10818.659375,3951,5050,2206,3616,3091,2075,3825,4812,23,21,24,21,15,23,23,19
73.625,102.225,31.05,73.575,61.65,35.075,69.125,94.1,85.61731717357185,109.4976027134841,41.76781057225767,86.09457009591254,75.10459373433825,45.61496464977255,80.90410990796451,102.89314845994363,2945,4089,1242,2943,2466,1403,2765,3764,6906.994375,11380.869375,1697.6275,7389.474375000001,5339.6775,1977.1943749999998,6462.209375,10493.877499999999,4011,5091,2174,3691,2975,2146,4012,4966,24,21,24,22,15,23,23,20
72.775,103.35,31.025,74.4,59.925,34.45,69.3,92.425,85.43842812224486,110.0970026839968,41.74236457126022,86.7294644281861,73.7019334888848,45.36077600747148,80.9138430677965,101.35963200406758,2911,4134,1241,2976,2397,1378,2772,3697,6840.694375000001,11455.710000000001,1720.0993749999998,7506.397499999999,5187.834375,1966.3974999999998,6466.9475,10210.174375,3871,5227,2154,3596,2884,2192,4052,4824,23,22,24,21,15,24,22,19
69.9,103.85,30.675,71.6,59.275,33.925,70.575,91.8,83.03222266084414,110.63159584856399,41.59957932479606,84.47248072597371,73.55185245797688,45.1577789533542,81.627660752958,101.14049634048668,2796,4154,1227,2864,2371,1357,2823,3672,6573.94,11547.66,1704.7693749999999,7135.35,5138.449374999999,1963.969375,6618.519374999999,10134.3375,3655,5265,2111,3664,2809,2113,3985,4692,22,22,23,21,15,24,21,18
67.625,101.4,30.6,69.875,56.25,32.325,68.0,89.075,81.52530282065808,109.11530598408272,41.51023970058472,82.5619464402336,70.76404454240868,44.00937400145565,79.76089267303871,99.33264820792809,2705,4056,1224,2795,2250,1293,2720,3563,6239.344375000001,11381.740000000002,1716.3400000000001,6799.459375,4627.3,1831.2493749999994,6269.640000000001,9825.694375000001,3534,5168,2054,3487,2819,2108,3914,4478,21,22,22,20,16,24,21,18
67.775,101.35,30.125,67.75,53.125,31.15,67.15,86.3,81.57680430122278,109.0575536127599,41.11356223924169,81.19944581091671,67.85591352269897,43.24176222126013,79.52609634579079,97.28617579080802,2711,4054,1205,2710,2125,1246,2686,3452,6302.274375000001,11366.847499999998,1680.8693750000002,6589.35,4092.534375,1738.7475000000002,6247.8375,9379.960000000001,3428,5028,2042,3534,2570,2040,3774,4256,20,21,22,20,15,23,20,17
65.75,101.15,30.075,65.4,50.1,30.925,64.575,85.425,80.01031183541281,108.84645148097387,41.103831938153895,79.82762679674249,64.8702551251342,43.155822318662864,77.84070272036347,96.55037545240309,2630,4046,1203,2616,2004,1237,2583,3417,5969.01,11329.9875,1679.759375,6372.3275,3823.9900000000002,1736.424375,5930.9193749999995,9295.709375,3413,5232,1929,3518,2532,2002,3739,4121,20,22,21,20,16,23,20,16
62.825,102.175,27.25,64.0,48.475,30.25,63.55,83.725,77.46563754336499,109.85410779756941,36.32423433466974,78.19750635410314,63.64373496268113,42.83398183685472,77.27903984910786,95.68372379877364,2513,4087,1090,2560,1939,1210,2542,3349,5438.0493750000005,11502.674374999999,1319.4275,6090.347499999999,3755.5443750000004,1684.6875,5791.1475,9108.794375,3170,5242,1770,3335,2464,1891,3641,4127,19,22,20,19,16,22,19,16
59.7,100.625,26.55,62.825,48.575,28.575,62.35,82.75,74.77666748391506,109.16054690225768,35.83922432196322,76.62652934852262,63.65944548925949,40.89345913468314,76.76490083364924,95.4746039530932,2388,4025,1062,2513,1943,1143,2494,3310,5167.1900000000005,11422.074375,1283.2399999999998,5871.574374999999,3740.1193750000007,1575.744375,5742.7875,9054.560000000001,3049,5145,1742,3315,2429,1790,3529,4032,19,21,21,19,17,22,18,15
60.725,99.775,24.425,62.925,46.875,27.75,60.825,81.375,75.1390377899531,108.30062326690461,33.09569458403917,76.67740866774255,62.6635859171816,40.39616318414411,76.01628115081664,94.87504940710176,2429,3991,977,2517,1875,1110,2433,3255,5262.694375,11196.569375000001,1084.269375,5876.449374999999,3545.4993750000003,1509.7475,5578.959375,8968.499375,2978,5136,1608,3352,2265,1793,3530,3987,20,22,20,19,16,23,18,15
58.0,101.45,23.075,63.925,44.775,27.625,59.75,79.4,72.46205903781647,108.92520369501267,31.890829402823627,77.54627650635457,60.6195100607057,40.338877029486085,75.34155559848762,93.0357458184756,2320,4058,923,2557,1791,1105,2390,3176,4712.51,11234.69,1013.509375,6005.999375000001,3401.6493749999995,1483.8243750000001,5404.1,8653.8275,2986,5168,1564,3223,2241,1751,3378,3766,21,22,20,18,17,22,17,14
56.625,101.45,24.5,61.125,43.9,27.1,58.125,77.525,71.65106419307392,108.92520369501267,33.48208476185436,74.90143523324504,60.04664853262003,40.09738146063905,73.8273323370146,91.19361271492647,2265,4058,980,2445,1756,1084,2325,3101,4529.944375,11234.69,1110.1600000000003,5570.219375000001,3393.8975000000005,1476.6975,5229.209375,8281.759375,2867,5222,1615,3294,2174,1693,3379,3867,21,22,20,18,17,22,17,15
55.775,100.45,26.225,58.425,42.15,25.4,55.775,77.275,70.87577160073815,107.92914342289575,35.60442388243349,72.1846590350055,57.272157284320976,37.421918710830425,71.72848109363532,90.85579233048381,2231,4018,1049,2337,1686,1016,2231,3091,4568.619375,11067.89,1238.244375,5129.1743750000005,3116.2600000000007,1305.3375,5009.834375,8217.259375,2872,5007,1609,3330,2219,1614,3418,3993,21,21,19,19,18,21,18,16
55.475,97.825,29.175,58.425,40.95,25.575,53.375,75.775,70.4341891413538,106.10172006145801,40.92401495454717,72.1846590350055,55.80770556114989,37.45230299994915,68.9998188403419,89.97652471617249,2219,3913,1167,2337,1638,1023,2135,3031,4518.9243750000005,10543.349375,1670.874375,5129.1743750000005,2979.94,1310.9943750000002,4702.834375,8037.634375,2921,4862,1772,3183,2124,1612,3422,4084,22,21,19,18,17,21,18,16
56.025,96.275,31.55,58.425,40.675,25.025,50.6,73.925,70.62134946317579,104.67509254832306,45.30342150434115,72.1846590350055,55.76087337909979,37.083352059920365,66.43869354525268,89.10878183434,2241,3851,1262,2337,1627,1001,2024,2957,4594.344375,10323.094375,2016.9975,5129.1743750000005,2968.259375,1293.724375,4390.577499999999,7845.7993750000005,2977,4695,1933,3253,2030,1536,3216,3906,23,21,19,18,17,21,18,16
53.95,96.3,30.375,60.175,38.65,23.925,48.9,71.9,69.18164496454244,104.70553949051597,44.293622565782535,74.40514095141545,52.48714128241316,35.81584844730053,64.01484202901699,87.12089301654339,2158,3852,1215,2407,1546,957,1956,2876,4471.0375,9967.8475,1945.7243750000002,5483.199375,2698.65,1159.009375,4007.65,7530.76,3014,4629,2013,3400,2030,1350,3013,3692,24,20,20,18,17,20,17,15
54.775,96.35,30.95,59.875,38.25,20.75,47.3,69.35,70.4987588543231,104.70649454546744,44.44265968638691,74.22752185005236,51.89701340154364,29.549957698785292,61.568660859239095,84.83719703054787,2191,3854,1238,2395,1530,830,1892,2774,4625.0443749999995,9964.89,1963.2475,5483.969374999999,2642.8900000000003,809.9975000000001,3768.6100000000006,7063.9475,3110,4626,1998,3432,2046,1250,3008,3518,24,19,20,17,17,20,18,14
52.05,94.175,31.575,61.2,38.075,20.7,48.925,68.45,67.91980565343219,102.9573941006667,44.93912549215884,74.84083110174552,51.85822017771146,29.536418198556166,62.4205495009456,84.3264489943695,2082,3767,1263,2448,1523,828,1957,2738,4361.8775000000005,9459.474375000002,1992.2243750000002,5587.0875,2630.369375,815.3974999999999,3856.3193750000005,7027.227500000001,3204,4414,2046,3424,2098,1232,3096,3513,24,19,21,16,17,20,19,15
49.725,93.75,34.2,63.8,38.725,21.575,50.775,66.525,66.16853481829561,102.4629201223545,47.90772380316143,77.40251933884322,52.09582516862555,30.541365391874674,64.69099628232665,82.28137699382528,1989,3750,1368,2552,1549,863,2031,2661,4195.349375,9386.4275,2288.3900000000003,5950.827499999999,2664.6243750000003,888.219375,4164.899374999999,6718.024375000001,3180,4565,2187,3508,2017,1266,3260,3593,24,20,22,17,18,20,20,16
49.725,93.75,37.1,63.825,37.225,22.375,49.7,64.475,66.16853481829561,102.4629201223545,51.97258892916535,77.44368921997453,49.2237239550199,31.112296604397432,64.0983619135466,80.11008051425239,1989,3750,1484,2553,1489,895,1988,2579,4195.349375,9386.4275,2700.34,5997.524374999999,2281.959375,907.524375,4069.5375,6409.069375000001,3304,4582,2185,3763,2024,1348,3341,3566,24,20,21,18,19,20,21,17
46.75,93.1,38.35,63.85,37.475,23.15,50.1,64.7,63.01349061907299,101.73077213901406,52.878634626850946,77.484837226389,49.426460524702755,31.545205657912582,64.20436122258363,80.13675810762498,1870,3724,1534,2554,1499,926,2004,2588,3859.3975,9587.39,2795.15,5962.9400000000005,2250.459375,921.9975000000001,4071.79,6415.8975,3257,4557,2370,3606,2019,1283,3215,3464,23,20,22,17,19,20,20,16
46.275,90.275,40.05,66.275,37.0,21.975,46.95,61.625,62.798288193230235,99.75382198191707,54.18071612668109,79.90384846801811,48.91932133625731,29.683749763127974,60.93192923254605,77.54305255791779,1851,3611,1602,2651,1480,879,1878,2465,3822.074375,9025.144375,2926.2475000000004,6378.499374999999,2187.1775000000002,843.609375,3697.8775,5982.399374999999,3253,4390,2362,3851,2094,1261,3052,3398,24,19,21,18,20,20,20,16
44.975,88.975,42.925,67.875,35.875,22.025,45.675,60.5,61.88073205772537,98.41557295469046,57.80073528944074,80.93840250462075,48.30605552102138,29.698905703746057,60.163319389807604,77.09928663742616,1799,3559,1717,2715,1435,881,1827,2420,3654.324375,8837.359375,3340.699375,6551.009375,2093.9993750000003,838.7943750000001,3587.419375,5900.077500000001,3120,4480,2534,3822,2021,1214,2875,3326,24,20,21,18,19,20,20,16
42.55,88.975,44.325,67.375,34.375,20.75,44.0,57.5,59.82850491195647,98.41557295469046,58.904371654402695,80.4302492847063,47.27023376290834,27.53815534853415,57.47216717681699,74.40631693613118,1702,3559,1773,2695,1375,830,1760,2300,3466.0275,8837.359375,3466.394375,6451.174375,2039.174375,730.26,3287.05,5443.1775,2944,4285,2670,3748,1969,1148,2823,3099,24,19,21,18,20,19,20,15
40.9,86.0,44.3,68.05,31.975,21.325,45.275,55.175,58.03662636645931,96.6002070391156,58.884208409385955,80.59373424776892,43.35060553210301,27.880548775086908,58.603540848655214,72.74733672100993,1636,3440,1772,2722,1279,853,1811,2207,3176.4275000000002,8301.189999999999,3464.1100000000006,6482.7475,1745.294375,754.999375,3432.3443750000006,5238.519375,2753,4405,2641,3720,1820,1164,2893,3043,24,19,20,18,19,20,20,16
38.3,83.3,44.675,66.2,31.75,21.175,45.0,54.625,54.52568202232779,94.53782311858042,58.98283648655768,78.50063694009113,43.11380289420083,27.680769497974584,58.43201177436902,72.61112173765119,1532,3332,1787,2648,1270,847,1800,2185,2872.0474999999997,7726.360000000001,3476.9443750000005,6159.459999999999,1719.56,742.459375,3411.4100000000008,5226.474375,2663,4251,2710,3551,1738,1086,2930,2946,24,18,21,18,19,19,20,16
38.375,82.775,46.1,66.175,30.2,20.35,44.35,51.675,54.55112281154257,94.34047381691487,59.834354680233666,78.46002166708853,40.59556626036888,26.848649872945195,58.2091058168737,69.79380344987655,1535,3311,1844,2647,1208,814,1774,2067,2855.3743750000003,7725.349375000001,3569.909999999999,6090.769374999999,1577.44,708.6,3382.7775,4856.5443749999995,2668,4255,2774,3435,1678,1104,2793,2693,24,19,21,17,19,19,19,15
38.1,83.825,48.4,67.825,30.375,19.35,41.475,48.6,54.46788044343198,95.52394987645769,62.171939007883616,80.43304669102122,40.7611947813113,25.745873455759856,54.616160612038634,66.79970059813142,1524,3353,1936,2713,1215,774,1659,1944,2852.2599999999998,7876.969374999999,3865.3399999999992,6458.4193749999995,1587.944375,656.6,2982.649375,4414.589999999999,2665,4353,2901,3686,1707,1091,2708,2545,24,19,22,18,20,20,20,15
38.075,84.975,50.075,68.5,28.95,19.0,41.175,47.9,54.4635199009392,96.76789240238728,64.66780497279926,81.03085831953157,38.7356425014482,25.62323164630098,54.5227016938816,66.5897890070242,1523,3399,2003,2740,1158,760,1647,1916,2852.319375,8456.509375,4160.534375,6565.9375,1467.3875,651.9275,2972.0443749999995,4395.76,2639,4400,2876,3660,1708,1069,2587,2463,23,19,22,18,21,19,19,16
38.4,82.95,49.775,68.5,29.125,18.95,38.85,44.75,54.60952297905558,94.94050768770936,64.62139738507672,81.03085831953157,38.82363970572569,25.599804686754936,52.1914743995607,63.490156717399906,1536,3318,1991,2740,1165,758,1554,1790,2875.0775000000003,7980.077499999999,4149.659375,6565.9375,1484.4743750000002,650.51,2721.7,4022.0,2602,4226,2958,3781,1677,1030,2510,2470,23,18,22,19,21,19,20,17
37.3,82.95,49.525,70.8,28.85,18.575,39.125,41.925,53.85907537267977,94.94050768770936,64.4160306135049,83.32586633213002,38.49285648013148,25.13414012851842,52.246770235106396,60.271676598548346,1492,3318,1981,2832,1154,743,1565,1677,2815.2375,7980.077499999999,4120.534375,6924.277499999999,1461.45,628.394375,2725.6243750000003,3632.3993749999995,2579,4293,2920,3872,1686,1051,2400,2228,24,19,22,19,22,20,20,16
34.15,85.625,49.05,70.775,26.3,17.625,36.15,38.775,49.912924178012254,97.01687997456938,64.24990272366178,83.28760411970079,34.584678688691035,23.81438640821972,48.18869161950758,56.77301295510042,1366,3425,1962,2831,1052,705,1446,1551,2455.3,8199.494374999998,4104.04,6932.724375,1192.2975,566.359375,2321.2475,3215.7493750000003,2457,4282,2950,4025,1616,1011,2211,1989,24,19,23,20,22,20,19,16
34.45,86.625,50.8,73.325,27.025,17.6,34.575,35.95,50.014997750674745,97.55139670963199,65.22307873751438,85.61264509405137,34.90809361738335,23.810711875120408,46.98058109474594,53.14931796363901,1378,3465,2032,2933,1081,704,1383,1438,2469.0099999999998,8477.824375,4209.827499999999,7329.249374999999,1211.4193750000002,566.2275000000001,2206.784375,2824.8399999999992,2411,4323,2978,4240,1628,993,2089,2001,23,19,22,20,21,19,19,16
33.1,83.85,52.25,76.15,27.175,17.175,32.975,33.175,49.226009385283305,95.49581142647042,66.5,87.9081907446627,34.97248918793171,23.496276300724762,45.738113209882194,49.2749936580412,1324,3354,2090,3046,1087,687,1319,1327,2405.1375,7837.81,4395.21,7722.56,1216.6993750000001,550.4493749999999,2090.5943749999997,2414.519375,2281,4173,3098,4459,1675,982,2015,1779,22,19,22,20,22,20,18,16
31.1,81.9,54.1,78.775,29.1,17.65,33.125,30.225,46.93825731745907,94.0140946879775,67.76761763556397,90.10535500179776,37.5985372055882,23.747631460842573,45.77089686689567,45.15113509093653,1244,3276,2164,3151,1164,706,1325,1209,2164.1375,7692.827500000001,4542.7474999999995,8082.674375,1413.2900000000002,563.3100000000001,2093.2193749999997,2038.484375,2113,4173,3251,4391,1724,983,1979,1703,21,19,22,19,22,19,17,17
29.025,81.9,57.075,78.55,28.45,17.85,32.475,29.625,44.927997952279156,94.0140946879775,70.66876962279731,90.00166665123486,37.26861950756964,23.85686484012516,45.41448006968702,44.96470838335327,1161,3276,2283,3142,1138,714,1299,1185,2001.094375,7692.827500000001,4977.469374999999,8084.6975,1386.5475,568.15,2058.574375,2021.7743749999997,1964,4112,3408,4481,1743,1010,1976,1680,21,18,23,19,22,19,18,17
27.1,83.325,58.1,78.375,27.45,17.8,30.875,29.7,43.068550010419436,94.86661688918815,71.84114420024224,89.95401603041412,36.646282212524646,23.852672806207693,44.20039592582854,44.97721645455619,1084,3333,2324,3135,1098,712,1235,1188,1815.2100000000003,7948.294375,5094.727499999999,8074.709375,1342.6474999999998,567.74,1940.1693750000002,2022.8600000000001,1861,4226,3512,4478,1710,1014,1882,1666,20,19,23,19,22,19,18,18
26.9,81.875,59.675,80.375,28.275,17.725,30.075,29.25,42.980228012424504,93.35670838241889,73.90517573215018,91.86797592197185,37.171561710533496,23.81018689552856,43.727279814779244,44.75656376443572,1076,3275,2387,3215,1131,709,1203,1170,1818.6775000000002,7322.319374999999,5450.584375,8367.899374999999,1379.834375,563.774375,1906.434375,2002.5100000000002,1824,4125,3681,4492,1639,1017,1892,1627,20,19,24,19,21,19,19,19
26.2,79.85,60.7,81.375,27.25,17.4,29.025,26.975,42.669661353237856,91.43905073872979,74.24419169201049,93.02539975727059,34.881227042637136,23.583892808440257,43.17146048027563,42.327000838708145,1048,3194,2428,3255,1090,696,1161,1079,1784.0975000000003,7115.01,5507.5775,8563.949375,1210.9399999999998,551.7900000000002,1862.0193749999999,1781.809375,1810,4147,3680,4455,1594,1033,1868,1604,20,19,23,19,21,20,20,19
26.05,79.85,59.0,80.15,26.225,16.975,27.05,24.025,42.648563867966296,91.43905073872979,73.20655708336514,92.68899611064951,34.18369494364236,23.43021553464671,41.277112302097876,37.2877325671594,1042,3194,2360,3206,1049,679,1082,961,1778.5775000000006,7115.01,5344.3775000000005,8523.1875,1167.0243750000002,542.599375,1703.31,1353.4693750000001,1681,4177,3580,4551,1618,942,1663,1359,20,19,22,19,21,19,19,19
24.9,78.05,58.775,81.35,29.15,16.45,25.125,22.0,39.716495313660296,90.62836200660365,73.05118068861037,94.0257943332573,39.68752952754807,21.72095762161512,36.867668762752004,32.18695387886216,996,3122,2351,3254,1166,658,1005,880,1550.3600000000001,7091.25,5323.334375,8831.547500000002,1557.8775,467.8,1357.7243750000002,1019.5975000000001,1608,4096,3577,4597,1730,878,1516,1260,19,18,22,19,21,18,18,19
24.7,76.25,60.15,84.45,29.85,15.85,23.625,21.425,39.61565347182853,88.80259005231773,73.66036926326123,96.14494266470805,40.07368213678399,20.847062143141418,35.24521244084081,31.908854570479335,988,3050,2406,3378,1194,634,945,857,1540.2399999999998,6438.097500000001,5420.7875,9204.16,1593.9975,427.84,1242.1493750000002,994.8943750000001,1683,3938,3636,4772,1860,911,1515,1270,20,17,22,20,21,18,19,19
26.325,76.25,62.275,84.85,30.175,16.175,23.925,20.525,40.966754814117266,88.80259005231773,76.05902313335348,96.52279523511531,40.336397955196745,21.041031343543978,35.36417678951399,30.701384333609454,1053,3050,2491,3394,1207,647,957,821,1664.0243749999997,6729.9,5781.074375,9198.9275,1623.6943749999998,438.824375,1250.6243749999999,909.7993749999999,1721,4027,3671,4730,1841,898,1463,1261,20,18,22,20,21,17,19,20
27.175,76.25,65.225,87.1,32.1,16.825,22.65,20.375,41.58455242033994,88.80259005231773,78.68973884821324,97.86546888458666,42.316072596591475,21.650057736643568,33.68382401094033,30.603512870257234,1087,3050,2609,3484,1284,673,906,815,1701.4493750000001,6729.9,6191.124375,9503.689999999999,1776.5875,459.874375,1129.5375,891.349375,1830,4089,3888,4887,1951,943,1425,1267,21,18,23,21,21,18,19,20
27.025,78.6,64.7,85.75,32.275,17.175,22.775,20.5,41.56290413337355,90.53231467271783,78.43914838905378,97.4369026601318,42.355342047963674,21.762927192820364,33.719059891995805,30.662680900403995,1081,3144,2588,3430,1291,687,911,820,1698.044375,7194.3775,6152.4974999999995,9390.927500000002,1781.1943749999998,466.734375,1133.8243750000001,904.2,1858,4224,3966,4946,2041,985,1455,1296,22,19,23,22,22,19,20,21
26.525,78.675,67.275,88.7,33.7,17.2,22.85,20.525,41.30950253876219,90.63705092289797,80.91152575498747,99.50402001929369,43.369344011640294,21.769244359876158,33.73351449226718,30.67694574106099,1061,3147,2691,3548,1348,688,914,821,1664.549375,6772.974375,6537.524374999999,9849.21,1854.89,465.48999999999995,1134.5275,904.774375,1863,4229,4049,5068,2106,988,1470,1284,23,19,23,23,22,19,21,22
26.925,78.65,68.5,91.875,34.725,16.9,22.975,19.225,41.59897835283939,90.60656709091234,81.3870382800603,101.50997487931913,43.967886007858056,21.686401268998043,33.742777004864315,29.021974433177352,1077,3146,2740,3675,1389,676,919,769,1666.874375,6769.347499999999,6621.7474999999995,10196.634375,1918.544375,463.53999999999996,1134.674375,819.9493749999999,1878,4230,4231,5259,2190,989,1451,1241,23,19,24,24,22,19,21,22
27.725,78.6,70.325,91.7,35.375,17.325,23.025,19.7,42.09602118965639,90.53645674533547,82.40100120750961,101.40562114597002,44.39453795232021,21.98806494441928,33.77684117853533,29.42023113437418,1109,3144,2813,3668,1415,693,921,788,1720.594375,6760.4400000000005,6779.199374999999,10179.06,1960.794375,480.144375,1140.1943749999998,853.3,1945,4136,4349,5185,2166,991,1467,1273,23,19,24,23,21,18,22,23
27.85,81.325,70.7,92.9,36.975,17.55,23.0,19.675,42.11234973259032,92.6929069562499,82.48515017868368,102.6289432859951,45.9529650838768,22.18670773233379,33.77054929964865,29.419806253610847,1114,3253,2828,3716,1479,702,920,787,1725.8399999999997,7417.199374999999,6786.159999999999,10451.7,2088.874375,484.41,1139.81,853.4493749999999,1929,4278,4396,5249,2275,1016,1497,1294,22,19,24,23,22,18,23,23
27.475,80.5,73.825,95.05,37.375,17.8,23.175,19.45,41.75913073807931,92.00951037800387,84.89360988908412,104.37384729902409,46.04861561436999,22.332711434127294,33.82491685133904,29.34706118165838,1099,3220,2953,3802,1495,712,927,778,1690.8993750000002,7233.740000000001,7205.769375000001,10769.5775,2102.6243750000003,494.12749999999994,1144.049375,852.25,1888,4178,4545,5458,2349,1050,1500,1265,21,18,25,24,22,19,24,23
27.375,80.475,74.825,96.05,38.9,17.675,22.675,18.35,41.72079817069659,91.98953744855989,85.1523634434183,105.39402260090465,47.62772301926684,22.257021364054985,33.58757210636101,28.355775425828156,1095,3219,2993,3842,1556,707,907,734,1698.6993750000001,7231.819375000001,7250.9243750000005,10960.277500000002,2261.1099999999997,493.199375,1127.849375,801.1600000000001,1873,4257,4563,5387,2405,1049,1497,1165,20,19,24,24,22,19,24,22
28.6,80.475,73.675,96.575,41.275,19.1,22.875,17.875,42.86490405914844,91.98953744855989,84.58324302129826,105.52594467712667,50.97572951905642,24.482646915723798,33.83082913556805,27.617476351035407,1144,3219,2947,3863,1651,764,915,715,1765.9975,7231.819374999999,7150.019375000001,11018.544374999998,2560.394375,590.99,1144.419375,747.709375,1918,4272,4612,5515,2521,1106,1493,1032,21,19,25,24,22,20,24,22
28.625,81.45,74.925,99.275,42.15,18.475,22.675,15.675,42.893181276282135,93.12196303772811,86.07743606776401,107.40263032160804,52.255621707142666,24.109645372754862,33.74796290148488,20.907534527055073,1145,3258,2997,3971,1686,739,907,627,1768.844375,7789.610000000001,7408.644375000001,11469.309375,2680.9475,576.544375,1138.909375,437.094375,1885,4417,4553,5498,2532,1136,1534,1001,21,19,25,24,22,20,25,23
26.8,83.225,74.9,97.9,44.075,18.525,21.9,15.2,40.19141699417924,94.21159695069393,86.0403974886216,106.10819949466676,55.24604058210869,24.132447037132394,33.36689976608555,20.59854363784003,1072,3329,2996,3916,1763,741,876,608,1586.7275000000002,7814.694374999999,7372.147500000001,11168.7,2971.574375,574.9493749999999,1112.9275,424.21000000000004,1776,4549,4298,5298,2512,1126,1504,1007,20,19,24,23,21,20,24,23
26.675,82.1,73.9,94.825,44.4,18.825,22.275,15.425,40.09021077520047,93.69071458794623,84.78767599126655,104.1927300726879,55.30777522193421,24.379807218269796,33.52946465424105,20.70205303828584,1067,3284,2956,3793,1776,753,891,617,1577.249375,7788.847500000001,7168.2475,10814.844375,2968.7,591.399375,1124.2193750000001,428.29937499999994,1739,4559,4196,5120,2574,1158,1473,984,19,19,23,23,21,21,24,24
27.875,82.1,76.075,94.825,45.9,19.9,22.175,15.125,41.00762124288606,93.69071458794623,86.2752861484678,104.1927300726879,57.3580857421166,26.145745351777602,33.35903176052926,20.114049815986835,1115,3284,3043,3793,1836,796,887,605,1637.069375,7788.847499999999,7437.784375,10814.844375,3111.7275,675.76,1112.794375,402.39937499999996,1703,4541,4377,5162,2548,1228,1427,1012,20,19,24,24,20,22,24,25
24.9,85.2,78.7,97.05,47.35,20.675,20.725,14.525,35.69383700304578,95.81727401674502,88.5426450926332,105.93984141955282,59.78419523586481,26.630339840114694,31.801336449904113,19.692003453178653,996,3408,3148,3882,1894,827,829,581,1260.36,8385.71,7839.7375,11111.9475,3502.7475,705.2743750000001,1009.6993750000001,383.469375,1632,4753,4332,5394,2721,1315,1359,992,20,19,23,25,21,22,24,25
24.725,85.25,80.7,98.725,49.425,21.0,19.425,13.975,35.65704698933999,95.83866651826912,90.5085631307889,107.42357748650899,61.47824818584212,26.79458900599149,30.16496311948682,19.153981309377954,989,3410,3228,3949,1977,840,777,559,1260.3693749999998,8269.9875,8170.1775,11461.059375,3668.7993749999996,715.2275,909.4693749999999,364.54937499999994,1638,4771,4179,5461,2899,1282,1186,922,21,19,22,25,21,22,23,25
25.325,85.675,79.3,96.3,49.5,20.1,16.925,13.225,35.925269657999785,96.36713651447779,89.30957395486779,105.63664137031242,61.51910272427581,25.627134057478997,24.185222761016693,17.730623226497144,1013,3427,3172,3852,1980,804,677,529,1284.2493749999999,8345.669375000001,7975.56,11117.4975,3675.3975000000005,650.2475000000001,581.5943749999999,309.19937500000003,1538,4840,4333,5364,2926,1196,1059,855,21,19,23,25,21,21,22,25
22.25,85.675,79.3,93.35,50.6,19.875,16.725,12.125,29.692591668630072,96.36713651447779,89.30957395486779,103.69185117452577,63.090411315825165,25.331304743340798,24.1023857740266,16.241151437013325,890,3427,3172,3734,2024,795,669,485,881.0099999999999,8345.669375000001,7975.56,10663.64,3846.9975000000004,636.269375,578.284375,262.394375,1442,4610,4319,5404,3050,1236,1069,845,21,18,23,26,22,22,23,26
22.625,84.625,80.925,91.175,52.575,21.325,17.075,12.7,29.900250835068256,95.48049539041992,91.03062671430973,101.90399894017898,65.68237967674436,28.661385172388304,24.562674935763816,17.120163550620656,905,3385,3237,3647,2103,853,683,508,891.384375,8110.0493750000005,8255.494374999998,10198.784375,4260.519375,820.874375,603.3243749999999,293.09000000000003,1433,4710,4307,5200,3197,1298,1087,874,20,19,23,26,22,22,23,27
22.4,86.8,79.875,91.2,54.7,21.3,17.425,13.125,29.790938219532464,96.78145483510774,90.40561376374811,101.93527358083658,68.39261656056156,28.64000698323937,24.690585250252777,17.452077240259968,896,3472,3195,3648,2188,852,697,525,886.6900000000002,8169.49,8129.284375,10338.2375,4542.99,820.0474999999999,609.399375,304.46937499999996,1430,4781,4265,5326,3410,1378,1129,930,20,19,23,27,23,22,23,28
22.6,85.325,78.55,92.275,55.225,21.1,17.3,13.225,29.938269823087637,96.07015665647684,88.90556787963283,103.04186042575124,68.50383200960367,28.598076858418295,24.647515087732476,17.50928325203519,904,3413,3142,3691,2209,844,692,529,892.3,8187.799375,7901.797500000001,10548.319375,4540.869375,817.7875,607.4975,306.54437499999995,1445,4847,4105,5569,3506,1387,1101,964,20,20,22,28,22,22,24,29
22.525,85.325,79.075,93.65,57.35,21.425,16.225,13.325,29.934511855047845,96.07015665647684,89.40315989941296,104.36115177593624,69.90100142344171,28.931384342958772,22.859899387355142,17.566302969037054,901,3413,3163,3746,2294,857,649,533,892.3693749999999,8187.799375,7991.874374999999,10797.16,4785.147500000001,835.524375,518.869375,308.119375,1437,4864,4098,5464,3596,1374,975,950,19,21,22,27,23,22,23,28
22.725,88.5,81.1,96.025,59.9,22.05,15.2,13.6,30.167449345279426,98.14631934005473,91.36355947531817,106.17732808843891,72.65569489035254,29.79345565724124,20.168044030098706,17.745421944828475,909,3540,3244,3841,2396,882,608,544,907.099375,8785.890000000001,8318.14,11219.969374999999,5120.09,887.0099999999999,405.94,314.89,1421,5100,4251,5633,3745,1457,983,978,18,22,22,27,23,23,24,29
22.325,90.325,82.525,97.875,59.05,21.65,14.65,13.775,29.954548903296807,99.17295498269677,92.16330614729488,107.73404754301214,72.37437391784471,29.442316484950705,19.615045245933032,17.848669418194735,893,3613,3301,3915,2362,866,586,551,895.5193750000001,8819.259375,8486.094374999999,11522.444375000001,5057.1475,862.4399999999999,381.14,318.394375,1424,5275,4372,5814,3876,1469,986,979,18,22,22,28,24,23,24,29
22.6,92.9,84.1,97.9,60.825,23.525,16.05,14.775,30.187745858212068,101.13975479503597,93.78112816553232,107.76363022838457,74.13113381029594,32.38402383892403,21.97157254271983,19.405540445965425,904,3716,3364,3916,2433,941,642,591,910.1974999999999,9042.4475,8793.3375,11605.16,5203.869375,1028.249375,469.42749999999995,373.059375,1454,5208,4247,5814,3912,1517,1020,1000,19,22,21,28,24,22,23,28
23.375,90.325,82.3,97.7,61.65,23.8,15.9,15.275,30.86057355267397,99.17295498269677,92.38885214137039,107.5332506715946,74.77934206717788,32.50692233971097,21.90319611380951,19.788254091758574,935,3613,3292,3908,2466,952,636,611,946.734375,8819.259375,8530.1775,11482.4,5271.539999999999,1033.66,469.8275,390.309375,1525,5056,4318,6019,3875,1576,1088,1063,20,21,21,29,23,22,24,28
23.75,90.325,80.8,98.775,64.15,25.65,16.775,15.875,31.060424980994707,99.17295498269677,90.78380912916136,108.59270233307578,77.34306691617549,34.655446902326915,23.013582945730114,20.32670657042109,950,3613,3232,3951,2566,1026,671,635,960.75,8819.259375,8226.877499999999,11729.569375000001,5506.710000000001,1156.7775000000001,513.4243749999999,409.074375,1551,5127,4298,6055,3923,1619,1123,1111,20,22,22,29,23,21,24,28
23.825,92.025,83.25,98.8,66.425,25.85,17.025,16.65,31.13880216064838,100.53494417365536,92.2030368263432,108.62205116825957,79.33237044233583,34.741905532080416,23.143573622066235,20.946360065653412,953,3681,3330,3952,2657,1034,681,666,969.484375,8820.259375,8499.439999999999,11796.347500000002,5657.324374999999,1152.24,514.234375,430.91,1515,5194,4280,5800,3873,1641,1129,1100,19,22,21,28,22,20,23,28
24.0,89.45,83.5,98.775,67.55,26.55,17.35,16.8,31.242599123632463,98.55607540887573,92.34662960823205,108.59270233307578,80.2278006678483,35.49929576766277,23.4574082114798,21.067747862550473,960,3578,3340,3951,2702,1062,694,672,976.0600000000001,8604.41,8526.3375,11729.569375000001,5742.1775,1194.59,525.7475000000001,435.14750000000004,1510,5283,4263,5800,3865,1665,1134,1096,18,22,20,28,22,20,23,27
24.75,89.45,86.375,96.05,70.6,27.425,17.375,16.85,31.648064711763972,98.55607540887573,94.51600393584147,106.7579036886731,82.69885126167111,36.29152793697174,23.467530760606238,21.074866547620175,990,3578,3455,3842,2824,1097,695,674,1001.1775000000001,8604.41,8916.259375,11378.76,6307.797500000001,1275.1493750000002,530.6993749999999,434.53999999999996,1499,5186,4275,5690,4053,1755,1159,1100,18,21,20,28,23,21,23,27
25.425,90.825,87.8,96.05,73.05,29.325,18.65,17.275,32.4172022235109,99.93460361656517,96.00442698125957,106.7579036886731,85.0070585304538,38.37805362443489,25.06990227344335,21.523824009687498,1017,3633,3512,3842,2922,1173,746,691,1044.7493749999999,8967.719375,9186.0475,11378.760000000002,6575.95,1402.734375,592.5,445.42437499999994,1496,5353,4117,5545,4260,1872,1224,1097,18,21,19,27,23,21,24,26
25.675,92.15,86.225,96.05,73.15,29.6,18.85,16.875,32.47114103323134,100.49651735259286,95.08956304453186,106.7579036886731,85.0305827335083,38.48181388656205,25.13364279208249,21.374634499799054,1027,3686,3449,3842,2926,1184,754,675,1049.424375,8993.9875,8991.259375,11378.76,6585.039999999999,1415.2400000000002,598.0600000000001,442.24437500000005,1545,5532,4099,5800,4340,1958,1283,1105,19,22,19,28,24,22,25,25
26.0,94.525,87.325,96.05,74.125,32.075,19.925,17.5,32.685623751123366,102.381272701603,96.29654718628285,106.7579036886731,86.25442017659152,42.83427366023614,26.568308188516635,21.937410968480304,1040,3781,3493,3842,2965,1283,797,700,1064.7400000000002,9212.784375,9269.509375,11378.760000000002,6843.244375,1803.134375,683.5493749999999,471.01000000000005,1543,5496,3992,5636,4351,2020,1302,1128,18,22,18,27,23,21,24,24
26.55,94.525,86.525,98.3,75.425,32.05,19.875,17.625,32.920358442763046,102.381272701603,95.36993761138778,108.4723467064302,86.73537340670184,42.82464243867075,26.547598761469935,21.9630371305974,1062,3781,3461,3932,3017,1282,795,705,1077.7475,9212.784375,9088.269375,11695.69,7002.044375,1802.5900000000001,682.9193750000001,471.31937500000004,1595,5283,3795,5620,4417,2141,1354,1156,19,21,17,27,23,22,24,24
27.175,95.575,86.925,100.95,77.75,32.625,20.025,17.725,33.232138059414716,103.46267442899395,95.83018835419243,110.26536174157323,88.05225721127199,42.99215044633148,26.575834888108407,22.013064302817998,1087,3823,3477,4038,3110,1305,801,709,1101.734375,9509.094375,9175.444375,12012.039999999999,7120.6775,1810.1943750000003,682.0193750000001,474.17437499999994,1630,5384,3589,5472,4534,2138,1344,1154,19,21,16,26,24,22,23,24
27.15,96.05,86.2,99.2,79.15,33.075,20.1,18.0,33.221228153095126,103.82244458690039,94.97525993646977,108.7954502725183,89.1268758568368,43.21139895907097,26.60826939130014,22.242976419535225,1086,3842,3448,3968,3166,1323,804,720,1098.1275,9550.5975,9012.460000000003,11780.2,7238.6975,1823.334375,683.0,482.5,1663,5577,3723,5656,4434,2122,1337,1179,20,22,17,27,23,21,22,25
27.85,96.875,88.275,99.225,80.825,34.075,20.325,18.0,33.61919094802848,104.3258117629573,96.84665714416786,108.82474442882923,90.86707324438265,43.90017084249217,26.663176854981103,22.242976419535225,1114,3875,3531,3969,3233,1363,813,720,1119.36,9596.859375,9328.509375,11841.559375,7638.059375,1895.584375,688.1243750000001,482.5,1674,5504,3719,5601,4600,2192,1358,1192,19,22,17,27,24,22,23,24
28.2,96.875,91.2,102.4,83.95,35.275,21.025,18.075,33.7231374578345,104.3258117629573,98.92345525708248,110.69055966973878,93.0924271893262,44.55137483849404,27.054112441549435,22.278352721868824,1128,3875,3648,4096,3358,1411,841,723,1123.9275,9596.859375,9673.49,12247.99,7873.777499999999,1938.2443749999998,701.9493749999999,480.124375,1611,5429,3662,5472,4724,2227,1348,1147,19,22,16,26,24,23,24,23
26.875,99.275,90.075,99.275,82.85,34.475,20.25,17.175,31.467046254772626,105.53802632226926,98.65584118540575,108.82566333360896,91.8313671900838,43.69925628657769,26.017301935442884,21.074273415707598,1075,3971,3603,3971,3314,1379,810,687,984.7693750000001,10034.374375,9643.199375,11841.974375,7701.297500000001,1873.3243750000001,654.81,434.359375,1525,5608,3683,5342,4604,2162,1297,1105,18,23,15,25,23,22,23,23
27.4,99.275,88.675,99.275,85.125,34.675,20.475,17.175,31.906112267087632,105.53802632226926,98.20068737030307,108.82566333360896,93.8287003000681,43.8043947566908,26.133790387159685,21.074273415707598,1096,3971,3547,3971,3405,1387,819,687,1014.7599999999999,10034.374375000001,9525.109375,11841.974375,8190.024374999999,1884.8943749999999,662.9493749999999,435.56937500000004,1541,5628,3621,5444,4812,2220,1324,1092,19,23,15,26,24,23,24,23
26.05,99.35,88.35,99.975,85.1,34.725,20.35,16.85,30.210925176167645,105.59663820406405,97.80107361373902,109.5501026927862,93.8184416839248,43.827217570820075,26.049952015310893,20.80264406271472,1042,3974,3534,3999,3404,1389,814,674,902.7774999999999,9755.627499999999,9279.439999999999,11998.249375,8186.860000000001,1887.4743749999998,657.44,422.1875,1453,5448,3484,5242,4781,2174,1287,1058,18,22,15,25,23,22,23,22
25.9,99.35,88.35,100.6,84.45,34.675,19.925,16.475,29.991665508937647,105.59663820406405,97.80107361373902,110.20707781263415,93.34613007511345,43.79069535871747,25.861651146050207,20.63068103577776,1036,3974,3534,4024,3378,1387,797,659,890.5,9755.627499999999,9279.439999999999,12144.39,8255.539999999999,1900.1943749999998,652.624375,417.359375,1456,5251,3397,5390,4704,2137,1267,1037,18,21,15,25,22,21,22,22
26.725,99.7,90.85,103.675,86.3,34.775,20.0,16.575,30.523351716349893,105.99363188418444,99.74993734333871,112.01975272245515,94.33186100146652,43.827217570820075,25.900772189261076,20.72257223416051,1069,3988,3634,4147,3452,1391,800,663,926.944375,9865.65,9779.747500000001,12530.994375,8516.2975,1904.219375,655.2475000000001,421.72437499999995,1519,5265,3551,5513,4664,2130,1259,1025,18,21,16,25,21,20,21,22
26.8,96.875,90.425,103.65,85.85,34.975,19.95,16.425,30.554050467982144,104.07052896954065,99.23948306999588,111.99129430451279,94.09303906240886,43.87282758154528,25.88725555171888,20.613709030642692,1072,3875,3617,4146,3434,1399,798,657,931.1474999999998,9662.744375,9798.419375000001,12430.747500000001,8488.689999999999,1906.549375,654.9399999999999,418.034375,1514,5389,3383,5258,4687,2156,1277,1052,18,22,15,24,21,21,22,23
26.3,97.325,89.075,103.65,87.875,36.525,20.65,16.675,30.092357833842133,104.58381805996567,98.84419558072189,111.99129430451279,95.9365675850455,44.954699420638995,26.396022427631024,20.81886164034912,1052,3893,3563,4146,3515,1461,826,667,905.5274999999999,9738.884375,9699.194375000001,12430.747500000001,8912.269375,2013.499375,688.0475,430.27437499999996,1438,5486,3354,5188,4851,2208,1287,1040,17,22,14,24,22,22,22,23
25.45,97.375,87.325,104.125,87.625,36.0,20.075,15.95,29.37771264070775,104.64451729546083,98.00854554578392,112.2729931907046,95.84010121029715,44.79676327593323,26.122308473793048,20.128338232452275,1018,3895,3493,4165,3505,1440,803,638,861.0899999999999,9748.119375000002,9568.769375,12553.024375,8827.169375000001,1995.19,669.9493749999999,398.9,1430,5233,3308,5206,4892,2225,1287,1023,18,21,14,24,22,22,21,23
25.7,97.375,88.025,102.1,87.425,36.2,20.45,16.325,29.488133206427293,104.64451729546083,98.29381974468181,110.68355794787227,95.68973299158066,44.92159836871346,26.343879744638983,20.26758495726612,1028,3895,3521,4084,3497,1448,818,653,865.3475000000001,9748.119375,9645.069375000001,12116.29,8805.899374999999,2004.9900000000002,678.79,402.509375,1416,5421,3197,5074,4833,2212,1289,1038,18,22,13,24,21,21,21,24
25.55,97.725,88.025,102.1,90.125,37.55,21.025,16.7,29.340245397746763,104.86836987385662,98.29381974468181,110.68355794787227,97.72781078075984,46.25418899948414,26.894702080521363,20.49756083049883,1022,3909,3521,4084,3605,1502,841,668,856.01,9551.474375000002,9645.069375,12116.29,9293.924374999999,2134.3875,712.2693750000001,413.9,1442,5489,3185,5154,4968,2309,1341,1072,19,22,13,24,22,22,22,25
26.9,99.1,90.175,102.125,90.55,37.95,21.375,17.5,31.169696822394663,106.17791672471259,100.13578281513557,110.71235251768431,98.1075939976106,46.4182076345048,27.06335160322904,21.263819036099793,1076,3964,3607,4085,3622,1518,855,700,953.4875,9721.390000000001,9957.869375,12229.924374999999,9208.94,2144.41,716.624375,439.9,1458,5488,3379,5245,4995,2332,1347,1090,19,22,13,24,22,22,22,25
26.45,99.1,91.1,101.225,89.175,37.475,21.2,17.325,30.36527622136838,106.17791672471259,100.48159035365632,110.55779031800517,96.84510829153943,45.846755610402795,26.793655965545277,21.011306480083526,1058,3964,3644,4049,3567,1499,848,693,907.61,9721.390000000001,10010.9875,12185.509375,9017.024374999999,2094.4993750000003,703.46,430.41937500000006,1367,5233,3305,5281,5005,2284,1310,1035,18,21,12,24,22,21,21,24
25.925,99.1,88.05,98.875,89.9,38.2,21.325,16.6,29.692170685215995,106.17791672471259,98.45785900576958,108.82244713293301,97.6465565189065,46.106940909151625,26.85190868448647,20.46948949045872,1037,3964,3522,3955,3596,1528,853,664,862.9193750000001,9721.390000000001,9542.66,11738.794375000001,9348.5275,2121.85,707.5193750000001,402.59749999999997,1417,5268,3366,5261,5160,2347,1354,1029,19,21,13,25,23,21,22,24
25.45,99.975,86.375,100.225,87.075,37.95,21.3,16.75,29.443165590676557,107.08466276736365,96.85414291603638,110.05600846841575,95.73283135894394,46.06897003406957,26.851443164195103,20.52072123488841,1018,3999,3455,4009,3483,1518,852,670,840.89,9845.049375,9185.424374999999,11882.044375000001,9057.134375,2119.6275,707.3100000000001,407.40999999999997,1446,5451,3381,5277,5168,2338,1348,1020,20,22,13,24,23,20,22,23
26.325,102.65,87.4,103.325,87.975,37.925,21.3,17.075,30.82247556572963,108.92979390414727,97.9852029645293,111.89962019595956,96.06130854823913,46.05513000741611,26.851443164195103,20.84286448643756,1053,4106,3496,4133,3519,1517,852,683,894.1493750000002,10020.997499999998,9226.677500000002,12380.509375,9100.649375,2112.519375,697.96,412.09937499999995,1420,5344,3380,5400,5140,2276,1293,1009,19,22,13,24,24,20,21,23
25.075,102.65,86.0,102.375,85.55,36.9,20.55,16.475,29.58082148960708,108.92979390414727,96.92213369504408,110.9703789305957,94.57298768675969,45.09933480662436,25.709920264364882,20.19962870945899,1003,4106,3440,4095,3422,1476,822,659,836.2743750000002,10020.997499999998,9148.977499999999,12014.269374999998,8874.3275,2030.3400000000001,644.5975000000001,391.009375,1434,5089,3528,5363,4969,2184,1235,990,19,21,14,24,24,19,20,22
24.975,102.65,82.9,99.725,82.575,36.7,22.125,17.425,29.557148035627524,108.92979390414727,94.78765742437146,109.18894174777957,92.42524005919594,44.97499305169485,27.912810678969613,21.16423870589254,999,4106,3316,3989,3303,1468,885,697,839.109375,10020.997500000001,8827.1975,11706.869375,8404.949375,2011.86,744.0193750000001,421.144375,1431,5175,3578,5177,4769,2174,1272,1010,19,21,15,23,24,19,20,21
24.925,103.825,79.725,97.55,80.9,37.875,25.0,17.725,29.552072685346456,109.63405036757513,92.60197082135996,107.49255788192967,91.37724005462191,46.09745112259462,34.416565778706044,21.361764908359046,997,4153,3189,3902,3236,1515,1000,709,837.024375,10072.609375,8488.169375000001,11270.727499999999,8248.7975,2094.999375,1095.1975,426.34937499999995,1414,5305,3406,5081,4659,2213,1329,1002,20,22,14,23,23,19,20,20
24.25,103.825,81.4,99.575,82.125,38.6,27.8,17.75,29.21900066737396,109.63405036757513,94.08241068340033,108.8125682079051,92.1714435169592,46.57467122803982,39.77562067397566,21.385742914381066,970,4153,3256,3983,3285,1544,1112,710,808.8599999999999,10072.609375,8670.5975,11662.619374999998,8325.924375,2146.6375,1537.8775,415.1,1394,5344,3346,5111,4573,2280,1563,982,21,22,14,22,22,19,20,19
24.3,103.825,78.625,100.3,80.65,38.5,30.85,18.55,29.22926615568718,109.63405036757513,91.9191220584705,108.97568536146034,90.85785601696752,46.51666368087892,44.6183818621877,22.012496450879897,972,4153,3145,4012,3226,1540,1234,742,805.35,10072.609375,8335.169375000001,11716.939999999999,8175.047499999999,2142.1775000000002,1896.7099999999998,452.62749999999994,1383,5156,3445,5132,4474,2230,1773,998,22,21,14,21,22,19,20,19
26.7,105.5,75.875,100.075,77.6,39.4,33.05,18.6,34.64029445602332,111.05336555008137,89.70855589072873,108.90029843852587,88.71781106406988,48.579831205964474,48.53864439804639,22.098642492243727,1068,4220,3035,4003,3104,1576,1322,744,1087.59,10530.8475,7984.819375000001,11743.174375,7726.85,2345.9375,2299.75,456.98999999999995,1462,5250,3285,4970,4272,2267,1973,945,21,21,13,20,21,19,20,18
29.65,106.175,75.6,97.1,74.7,39.375,35.4,19.175,40.088028138086315,111.74714761460356,89.62421547773793,107.01261607866617,86.39936342358085,48.56773620419218,51.49854366872912,22.95375786227606,1186,4247,3024,3884,2988,1575,1416,767,1423.4475,10627.659375,7946.01,11250.059999999998,7382.039999999999,2352.194375,2555.0775000000003,488.74437500000005,1434,5387,3247,4756,4183,2349,2188,995,20,21,13,20,22,19,20,18
31.725,107.1,74.0,96.725,74.975,41.85,38.45,19.175,43.44162750174077,112.04061763485598,88.8532497998807,106.5930344816208,86.49638720779036,51.12484718803568,55.32449728646434,22.95375786227606,1269,4284,2960,3869,2999,1674,1538,767,1755.4993749999999,10537.09,7763.797499999999,11294.424374999999,7393.734375,2588.2475,2886.56,488.74437500000005,1645,5316,3238,4877,4094,2435,2194,1052,21,20,13,21,21,19,20,19
32.125,107.1,72.625,94.025,73.025,43.525,39.15,20.775,43.51522721990545,112.04061763485598,87.8024771860111,104.7276229081898,85.38457120580978,53.35330355282604,55.72791042197796,25.83940788795285,1285,4284,2905,3761,2921,1741,1566,831,1770.919375,10537.09,7544.7943749999995,10946.944375000001,7162.269374999999,2773.899375,2949.35,597.534375,1699,5135,3066,4715,3924,2348,2314,1111,21,19,13,20,21,18,20,19
34.325,107.1,70.3,92.5,70.05,45.375,41.425,21.975,47.5265715153113,112.04061763485598,85.61717117494598,103.29811227704019,82.96354621157415,56.387720294404524,58.961216066156574,27.67805990310737,1373,4284,2812,3700,2802,1815,1657,879,2210.819375,10537.09,7220.05,10633.289999999999,6820.539999999999,3163.3743750000003,3405.4443750000005,726.069375,1763,5171,2933,4508,3790,2543,2368,1249,20,19,13,19,20,19,20,20
36.25,108.0,68.975,90.175,70.1,45.15,42.15,22.7,49.37408226995212,112.92076868317892,84.78516969376189,101.47006947863986,82.96836746616147,56.33382642782221,59.24947257149214,28.414784883929702,1450,4320,2759,3607,2804,1806,1686,908,2352.2375,10653.460000000001,7014.944375000001,10281.924374999999,6814.860000000001,3159.06,3457.9375,757.6975,1936,5390,2894,4354,3693,2611,2403,1322,20,20,13,19,20,20,20,21
36.825,107.3,66.325,87.525,67.525,43.975,42.725,23.325,49.86657196960706,112.21185320633467,82.43982654033182,99.49208511233444,81.19590506915974,55.01477074386478,59.968116528702154,29.73676176048764,1473,4292,2653,3501,2701,1759,1709,933,2435.909375,10557.49,6545.894375,9857.394375,6559.999375000001,3026.169375,3583.7493749999994,868.474375,2002,5315,2851,4162,3664,2593,2381,1365,20,20,14,19,20,21,19,21
38.65,109.75,66.525,85.825,65.925,45.1,45.75,25.9,52.661181148926005,113.81607970757032,82.53680996985527,98.01160645556219,80.34410370400556,55.87709727607546,63.28151388833867,35.75262228144951,1546,4390,2661,3433,2637,1804,1830,1036,2651.0975,10693.0975,6568.184375,9583.949375,6442.394375,3119.01,3956.94,1217.4100000000003,2105,5186,2770,3988,3627,2641,2542,1512,20,19,13,19,21,22,19,21
40.15,109.75,66.075,83.325,62.825,46.4,47.8,28.35,54.17748609893228,113.81607970757032,82.21450601931511,96.00143228098214,77.75586794576985,58.20180409574947,66.03976075062658,40.80870005280737,1606,4390,2643,3333,2513,1856,1912,1134,2865.4775,10693.0975,6598.569375000001,9141.884375,6045.749375000001,3377.840000000001,4281.1475,1560.2875,2294,5195,2742,4012,3628,2647,2513,1510,21,19,13,19,22,22,19,21
42.5,110.1,64.55,82.8,60.95,49.1,50.55,30.725,57.583851903116035,114.18756499724478,80.87737631748448,95.35669876836131,75.88873434179806,61.495121757745956,68.97282073396738,45.19928096773222,1700,4404,2582,3312,2438,1964,2022,1229,3201.41,10744.390000000001,6416.8275,9009.1775,5757.139999999999,3781.3475000000008,4728.6275000000005,2003.5993750000002,2494,5361,2789,3892,3635,2869,2756,1753,22,20,14,19,22,23,20,22
42.525,112.675,64.75,81.35,59.425,48.85,50.025,32.925,57.59361943826764,115.89984900766696,81.03054979450651,93.85467489688513,74.76513224759253,61.30375192433168,68.83186035550688,48.213846558846555,1701,4507,2590,3254,2377,1954,2001,1317,3225.3443749999997,10885.049374999999,6437.1275000000005,8790.6375,5581.269375000001,3749.7400000000007,4718.244375,2252.7493750000003,2635,5258,2744,3785,3436,2852,2836,1972,23,20,14,18,21,22,19,23
43.95,112.675,62.375,81.375,56.325,48.375,50.65,35.05,59.07156676439182,115.89984900766696,78.63571071720533,93.85960259877515,72.01961538358837,60.989138377255344,69.03586024668628,50.22150933614002,1758,4507,2495,3255,2253,1935,2026,1402,3368.45,10885.049374999999,6129.9193749999995,8782.844375,5186.794375,3718.909375,4751.51,2484.3775,2729,5003,2843,3763,3209,2796,2797,2142,24,19,15,19,21,22,18,24
45.1,112.675,59.7,78.45,53.65,49.125,52.45,34.6,60.47602830874395,115.89984900766696,76.05918747922567,91.66815150312566,69.19718202354775,62.13433028527788,71.39432750576196,50.023994242763145,1804,4507,2388,3138,2146,1965,2098,1384,3603.3275000000003,10885.049374999999,5763.3775,8337.439999999999,4782.0,3860.659375,5065.790000000001,2476.8975,2852,5062,2745,3538,3083,2775,2892,2187,24,19,15,19,21,21,18,24
45.775,114.15,60.9,76.2,54.475,48.7,53.075,37.15,60.7599786043412,117.14670289854513,76.81275935676312,89.63286227718046,69.65468397746127,62.05562021283809,71.60848413421415,52.55949010407159,1831,4566,2436,3048,2179,1948,2123,1486,3647.2193749999997,11024.547499999999,5888.297499999999,8018.05,4851.444375,3850.6975000000007,5081.194374999999,2704.7400000000002,2893,5258,2735,3564,3012,2780,2939,2270,24,20,16,19,21,21,18,25
47.325,114.15,60.925,76.225,52.95,48.85,54.85,39.525,62.24688747238692,117.14670289854513,76.85424516576816,89.66841695937316,67.50888830368932,62.35463094269743,73.84172262345997,56.036818253716014,1893,4566,2437,3049,2118,1954,2194,1581,3848.409375,11024.5475,5810.0443749999995,8034.784375,4539.3875,3888.0100000000007,5427.097500000001,3112.8243749999997,2891,5258,2903,3655,2954,2773,3037,2460,23,20,17,19,21,21,18,25
49.9,114.15,59.375,76.225,52.425,49.05,57.775,42.525,65.33490644364619,117.14670289854513,75.55246521457788,89.66841695937316,67.13847630085151,62.418747183838924,76.50702582116233,59.515754216845814,1996,4566,2375,3049,2097,1962,2311,1701,4209.360000000001,11024.547499999999,5578.784375,8034.784375,4484.774375,3895.6099999999997,5850.684375,3538.609375,3055,5003,3041,3910,2903,2868,3035,2440,23,19,18,20,21,21,18,24
51.675,114.15,57.425,75.6,50.4,48.475,60.45,45.4,67.06433478384767,117.14670289854513,73.48520259208652,88.86675418850403,65.44310506080835,62.30349107393582,78.62792124938825,62.82913336979908,2067,4566,2297,3024,2016,1939,2418,1816,4378.269375,11024.5475,5222.519375000001,7888.3,4278.8,3879.969374999999,6163.860000000001,3918.34,3040,5043,2832,3751,2925,2885,3272,2658,22,19,17,19,21,21,19,24
51.4,115.15,56.775,77.225,48.975,48.575,61.875,45.6,67.0294711302424,118.06502445686445,72.72946445561111,90.48853518540346,63.956430482008614,62.35483140864066,79.37647636422267,62.91820086429681,2056,4606,2271,3089,1959,1943,2475,1824,4382.7,11135.6475,5207.219374999999,8185.999374999999,4088.534375,3886.6243749999994,6295.674375,3942.7,3124,5290,2834,3700,2726,2840,3433,2795,23,20,17,19,20,21,19,25
51.675,115.175,53.6,74.25,46.2,50.225,64.8,48.1,67.18723837158363,118.08206891818926,69.85699678629192,88.20770941363345,60.77499485808288,64.5137582225683,81.89749690924626,64.91301872506007,2067,4607,2144,2970,1848,2009,2592,1924,4398.024374999999,11549.719375,4845.19,7756.589999999999,3691.6399999999994,4153.469375000001,6674.709999999999,4171.45,3155,5451,2907,3813,2494,2824,3591,2917,24,21,18,19,19,20,19,26
52.025,115.175,51.775,72.975,43.475,50.275,67.25,49.2,67.31214600649723,118.08206891818926,67.42421671773428,86.71346492904087,57.38488476942339,64.55172344717064,84.19857480979117,65.48663985882922,2081,4607,2071,2919,1739,2011,2690,1968,4407.159375,11549.719375,4529.4193749999995,7481.094375000001,3287.8493750000002,4166.699375000001,7086.160000000001,4230.74,3156,5431,2834,3774,2453,2973,3837,2961,24,21,18,20,19,21,20,26
51.525,115.825,51.95,74.9,42.35,50.3,66.95,51.225,67.1708642195409,118.70793991978802,67.43589548600953,87.62990357178307,56.16627101739976,64.56392181396666,84.1486779456457,67.06023411829099,2061,4633,2078,2996,1694,2012,2678,2049,4399.034375,11761.099375,4529.5375,7660.9375,3143.0899999999997,4168.25,7079.789999999999,4471.824375,3112,5530,2876,3647,2300,2997,3918,3094,23,21,18,19,19,21,19,26
50.825,117.65,52.825,72.125,39.2,52.025,69.675,53.5,66.93074779202755,120.10641115277735,67.71428948161532,85.3356607755515,52.454265794118214,66.18666784179425,86.46458812716337,68.71899300775587,2033,4706,2113,2885,1568,2081,2787,2140,4351.469375,11915.539999999999,4556.869374999999,7281.719375000001,2751.4100000000003,4379.1743750000005,7473.484375,4666.05,3105,5756,2789,3711,2249,3119,4034,3274,24,22,17,19,19,22,19,27
51.475,117.6,51.175,71.0,38.6,51.775,70.575,54.3,67.17309729348499,120.07185348781786,65.71091994486153,83.94670928630853,52.15601595214113,66.12620509298867,86.80740175814502,69.03260099402311,2059,4704,2047,2840,1544,2071,2823,2172,4398.269375,12305.847499999998,4316.2993750000005,7046.847500000001,2720.09,4371.724375,7529.149374999999,4687.177500000001,3081,5922,2862,3554,2247,3194,4098,3313,23,23,18,19,20,22,19,26
50.775,115.375,48.525,69.425,37.875,51.15,70.65,56.325,66.89114291144979,118.5144505956974,62.61329730975682,82.11622860312083,51.58996995540897,65.951118261937,86.81128958839398,70.26823606723026,2031,4615,1941,2777,1515,2046,2826,2253,4374.9243750000005,12133.799374999999,3914.299375,6741.809375,2655.6443750000003,4349.547500000001,7529.44,4819.359375,3055,5788,2633,3446,2255,3198,4131,3330,23,23,17,19,21,23,19,25
51.225,115.375,45.95,66.35,36.025,52.85,73.45,57.675,67.19319161938954,118.5144505956974,59.42726646918904,79.62568681022475,49.76469632179021,67.27815395802712,89.07188108488559,71.18444352525347,2049,4615,1838,2654,1441,2114,2938,2307,4424.199375000001,12133.799374999999,3531.59,6336.447499999999,2458.2493750000003,4523.2875,7904.639999999999,4976.499374999999,3100,5812,2619,3515,2166,3258,4231,3455,24,23,17,20,21,23,18,25
50.9,118.2,43.225,63.45,35.425,53.575,76.5,59.25,67.15690582508995,120.2066969848186,56.77741628499839,77.07171984586824,49.41381385807009,67.58457664289982,91.33728701904825,72.1404879384663,2036,4728,1729,2538,1417,2143,3060,2370,4413.0275,12282.747500000001,3215.6943749999996,5910.89,2428.219375,4566.624375,8336.9775,5150.2275,3149,5954,2532,3530,2028,3311,4447,3421,24,24,17,21,21,23,18,24
52.225,116.675,44.15,60.8,32.45,54.75,76.65,59.1,68.02922166245915,118.96333468762549,57.110419364595806,74.48389087581288,45.167466167585715,69.0550505032036,91.39638942540344,72.10097086724977,2089,4667,1766,2432,1298,2190,3066,2364,4555.299375,12415.469375,3257.9900000000002,5483.047500000001,1990.3975000000005,4758.0375,8347.05,5142.3,3193,6149,2559,3359,1878,3312,4582,3463,23,25,17,21,20,22,19,24
52.575,116.675,46.2,62.1,33.05,57.5,79.775,59.4,68.10635065836372,118.96333468762549,58.982200704958444,76.2433603666575,45.74822400924434,71.32741408462807,93.5423700790182,72.1467254974195,2103,4667,1848,2484,1322,2300,3191,2376,4559.709375,12415.469375,3458.1975000000007,5725.6275000000005,2034.3775,5051.6,8749.719375,5140.347500000001,3276,6089,2650,3385,1890,3287,4723,3476,24,25,18,21,20,22,19,24
55.325,116.675,48.025,63.75,32.125,58.225,82.4,62.225,70.99278132317399,118.96333468762549,61.71891930356526,77.95543598749224,44.73617104759861,71.7985027699046,95.63759720946568,74.89409188981465,2213,4667,1921,2550,1285,2329,3296,2489,4904.834375,12415.469375,3801.7993749999996,6017.759999999999,1974.5443750000006,5109.799375,9135.660000000002,5490.859375,3338,6143,2798,3546,1782,3235,4665,3552,23,25,19,22,20,21,18,23
57.85,118.025,45.425,61.7,29.35,57.425,81.95,64.5,73.66342375969231,120.10401741823627,58.47413958323799,75.66009516250955,40.05621050473946,71.17179919040969,95.50575898865995,76.8579859220888,2314,4721,1817,2468,1174,2297,3278,2580,5343.49,12573.824375,3390.8693749999993,5580.45,1527.9375,4974.699374999999,9099.259999999998,5706.9275,3499,6344,2647,3449,1606,3157,4717,3513,23,26,18,22,20,20,17,22
56.725,116.45,45.425,60.075,27.075,57.475,81.85,66.8,72.9652314462169,118.83181392203015,58.47413958323799,73.58039820495674,37.07728415081126,71.19146718533058,95.48691009766732,79.27389229752757,2269,4658,1817,2403,1083,2299,3274,2672,5260.324374999999,12661.759999999998,3390.8693749999993,5306.434375,1332.799375,4976.5443749999995,9096.59,6013.7474999999995,3627,6537,2726,3340,1583,3149,4702,3521,24,27,19,22,20,20,17,22
56.95,116.45,45.65,61.0,25.7,57.275,83.775,66.55,73.12079047712764,118.83181392203015,58.70647323762517,73.82513122236898,35.77499126484869,71.07337757557326,97.01687997456938,79.20448219640099,2278,4658,1826,2440,1028,2291,3351,2662,5279.410000000001,12661.759999999998,3441.16,5361.789999999999,1253.8399999999997,4963.534375,9369.699375,6010.909999999999,3585,6475,2858,3406,1401,3081,4748,3604,23,27,19,22,19,19,16,21
56.35,116.45,47.15,61.5,23.325,57.8,86.6,69.625,72.98938278955372,118.83181392203015,59.594043326493626,74.12253368578276,30.42983733114589,71.37926869897169,99.07699026514683,81.59488341801831,2254,4658,1886,2460,933,2312,3464,2785,5246.45,12661.759999999998,3535.0475000000006,5359.59,848.094375,4963.8975,9714.24,6485.459375,3602,6475,2933,3405,1308,3066,4746,3736,22,27,20,23,19,19,16,22
58.525,116.05,47.225,59.475,23.575,57.9,87.125,71.25,74.44981531206105,118.42719282327012,59.67139180545398,71.7204643041301,30.544639464233327,71.38487234701762,99.13261320070201,82.43694560086516,2341,4642,1889,2379,943,2316,3485,2850,5417.894375,12596.16,3544.8743749999994,4958.184375,859.4443749999998,4960.077499999999,9714.384375,6563.2875,3632,6714,2873,3250,1292,3085,4831,3898,22,28,20,23,19,18,16,22
59.625,113.275,44.925,56.775,22.75,59.675,89.775,70.85,75.7243355863886,116.71600147366256,56.422291693975,68.8783347650043,29.542342493444895,72.87369209804042,101.11762952126597,82.34470231897131,2385,4531,1797,2271,910,2387,3591,2834,5583.499375,12454.694375000001,3180.669375,4624.869375,812.6875,5130.344375000001,10048.549374999999,6560.1275,3588,6843,2798,3098,1268,3172,4935,3945,22,29,20,23,19,18,16,22
61.35,110.275,45.6,54.825,22.6,61.8,92.35,73.8,76.61886190749638,114.95488245394364,57.12967705142398,67.41902550467486,29.50677888214842,74.73085038991594,103.04731922762474,84.78059919580659,2454,4411,1824,2193,904,2472,3694,2952,5764.360000000001,12267.524374999999,3262.8,4379.559375,805.0400000000001,5342.897500000001,10367.5275,6870.910000000001,3761,6597,2857,3061,1266,3181,4891,4032,22,28,20,24,18,18,16,22
64.4,110.275,46.875,55.5,22.8,61.75,91.4,76.0,79.20258834154349,114.95488245394364,57.78429717492461,67.76355952870244,29.588004326077826,74.71546024752843,102.58533033528722,86.93302019371005,2576,4411,1875,2220,912,2470,3656,3040,6220.4875,12267.524374999999,3333.8493750000002,4378.74,806.5600000000001,5375.040000000001,10301.74,7157.35,3807,6500,2980,3059,1262,3267,4929,4012,21,27,21,24,18,19,16,22
64.725,111.25,48.0,54.6,23.1,63.25,91.375,78.7,79.23745957563253,115.87148052907584,58.24002060439196,67.45739396092915,29.890633984577846,76.6381106238926,102.55425393419817,89.20173765123637,2589,4450,1920,2184,924,2530,3655,3148,6221.194374999999,12418.1375,3379.9975,4362.8099999999995,847.2099999999998,5782.1975,10444.699375,7441.659999999999,3946,6716,2872,3032,1254,3260,4832,4011,21,28,20,24,19,18,16,22
64.975,110.525,45.175,51.975,21.225,65.325,91.4,81.35,79.2563877551835,115.15912903456677,55.27861250067697,65.1411928045534,26.815573833129136,78.94539251913312,102.58533033528722,91.37368330104681,2599,4421,1807,2079,849,2613,3656,3254,6227.9193749999995,12581.719374999997,3055.334375,4120.719375,694.8193749999999,6039.859375,10301.74,7988.15,3964,6943,2816,2961,1163,3445,4832,4212,21,29,20,24,19,18,16,22
66.25,109.55,45.875,51.5,20.225,66.875,89.0,83.725,79.77750309454414,114.23681543180376,55.66978534178123,64.92572679608601,25.594432988444968,80.03733503809332,100.6963256529254,93.44262945786575,2650,4382,1835,2060,809,2675,3560,3349,6331.96,12420.04,3098.2693750000008,4123.1900000000005,619.9693749999999,6283.319374999999,10020.939999999999,8201.374375,3898,6876,2863,2980,1134,3508,4737,4461,21,29,21,25,20,18,16,23
64.7,109.55,46.6,51.325,20.275,65.025,88.2,83.95,78.02916121553531,114.23681543180376,56.09144319769282,64.84886275024412,25.60029296707364,77.9292948768305,99.81057058247889,93.54731423189017,2588,4382,1864,2053,811,2601,3528,3358,6071.327499999999,12420.04,3146.2099999999996,4116.5443749999995,620.859375,5905.919375,9825.259999999998,8116.0599999999995,4006,6837,2951,2984,1128,3438,4563,4457,22,29,22,25,19,18,15,22
62.175,109.55,46.825,51.4,20.45,67.625,88.625,85.125,75.47963301447616,114.23681543180376,56.19764229929935,64.86100523427,25.706030420895406,80.39263025924703,100.31388238922867,94.40378700031054,2487,4382,1873,2056,818,2705,3545,3405,5694.534375,12420.04,3158.174375,4107.9475,634.79,6356.369374999999,10029.524374999999,8437.924375,3800,7018,2956,2876,1119,3388,4577,4540,21,30,22,24,19,17,15,22
62.65,111.375,47.625,49.1,20.4,67.1,88.625,86.7,76.22171606569876,115.67357087943641,56.580694587465075,62.4767956924809,25.6378626254218,79.79943608823311,100.31388238922867,95.12675753961133,2506,4455,1905,1964,816,2684,3545,3468,5752.7474999999995,12957.044375000001,3199.619375,3859.1275,646.0775,6334.31,10029.524374999999,8641.060000000001,3808,7199,2979,2815,1088,3433,4658,4469,21,31,22,25,18,17,15,21
65.45,109.475,47.45,48.95,20.175,64.625,88.925,88.0,78.82226842713929,114.18570400886443,56.46768987660111,62.438369613563744,25.58954864783668,78.12249995999872,100.46927390998704,96.51062117715334,2618,4379,1898,1958,807,2585,3557,3520,6088.6275000000005,12689.619375,3188.35,3856.3,641.684375,6092.069374999999,10064.099375,8852.05,3697,7123,2980,2800,1122,3287,4763,4531,21,31,22,26,19,17,16,21
62.45,109.475,48.075,48.1,20.7,64.65,88.95,89.575,76.2295874316528,114.18570400886443,56.991008062675995,61.75394724226137,25.986534974867272,78.1632906165036,100.50099501994993,98.0728045892438,2498,4379,1923,1924,828,2586,3558,3583,5600.7,12689.619375,3246.709375,3781.6275,654.14,6015.409999999999,9960.0275,8925.269375,3606,7047,2999,2719,1133,3275,4860,4423,20,31,22,25,18,16,17,20
60.975,109.475,48.175,47.35,21.4,67.6,91.175,91.7,75.14802059934779,114.18570400886443,57.04187058643852,61.522760016111114,26.59887215654077,80.68890877933596,102.31116752339405,99.90820787102528,2439,4379,1927,1894,856,2704,3647,3668,5477.574374999999,12689.619375,3252.274375,3741.4900000000007,695.5975000000001,6471.01,10374.934375,9172.2475,3486,7274,2980,2692,1196,3482,5067,4306,19,32,21,24,19,16,18,19
61.825,108.9,48.075,46.85,21.425,67.4,91.275,92.1,75.9468564194727,113.73917530912557,57.008551990030405,61.425157712455245,26.604041046427515,80.6021091535451,102.39714351484615,100.23597158705053,2473,4356,1923,1874,857,2696,3651,3684,5619.694375000001,12608.99,3248.2193749999997,3737.05,695.6993749999999,6431.897500000001,10288.474375,8987.747500000001,3431,7302,3005,2624,1223,3536,5070,4142,19,32,22,24,19,16,18,18
62.125,109.0,47.95,45.725,21.675,67.85,91.25,92.075,76.42332759046808,113.84902283287283,56.91748413273376,60.88246874100951,26.75397166777299,81.0141962868237,102.36600998378319,100.20416658003798,2485,4360,1918,1829,867,2714,3650,3683,5803.009375,12821.1775,3237.4975,3655.909375,705.3743750000001,6544.3775000000005,10420.2775,9355.744375,3271,7256,3021,2605,1235,3587,5287,4359,18,32,22,24,19,17,19,19
62.4,109.0,47.5,45.25,21.675,65.525,90.675,92.075,76.74470665785361,113.84902283287283,56.59240231691883,60.737961770214184,26.75397166777299,78.6404793983353,101.70951282943007,100.20416658003798,2496,4360,1900,1810,867,2621,3627,3683,5777.39,12821.1775,3190.45,3631.34,706.624375,6180.224375,10294.769375,9355.744375,3281,7001,3001,2472,1217,3450,5264,4359,18,31,22,23,19,17,19,19
62.375,109.0,47.375,42.7,21.15,63.7,88.175,89.675,76.70316160367837,113.84902283287283,56.50730041330943,58.33952348108442,26.18873803756111,76.51143705355429,99.79892283987839,98.29381974468181,2495,4360,1895,1708,846,2548,3527,3587,5865.524374999999,12821.1775,3190.5943749999997,3377.9975,679.6,5811.097500000001,9840.469375,8845.144375,3352,7256,3044,2448,1225,3384,5223,4283,18,32,23,24,20,17,19,19
63.625,108.975,46.075,41.25,21.075,63.125,91.175,90.175,77.48144939274174,113.82102178420294,55.57944764029236,57.336724705898575,26.12135141986341,76.28187858200661,101.82251715607899,98.89223933150669,2545,4359,1843,1650,843,2525,3647,3607,5959.484375,12925.249375,3088.9993750000003,3274.54,680.569375,5768.159375,10162.619375,8934.319375,3440,7511,2995,2366,1237,3384,5297,4245,18,33,23,23,20,17,19,19
64.575,108.975,46.225,41.5,21.15,63.15,91.0,91.15,78.7945112301612,113.82102178420294,55.67652108384647,57.44127435912264,26.13426869074396,76.29220143631981,101.76836443610559,99.9562404254982,2583,4359,1849,1660,846,2526,3640,3646,6207.074374999999,12925.249375,3095.569375,3276.46,680.5975000000001,5769.3775,10146.55,8801.0,3455,7511,2966,2354,1241,3357,5290,4169,18,33,22,22,20,18,19,19
62.95,108.975,46.225,41.45,20.85,63.075,91.0,94.025,77.47386656157029,113.82102178420294,55.67652108384647,57.43256915722994,25.96150997149434,76.18644892630185,101.76836443610559,101.96384163025635,2518,4359,1849,1658,834,2523,3640,3761,5982.84,12925.249375,3098.824375,3280.0099999999998,672.4375,5754.319374999999,10146.55,8950.724375,3556,7511,2933,2366,1210,3325,5355,4054,19,33,22,23,20,18,20,18
62.025,108.575,44.9,41.125,20.175,64.575,92.1,94.15,77.22871875151108,113.3985229180698,54.58296437534334,57.25971533285858,24.85910296048512,76.83342371650505,102.40410148036064,102.0918703913294,2481,4343,1796,1645,807,2583,3684,3766,5935.9193749999995,12833.469374999999,2973.7775,3270.9743750000002,617.2943750000001,5873.944375000001,10353.1975,9346.910000000002,3538,7750,2735,2290,1236,3364,5400,4060,20,34,21,23,21,18,20,18
61.4,108.575,42.05,38.25,19.075,61.9,90.025,92.425,76.5989556064572,113.3985229180698,50.740516355275695,53.60317154795974,22.82925754377483,74.2303846143882,100.65671860337987,100.51678964232791,2456,4343,1682,1530,763,2476,3601,3697,5782.76,12833.469374999999,2573.16,2873.29,517.469375,5427.339999999999,9946.134375,8702.994375,3387,7766,2579,2072,1183,3344,5437,4225,20,34,20,23,21,19,20,19
59.35,108.575,41.25,35.175,18.15,62.25,87.25,89.5,74.23408920435409,113.3985229180698,50.47177429019115,49.70387308852299,22.066943603498878,74.37640754970624,98.66585022184728,98.50329943712545,2374,4343,1650,1407,726,2490,3490,3580,5459.577499999999,12833.469374999999,2547.2775,2460.394375,485.95,5418.4275,9439.109999999999,8034.1775,3378,7511,2587,2056,1183,3339,5255,4018,20,33,21,23,21,19,20,18
57.05,108.575,41.075,33.0,18.05,63.05,86.25,88.525,72.5417121386034,113.3985229180698,50.345059340515235,47.07440918375928,22.007953107910787,74.55903701094859,97.69825996403416,97.42343147313176,2282,4343,1643,1320,722,2522,3450,3541,5238.7775,12833.469374999997,2532.449375,2187.3774999999996,483.53999999999996,5462.027499999999,9389.9475,8236.394375,3313,7511,2587,2055,1170,3375,5161,3957,19,33,21,24,21,19,20,18
59.6,108.575,39.7,30.025,17.3,63.425,87.7,90.925,74.4157241448338,113.3985229180698,49.11466176204413,42.943276540105785,21.174276847155845,74.76747287423856,99.15669417643974,99.3746698107722,2384,4343,1588,1201,692,2537,3508,3637,5480.6975,12833.469374999999,2404.1275,1774.8193749999998,448.26000000000005,5485.624375,9529.289999999999,8320.994375,3363,7557,2564,1954,1167,3375,5166,4041,18,33,21,24,22,20,20,18
60.65,109.5,40.5,30.225,17.275,62.025,85.675,91.575,75.32728589296178,114.20726771970337,49.39078861488243,43.00377890371961,21.155968425009526,73.10112858225925,97.35335125202418,100.11755590304828,2426,4380,1620,1209,691,2481,3427,3663,5655.71,13026.077500000001,2435.45,1783.309375,447.469375,5265.894375,9308.024374999999,8886.149374999999,3541,7594,2526,1882,1188,3220,5086,4251,19,33,21,23,23,19,20,19
60.575,108.675,39.8,28.525,17.35,63.95,83.6,93.35,75.29790833748305,113.39896384006337,48.80624959982072,41.26893504804794,21.228518554058358,75.39562321514425,95.51361159541608,101.72684011606769,2423,4347,1592,1141,694,2558,3344,3734,5661.7943749999995,12848.269375,2382.0475,1667.424375,450.5875,5636.89,8894.84,9498.627499999999,3577,7552,2485,1887,1137,3325,4970,4103,19,33,21,23,22,19,20,18
60.45,108.675,40.975,27.0,16.85,64.6,85.15,94.25,75.28711709183716,113.39896384006337,49.55880345609648,39.397334935246576,20.534117950377123,75.78258375114957,96.14442261514705,102.69542346180768,2418,4347,1639,1080,674,2584,3406,3770,5661.9,12848.269375,2454.809375,1532.3475,420.21000000000004,5721.3775,8953.0475,9345.727499999999,3583,7519,2536,1851,1102,3266,4965,4171,18,33,22,24,22,18,21,18
63.4,108.675,42.2,26.925,16.9,62.575,85.175,93.4,77.90603314249802,113.39896384006337,51.104305102407956,39.3697218684613,20.538987316808004,74.28475617514,96.17757015021746,102.04778292545116,2536,4347,1688,1077,676,2503,3407,3736,6069.147499999999,12848.269375,2606.1274999999996,1530.834375,420.16,5473.6693749999995,8701.394375,9271.310000000001,3677,7564,2482,1759,1103,3224,4947,4186,18,33,21,23,21,18,21,18
65.025,109.3,42.5,25.225,16.75,62.575,87.1,92.625,79.36293215349342,113.91861129771553,51.42032672008221,37.239428029979194,20.458494568271636,74.28475617514,97.95253952807963,101.83872053398943,2601,4372,1700,1009,670,2503,3484,3705,6289.019375,12912.647500000003,2618.5475,1340.8743749999999,417.22749999999996,5473.6693749999995,8816.289999999999,9280.474375,3856,7464,2484,1613,1068,3211,4902,4195,18,32,21,22,20,17,21,18
65.725,111.15,44.8,24.65,16.4,63.025,87.725,93.75,79.6007223585314,115.14621140098357,54.37692525327264,36.40398329853479,20.130822139197395,74.37556722472777,98.07051034842227,102.99757278693512,2629,4446,1792,986,656,2521,3509,3750,6333.299375,13240.5875,2949.2875,1308.44,400.84,5496.619375,8873.899374999999,9442.2775,3933,7518,2656,1600,1033,3132,4940,4153,18,32,22,22,19,16,22,17
67.55,111.15,44.5,24.95,16.225,64.05,87.725,95.05,81.64924984346152,115.14621140098357,54.27752757817917,36.486298798316064,20.04806723851454,75.82908413003548,98.07051034842227,104.26456732754421,2702,4446,1780,998,649,2562,3509,3802,6666.589999999999,13240.5875,2932.7275,1310.0899999999997,398.21937499999996,5726.039999999999,8873.899374999999,9791.9775,3966,7277,2760,1643,1009,3106,4781,4408,18,31,23,22,18,15,21,18
70.05,111.15,45.075,24.775,16.2,65.0,87.725,96.375,83.1961537572501,115.14621140098357,54.4203546478705,36.4503086406686,20.0274811197015,76.6018929270028,98.07051034842227,105.54655370972564,2802,4446,1803,991,648,2600,3509,3855,6914.839999999999,13240.5875,2952.1193749999998,1309.044375,397.2975,5833.6275000000005,8873.899374999999,9701.769375,3922,7337,2760,1623,1022,3248,4869,4604,18,31,24,21,19,16,21,19
68.65,109.725,45.05,25.45,17.175,64.075,89.175,99.175,82.46938826012959,114.66876209325711,54.402665375880254,37.083689136869864,21.324281933983148,75.5011589315025,99.07080801124012,107.4396342138226,2746,4389,1802,1018,687,2563,3567,3967,6800.9974999999995,13116.719375000004,2934.65,1337.3775,453.7743750000001,5676.169375,8874.069375000001,9818.949375,3945,7280,2690,1518,1005,3253,4735,4571,18,31,24,20,19,16,20,18
68.425,106.825,43.125,22.375,16.225,62.1,89.225,99.975,82.42162944276217,112.88456493250085,52.40205148655919,31.08415995326237,19.606759038658073,73.55338197527018,99.13488286168497,107.68507324601678,2737,4273,1725,895,649,2484,3569,3999,6792.869375,12735.224375,2736.519375,958.244375,376.44437500000004,5401.3975,8883.699375,10006.059375,3841,7047,2490,1330,983,3239,4764,4637,18,31,23,20,19,16,20,19
66.025,106.825,41.3,20.575,15.8,61.375,89.2,99.95,80.05826003605125,112.88456493250085,49.14926245631769,26.249285704567278,19.112822920751398,73.09360437138122,99.10272448323508,107.65546897394485,2641,4273,1652,823,632,2455,3568,3998,6387.469375000001,12735.224375,2391.6400000000003,667.634375,359.54,5342.284375,9228.427500000002,10467.45,3631,6931,2457,1208,940,3284,4910,4698,18,31,24,19,18,17,21,19
63.275,106.55,42.05,19.9,15.55,60.4,90.525,97.9,77.54563172739003,112.58574510123384,49.72574785762402,25.42636427018224,18.968394766031206,72.81964020784503,99.70920218314856,106.314157100548,2531,4262,1682,796,622,2416,3621,3916,6012.1693749999995,12669.3,2426.41,630.8975,351.0975,5302.54,9282.719375,10402.7,3530,6982,2413,1249,937,3304,5106,4779,18,31,24,20,18,17,22,19
65.9,106.925,40.35,18.925,15.875,62.15,92.55,96.525,80.06060204619997,112.82696929369325,46.40096981745101,23.69968354219102,19.164420158199412,74.34177829457673,100.85013634100848,105.00630933424905,2636,4277,1614,757,635,2486,3702,3861,6407.297500000001,12725.409375,2148.64,558.524375,354.849375,5513.74,9648.627499999999,10402.574375,3609,6986,2333,1190,947,3393,5176,4712,18,31,24,20,18,17,23,19
66.3,105.35,38.875,18.525,16.075,61.55,90.35,99.3,80.37474727798526,111.471745298977,45.258424630117204,23.18782007865336,19.278874448473385,74.13163966890251,99.28922398729884,106.90509810107281,2652,4214,1555,741,643,2462,3614,3972,6457.54,12425.647500000001,2035.544375,526.9493749999999,360.61937500000005,5477.860000000001,9431.9275,10658.6375,3757,6876,2257,1144,960,3492,5287,4772,19,31,23,20,19,18,24,19
66.3,105.35,37.65,17.35,15.9,63.3,89.775,97.025,80.37474727798526,111.471745298977,44.148612662234356,21.587033144922902,19.064364662899205,76.15773105863909,98.61224568987363,105.22131438069,2652,4214,1506,694,636,2532,3591,3881,6457.54,12425.647500000001,1943.5775,461.59,343.2,5726.897500000001,9504.594374999999,10170.024374999999,3743,6829,2151,1059,949,3582,5312,4734,20,31,23,19,19,19,25,19
66.75,105.75,36.25,16.425,15.55,64.1,92.45,98.35,80.94380766927141,111.90151920327088,43.024411675233864,20.374616560809187,18.842770496930648,76.38848080699078,100.61287193992626,106.49178372062326,2670,4230,1450,657,622,2564,3698,3934,6550.5775,12521.0475,1834.2900000000002,403.049375,337.82750000000004,5775.1375,9816.7,10357.6775,3834,6955,2061,995,925,3652,5438,4831,20,31,22,18,18,20,26,20
67.225,108.075,35.35,15.95,15.35,62.1,90.35,101.275,81.63623582699046,113.21318386124472,42.646219058669196,20.128338232452275,18.672171807264412,74.9079435040103,98.80156881345559,108.38392408470916,2689,4323,1414,638,614,2484,3614,4051,6664.019375000001,12800.209375,1808.4600000000003,396.15,329.7275,5516.1375,9524.59,10572.299375,3668,6964,1959,971,926,3663,5522,4714,19,31,21,17,19,20,26,20
67.15,109.35,33.6,15.725,15.425,59.825,87.725,98.375,81.56960218120473,113.58983229145116,41.05727706509529,20.04432588040815,18.694250453013623,73.01626531123048,96.7748676051794,106.49448342519908,2686,4374,1344,629,617,2393,3509,3935,6644.897499999999,12869.01,1659.69,390.384375,331.19937500000003,5186.774375,9202.174374999999,10356.684375,3672,6896,1834,913,919,3534,5446,4830,19,31,20,16,19,19,26,20
64.35,109.35,33.125,14.85,15.075,59.975,89.15,95.2,79.09487973314076,113.58983229145116,40.527459826641,18.665476152512156,18.524983130896505,73.06760568131406,97.64706856839074,104.55381389504642,2574,4374,1325,594,603,2399,3566,3808,6222.9375,12869.01,1621.084375,342.15,321.784375,5190.644375000001,9438.91,10136.259999999998,3616,6827,1858,880,872,3473,5399,4841,19,31,20,16,18,20,26,20
64.1,108.825,32.125,14.75,14.4,56.85,87.175,94.05,79.06326580656784,113.04545545929743,39.88075977210063,18.649396773086256,17.686152775547317,70.25489306802766,95.86096703038208,103.39245620450265,2564,4353,1285,590,576,2274,3487,3762,6223.4375,12751.449375,1579.419375,342.03999999999996,300.55,4855.647499999999,9050.674374999999,10163.297499999999,3600,6834,1857,891,834,3248,5184,4669,18,31,21,16,17,20,25,20
65.1,109.15,32.675,14.95,14.225,54.65,84.3,92.2,79.45438943192504,113.34835684737561,40.07337021015328,18.75633226406485,17.631647682505456,67.57329354116166,93.72272936700041,101.76934705499491,2604,4366,1307,598,569,2186,3372,3688,6266.76,12736.547500000002,1590.859375,345.03999999999996,297.36937499999993,4441.827499999999,8715.8875,9603.4975,3609,6651,1840,878,820,3071,5059,4549,19,30,21,15,16,19,24,20
64.325,110.125,32.3,14.625,14.025,52.85,84.725,92.175,79.03875631612632,114.27784124667389,39.72090129893832,18.52093410171312,17.540667034066864,66.20083081049663,93.90620320298335,101.73802140792792,2573,4405,1292,585,561,2114,3389,3687,6189.744374999999,12926.599375,1544.6875,332.299375,295.59937499999995,4295.1275000000005,8712.799374999999,9906.469374999999,3571,6451,1753,840,818,3092,5058,4649,19,29,20,14,17,20,25,21
63.4,110.125,31.35,14.35,14.475,52.975,82.75,91.275,78.57512328975373,114.27784124667389,39.045486294833104,18.22909761891685,17.871066000661518,66.30554275473507,92.73160194885021,101.47228685705275,2536,4405,1254,574,579,2119,3310,3651,6142.6900000000005,12926.599375,1505.6275,327.01000000000005,303.969375,4306.649375,8449.0875,9913.444375,3546,6451,1776,848,821,3061,5091,4624,19,29,21,15,17,20,26,20
63.15,110.125,31.25,14.175,14.025,50.25,82.75,92.15,78.50509537603276,114.27784124667389,38.97114317029974,18.147313850815497,17.617462927447868,63.255829770859854,92.73160194885021,102.41215748142405,2526,4405,1250,567,561,2010,3310,3686,6134.4275,12926.599375,1510.3399999999997,325.809375,298.29937500000005,3955.7375,8449.0875,10138.56,3483,6451,1720,825,827,3054,4947,4722,20,29,20,14,17,20,25,20
60.875,107.725,30.575,14.025,13.5,49.175,80.925,93.45,76.07677043618506,112.60650514068892,38.4567939381327,18.006248915307154,16.90266251216062,62.25371474859954,90.91300787016124,103.68630574960225,2435,4309,1223,561,540,1967,3237,3738,5786.1743750000005,12440.749375,1459.784375,316.799375,280.40999999999997,3860.894375,8156.494375,10448.09,3537,6369,1687,811,806,3025,4943,4519,21,28,20,14,17,20,25,19
58.975,106.525,30.05,13.95,13.725,50.675,82.675,92.775,73.79481689116113,112.30772457849905,38.14839446162839,17.95828499606797,16.975717952416623,63.06762243814175,92.68589428818173,102.93820962111202,2359,4261,1202,558,549,2027,3307,3711,5434.949375,12414.919375,1444.7375,317.8775,283.869375,3972.1193749999998,8363.419375000001,10316.549374999999,3431,6225,1688,815,780,2928,4830,4747,21,28,21,15,17,20,24,20
60.85,106.525,30.5,14.05,13.275,47.6,79.725,90.6,74.91695402243741,112.30772457849905,38.95381881151064,18.152134860671346,16.409600848283908,59.73734175538781,90.46311402997357,101.1370357485328,2434,4261,1220,562,531,1904,3189,3624,5582.3,12414.919375,1517.36,329.34000000000003,259.509375,3536.6274999999996,8036.559375,10016.997500000001,3442,6093,1725,813,735,2742,4693,4807,21,27,21,15,17,20,23,20
61.3,106.1,30.225,14.225,12.35,44.475,79.275,88.35,75.12689265502733,111.85459311087766,38.77338004352986,18.224296968607597,15.331340450201997,56.26210980757832,89.87421766001638,99.27335997134378,2452,4244,1209,569,494,1779,3171,3534,5618.547500000001,12325.127499999999,1501.199375,332.124375,230.21000000000004,3159.5443750000004,7752.474375,9703.91,3454,6280,1735,833,704,2591,4575,4772,21,28,20,14,16,20,22,20
59.6,104.975,31.25,14.825,12.375,44.475,77.975,89.275,73.89485773719305,111.30509871519813,39.752358420601915,18.679534255435815,15.341935992566258,56.26210980757832,88.94366194395191,100.27923513868662,2384,4199,1250,593,495,1779,3119,3571,5454.9275,12231.949375,1580.0900000000001,348.399375,228.99937499999996,3149.6243750000003,7691.194374999999,10008.659375,3439,6155,1791,865,684,2510,4505,4720,21,27,21,15,15,20,22,20
56.7,103.25,30.425,14.725,12.0,42.4,75.175,86.825,71.13543420827625,109.86218639732235,39.28262974903793,18.652747786854356,15.008331019803634,54.71014531145023,86.67972658009484,98.35509646174926,2268,4130,1217,589,480,1696,3007,3473,5059.9475,11775.5775,1541.6243749999999,347.24437500000005,221.82750000000001,2989.59,7175.734375,9557.624375,3248,6181,1784,892,680,2423,4326,4621,21,27,21,16,16,19,22,20
56.3,103.25,30.075,14.7,12.1,41.875,72.625,86.15,70.64453269715924,109.86218639732235,39.05924986478875,18.641351882307248,15.048255712872505,54.47453533532893,85.0762892937862,97.56613141864342,2252,4130,1203,588,484,1675,2905,3446,4976.210000000001,11775.5775,1525.6243749999999,346.77750000000003,222.64750000000004,2957.709375,6987.5443749999995,9493.647500000001,3094,6111,1728,883,672,2418,4260,4592,20,27,20,15,16,19,22,20
53.675,103.25,29.375,14.6,11.8,41.625,73.925,87.95,67.81979799439098,109.86218639732235,38.66296677700768,18.625251676151922,14.807092894960848,54.24919354239287,85.88233229250356,98.79448365166954,2147,4130,1175,584,472,1665,2957,3518,4598.144375000001,11775.5775,1493.669375,346.40999999999997,212.7475,2911.894375,7202.194375000001,9749.7875,2951,6111,1704,884,634,2375,4241,4435,19,27,20,15,15,18,23,19
51.975,102.275,29.2,14.55,11.35,41.625,71.55,85.6,66.83505816560647,108.90397146109962,38.615411431188974,18.598387026836495,14.40659571168706,54.24919354239287,83.62655080774287,96.84859317512051,2079,4091,1168,582,454,1665,2862,3424,4458.659375,11352.699375,1490.8475,345.86,203.94,2921.584375,6876.76,9378.84,2778,5896,1694,874,616,2387,4197,4572,19,26,21,15,15,18,23,20
50.425,102.275,29.45,15.175,12.05,41.225,72.125,84.65,64.57031051497275,108.90397146109962,38.89922878412887,19.944297430594037,15.347638254793472,54.071942816954525,83.89770557053393,95.77343055357262,2017,4091,1178,607,482,1649,2885,3386,4167.569375,11352.699375,1512.51,397.094375,234.11000000000004,2898.524375,6875.624374999999,9172.5475,2690,5681,1690,899,643,2316,4059,4628,19,25,21,15,15,18,22,20
51.525,102.275,28.95,15.0,11.975,38.85,69.45,82.225,65.46697640795702,108.90397146109962,38.757579903807205,19.895979493354933,15.310943798473039,51.43831256952351,81.48772913758242,93.73886600551556,2061,4091,1158,600,479,1554,2778,3289,4285.874374999999,11352.699375,1500.4600000000003,394.64,232.799375,2591.1400000000003,6558.347499999999,8770.774375,2797,5697,1738,936,634,2152,3922,4514,19,25,22,15,14,17,22,20
52.5,102.675,28.525,14.4,11.5,37.625,68.6,82.75,65.78639677015302,109.34383841808372,38.64226960208212,19.530744993471192,14.72582765076381,50.51311710833137,80.81738674320025,94.39465027214202,2100,4107,1141,576,460,1505,2744,3310,4327.1275000000005,11430.519375,1490.2493749999999,378.56000000000006,216.20999999999998,2513.444375,6381.3875,8906.9275,2764,5936,1734,901,599,2094,3953,4508,18,26,22,14,14,17,23,20
52.2,102.675,29.475,14.625,10.975,37.85,70.375,82.475,65.51679174074384,109.34383841808372,39.44521517243885,19.73132028020426,14.309961565287308,50.62212954825192,82.54498773396239,94.24157787303861,2088,4107,1179,585,439,1514,2815,3299,4288.039999999999,11430.519375,1544.534375,385.619375,203.01937500000003,2507.8399999999997,6703.949375000001,8878.994375,2839,5936,1773,914,587,2091,4055,4541,19,26,22,14,15,17,23,20
51.125,100.55,29.75,14.6,11.025,37.25,70.575,82.45,65.1135546564615,107.66940141005708,39.49050518795626,19.726885207756442,14.313455208299636,50.3130201836463,82.59343194225555,94.23905772024676,2045,4022,1190,584,441,1490,2823,3298,4229.694375000001,11244.877499999999,1550.1975,386.0875,203.24937500000001,2467.4,6707.719375000001,8879.79,2857,5852,1805,920,577,2063,4103,4498,20,26,23,14,15,17,23,20
51.125,100.55,28.925,14.25,10.825,36.8,69.475,82.55,65.1135546564615,107.66940141005708,39.14428438482431,19.584432593261415,14.215308649480672,50.09790414777848,81.88452234702233,94.33557123376103,2045,4022,1157,570,433,1472,2779,3302,4226.994375,11244.877499999999,1527.324375,379.14000000000004,200.919375,2452.7974999999997,6566.424375,8867.2775,2771,5681,1767,910,562,2010,3955,4383,21,25,22,14,15,17,23,20
49.6,100.0,29.4,14.825,10.725,36.025,67.5,79.425,63.34469196388913,107.07007051459338,39.464541046362115,20.005624209206772,14.165980375533492,49.57696037475473,79.72138985241038,92.14024636389898,1984,4000,1176,593,429,1441,2700,3177,3959.2600000000007,11136.39,1554.3875,397.899375,198.644375,2372.774375,6301.477500000001,8483.449375,2616,5668,1787,921,540,2002,3798,4218,20,25,22,14,14,17,22,19
47.6,100.25,29.15,14.775,10.525,35.05,66.6,76.525,61.87527777715426,107.35688147482675,39.286766219682676,19.965595408101407,14.009817985969697,48.77396846679589,79.39332465642184,89.94234264238396,1904,4010,1166,591,421,1402,2664,3061,3800.4600000000005,10937.4375,1533.5274999999997,393.219375,195.509375,2274.8599999999997,6225.860000000001,8053.924375,2596,5477,1840,954,545,1854,3855,4226,20,24,23,15,15,17,23,19
47.45,98.125,28.575,14.65,10.075,31.9,65.675,73.6,61.814642278346966,106.31262860074527,39.05924986478875,19.924858845171276,13.585838214847106,44.448847004168734,79.09566991940835,87.68637294357659,1898,3925,1143,586,403,1276,2627,2944,3794.5274999999992,10834.734375,1510.2193750000001,389.9775,184.52437500000002,1926.7,6161.5493750000005,7609.6900000000005,2588,5393,1777,937,545,1805,3759,3992,20,24,22,14,15,17,23,19
47.85,98.125,27.575,14.225,9.7,31.025,64.675,70.425,61.89224507157581,106.31262860074527,38.1526539050693,19.699619285661335,13.264614581660487,43.644300887973905,78.46097756209771,85.31896037810118,1914,3925,1103,569,388,1241,2587,2817,3799.8475000000008,10834.734375,1450.8943750000003,383.124375,175.9275,1867.309375,6103.9243750000005,7247.119375,2467,5255,1763,933,537,1786,3724,3934,20,23,23,14,16,18,23,19
44.925,98.125,25.675,14.075,9.65,31.75,64.65,70.775,58.56556155284435,106.31262860074527,35.57562367689427,19.62332795424874,13.257073583562851,44.1316213162399,78.42034174880902,85.59745907443748,1797,3925,1027,563,386,1270,2586,2831,3423.034375,10834.734375,1265.549375,380.76937499999997,175.6875,1900.6775000000002,6149.027499999999,7321.749374999999,2247,5489,1762,937,537,1803,3821,3959,19,24,24,14,17,18,23,19
45.15,98.65,24.825,13.975,9.7,31.65,61.775,72.55,58.97711420542718,106.89129992660769,34.53295527463585,19.562080666432188,13.290974381135493,44.111223061710724,75.7916552134864,86.576844479341,1806,3946,993,559,388,1266,2471,2902,3472.5399999999995,10935.1275,1192.1943750000003,378.774375,176.15999999999997,1904.8400000000001,5740.274375,7479.147500000001,2225,5269,1602,884,542,1841,3802,4001,19,23,23,13,17,19,23,20
44.325,96.35,22.475,13.175,9.4,31.2,61.1,69.45,58.63339492132449,105.43979324714175,29.62473628574607,18.46821593982483,13.154847015454038,43.95793443736864,75.63563974741008,84.1804609158206,1773,3854,899,527,376,1248,2444,2778,3436.4943750000007,10467.3,869.9243750000002,330.34937499999995,172.05,1900.3774999999998,5719.4275,7085.7875,2243,5362,1482,826,546,1739,3715,3833,19,23,22,12,17,19,23,20
41.3,96.35,22.425,12.95,9.275,28.125,58.15,66.7,55.095825613198684,105.43979324714175,29.606164898547735,18.327574853209576,13.121547164873508,39.10850291177099,72.93524525220985,81.79455972129198,1652,3854,897,518,371,1125,2326,2668,3032.1275000000005,10467.3,869.099375,326.59749999999997,170.794375,1522.844375,5314.4875,6671.427500000001,2231,5255,1455,817,525,1541,3465,3599,20,23,21,12,16,19,22,20
38.95,95.875,22.075,13.05,8.95,27.2,55.675,63.825,52.74229801591888,104.90459951784764,29.392601109803127,18.360283222216374,12.884098726725126,37.601196789464026,70.22090144679147,79.27783422874265,1558,3835,883,522,358,1088,2227,2553,2764.1099999999997,10378.724375000002,854.4693750000002,329.5375,165.2775,1401.6,4930.9243750000005,6282.799375,2116,5353,1413,788,496,1580,3454,3603,19,23,21,13,16,20,22,20
39.45,98.825,21.7,12.3,8.1,26.225,54.15,61.55,52.97876933262984,106.82731392298507,29.000862056152744,16.95877354056006,10.723805294763608,36.214292758522845,68.7615444852717,76.87392275667999,1578,3953,868,492,324,1049,2166,2462,2784.66,10601.249375,833.76,283.6,115.0,1291.4493749999997,4725.0875,5902.577500000001,2156,5350,1426,761,441,1553,3430,3476,20,22,22,13,15,20,22,20
41.0,101.375,21.775,12.675,8.15,26.525,53.85,62.575,54.250806445618856,108.32070439209672,29.048666062316872,17.23296260078342,10.812030336620408,36.54415137884583,68.22719399183876,77.79508339220416,1640,4055,871,507,326,1061,2154,2503,2904.0875,10770.824375,836.1243750000001,290.084375,115.99749999999999,1318.0443750000002,4650.7474999999995,6038.569375000001,2151,5225,1358,727,444,1500,3255,3451,19,21,21,13,15,19,21,20
40.275,101.375,21.275,11.95,7.925,26.125,50.95,61.05,54.0164326848784,108.32070439209672,28.281177486094883,16.07949004166488,10.612492638395562,36.28050440663691,65.2284447154767,75.87983921965044,1611,4055,851,478,317,1045,2038,2442,2867.009375,10770.824375,775.0743749999999,242.9475,111.24437499999999,1302.0243749999997,4254.027500000001,5756.4275,2174,5222,1265,676,461,1531,3183,3509,18,21,20,12,16,20,21,21
40.0,100.05,20.0,11.7,7.825,26.475,50.425,61.55,53.957853923224185,107.2079754495905,27.0129598526337,15.876082640248507,10.57473403920874,36.357598930622466,64.73156108112951,76.13639077340086,1600,4002,800,468,313,1059,2017,2462,2868.5474999999997,10611.46,716.74,241.16,110.199375,1304.859375,4190.069375,5796.3275,2072,5216,1188,654,452,1434,3076,3580,19,21,20,12,16,20,21,22
36.85,101.25,18.85,11.275,7.4,24.475,48.9,60.225,50.01949619898225,108.36581564312613,25.388973984783238,15.455581516073732,10.18577439373168,32.95261749846285,63.14546697903184,75.32280531153894,1474,4050,754,451,296,979,1956,2409,2491.0600000000004,10525.14,622.0375,224.99937499999996,100.6875,1084.4943750000002,3974.0274999999992,5669.624375,1877,5135,1146,609,422,1355,2967,3408,18,20,20,11,15,20,20,21
35.375,99.7,19.125,10.825,7.15,24.525,48.475,57.275,48.78037515230895,107.87840377017079,25.51323186113433,15.07232563342499,9.937303457175895,32.975369596109154,63.02082988980707,72.57013848684595,1415,3988,765,433,286,981,1939,2291,2356.724375,10535.509999999998,630.899375,217.71937499999999,96.5,1086.109375,3961.2243749999993,5264.249375000001,1812,5074,1127,597,391,1222,2861,3257,17,20,19,11,14,19,19,20
35.525,99.7,18.8,10.725,6.9,22.625,47.5,57.075,48.80189545499232,107.87840377017079,25.391927851189244,15.039115665490442,9.5524865872714,27.71597012554314,61.68387147383017,72.49017174762383,1421,3988,752,429,276,905,1900,2283,2362.044375,10535.509999999998,627.5274999999999,218.19437499999998,88.1875,767.5743749999999,3787.2599999999998,5254.824374999999,1707,4943,1138,596,391,1124,2704,3131,17,19,20,11,15,19,19,20
33.375,98.45,18.825,10.65,6.8,21.85,45.15,55.725,45.708040868101094,106.6782545788972,25.399311014277533,15.00166657408436,9.521029356114811,27.07951255100431,58.51666429317378,70.58416961330636,1335,3938,753,426,272,874,1806,2229,2088.1743749999996,10359.447499999998,627.6943749999999,217.4875,87.04,733.3,3424.1775000000002,4956.369375,1705,5130,1136,597,385,1155,2652,3230,17,20,20,12,15,20,19,21
30.95,98.9,19.1,10.65,6.6,22.175,45.25,53.825,41.27529527453438,107.17905578983238,25.458790230488173,15.00166657408436,9.35147047260483,27.348217492187676,58.595221648185614,68.11846298911918,1238,3956,764,426,264,887,1810,2153,1694.9474999999998,10437.59,632.9399999999999,217.76,84.56,747.819375,3433.3375,4548.444375,1654,5129,1152,602,383,1177,2713,3136,17,20,21,13,15,20,20,21
29.225,97.575,19.575,10.65,6.675,22.225,45.0,53.55,39.72058660191211,106.77651895430942,25.690951714562853,15.00166657408436,9.419394885023134,27.379280487258974,58.51837318312942,68.0922168826952,1169,3903,783,426,267,889,1800,2142,1555.8693749999998,10435.569375000001,649.299375,217.76,85.574375,749.484375,3424.4,4538.539999999999,1601,5065,1130,596,384,1144,2637,3176,17,19,21,14,15,19,19,21
30.0,96.2,18.825,10.325,6.675,21.575,43.425,55.45,40.311288741492746,105.48744001064772,25.07040087433785,14.860181694716925,9.419394885023134,27.020825301977734,56.97740780344434,69.17188735317261,1200,3848,753,413,267,863,1737,2218,1615.0774999999999,10074.5975,622.1493750000001,215.184375,85.574375,729.0743749999999,3238.444375,4720.75,1635,4909,1116,587,385,1134,2609,3171,17,19,21,14,15,19,19,21
29.975,95.775,18.875,10.475,6.625,21.95,42.725,53.55,40.30849786335383,105.08984251582072,25.084357675651177,14.900503347202738,9.37683315410912,27.15234796477093,56.558155910531596,67.95255697911595,1199,3831,755,419,265,878,1709,2142,1615.009375,10018.274374999999,623.099375,217.29437500000003,86.034375,736.9475,3186.399375,4580.339999999999,1629,5066,1099,581,387,1111,2619,3119,17,20,21,14,16,19,20,21
28.9,96.175,18.275,10.125,6.625,21.15,42.45,52.375,39.51392159733073,105.54560625625304,24.771455346830148,14.735162028291375,9.37683315410912,26.435771220072244,56.52167725749122,67.44052935735306,1156,3847,731,405,265,846,1698,2095,1540.19,10088.494375,610.294375,213.79437500000003,86.034375,698.7875,3179.4900000000002,4490.844374999999,1555,5088,1101,581,390,1081,2579,2939,16,20,21,14,16,19,20,20
28.35,93.725,17.6,10.075,6.675,21.05,41.325,49.525,39.29058411375428,103.69558814144409,24.317689034939153,14.714788479621445,9.403456811194488,26.386549603917523,55.99174046232176,64.41447818619662,1134,3749,704,403,267,842,1653,1981,1527.3474999999999,9941.949375,590.35,213.37437500000001,85.784375,696.09,3127.3743749999994,4126.899375000001,1552,4991,1064,565,376,1041,2516,2831,16,20,20,13,16,19,19,20
28.35,91.825,17.4,9.825,6.2,20.075,41.675,50.1,39.29058411375428,102.05182506942245,24.27653187751496,14.561078256777552,8.749285685128815,24.92338259546645,56.1353275576085,64.62391198310421,1134,3673,696,393,248,803,1667,2004,1527.3474999999999,9491.934375,587.9100000000001,207.924375,72.14,619.284375,3145.2943750000004,4163.647500000001,1530,4757,1048,565,364,1031,2439,2764,15,19,20,14,17,20,20,21
28.675,90.6,17.15,9.925,6.3,20.0,38.95,47.45,39.48449062606735,100.80178569846865,24.04890849913983,14.609072523606692,8.783507272155013,24.873680869545627,52.49809520354048,61.51463240563175,1147,3624,686,397,252,800,1558,1898,1531.7243750000002,9311.2775,576.2475000000001,209.71937500000004,73.15,613.86,2719.4474999999998,3784.0274999999992,1485,4790,1021,551,352,1010,2305,2778,14,20,19,13,16,20,20,21
28.5,93.025,17.375,9.975,6.075,19.225,38.175,44.875,39.335734389992005,102.69651892834538,24.239946369577638,14.660320596767317,8.563001810113088,24.194524173870416,51.911703882650585,58.26855927513568,1140,3721,695,399,243,769,1527,1795,1521.7975000000001,9549.594374999999,587.394375,213.544375,70.84437499999999,584.109375,2666.999375,3379.8193750000005,1470,4804,1001,534,350,1004,2238,2553,14,19,18,12,16,21,20,20
28.1,93.125,17.8,10.325,5.95,17.85,38.15,43.525,38.88573003043661,102.70236121920469,24.596747752497688,15.06071047460909,8.452810183601665,22.02271554554524,51.85026518736428,56.52809036222611,1124,3725,712,413,238,714,1526,1741,1503.9775,9557.099375,602.8975,222.724375,69.3475,484.51000000000005,2687.2400000000002,3195.374375,1506,4817,989,547,337,938,2271,2564,15,20,19,13,16,20,21,21
26.275,90.2,15.9,9.425,5.825,18.075,38.125,42.825,36.68821336614799,100.732566729931,21.283796653792763,13.87894088178201,8.311137106317041,22.119561478474207,51.845684487717975,56.19274864250725,1051,3608,636,377,233,723,1525,1713,1345.694375,8963.689999999999,441.0975,184.06937499999998,66.59437499999999,488.41937499999995,2685.4943749999998,3157.399375,1407,4581,958,546,337,936,2290,2621,14,19,19,14,17,19,21,22
25.3,89.3,15.6,9.275,5.875,18.15,35.575,41.925,36.03123644839294,99.89819818194921,21.085540068966694,13.792207945068114,8.31715095450359,22.13142562059661,48.90986608037279,55.871504364926494,1012,3572,624,371,235,726,1423,1677,1295.8475,8857.4,427.37749999999994,180.76937500000003,66.849375,489.0775,2375.159375,3119.734375,1387,4587,886,513,335,922,2159,2467,14,20,18,13,17,19,21,21
24.9,91.7,14.3,8.675,5.75,17.475,34.85,38.875,35.897771518577585,101.80201373253871,19.01052340152685,13.169092603516766,8.249242389456137,21.59108612367613,48.56027182790475,52.14427101801309,996,3668,572,347,230,699,1394,1555,1284.8475,9074.84,354.89750000000004,167.784375,64.9875,466.17437499999994,2346.54,2716.2193749999997,1357,4614,836,487,326,892,2122,2318,13,20,18,12,17,19,21,21
26.15,91.4,14.175,8.8,5.825,18.2,35.825,38.275,37.130176406798824,101.6486596074931,18.987495885450507,13.221195104830729,8.31715095450359,22.07260745811423,49.24809640991213,51.94829159847319,1046,3656,567,352,233,728,1433,1531,1368.4100000000003,9223.560000000001,353.099375,167.7775,65.844375,486.6375,2419.494375,2697.944375,1354,4603,831,492,319,903,2173,2188,14,20,19,13,16,19,22,20
25.3,89.9,14.05,8.825,5.7,18.675,37.2,36.975,35.68262882692361,100.20703568113369,18.885179374313605,13.237258024228431,8.23407554009556,22.572660454629624,50.092414595425524,50.036236868893326,1012,3596,562,353,228,747,1488,1479,1267.7275,8586.0275,344.4,165.769375,63.9975,509.449375,2493.6475000000005,2482.694375,1313,4461,817,486,329,935,2203,2240,14,20,18,13,17,20,22,21
25.7,88.925,14.0,8.925,5.625,18.3,37.375,34.625,36.01735692690401,99.14572608035104,18.86663722023615,13.259901960421878,8.19298480408697,21.957914290751752,50.37980746291117,47.333127933826646,1028,3557,560,357,225,732,1495,1385,1296.5274999999997,8447.894375,346.0275,166.974375,62.39437499999999,481.72749999999996,2521.109375,2192.4693749999997,1369,4443,821,492,325,876,2119,2161,14,20,18,14,17,19,21,21
25.65,89.925,14.125,8.85,5.65,18.025,36.75,33.8,36.01180362047977,100.22911253722643,18.92947437199459,13.21741275741966,8.206704576137732,21.78818487162251,50.12484413940855,47.02711983526102,1026,3597,565,354,226,721,1470,1352,1296.0400000000002,8588.544375000001,345.184375,163.47750000000002,62.510000000000005,474.584375,2489.9375,2174.34,1334,4442,783,440,297,910,2195,2115,13,20,18,14,17,20,22,22
24.425,88.375,12.925,7.55,4.975,17.875,35.675,31.85,34.60671900079521,98.7176529299598,17.272087308718653,10.094552986635911,6.29880941130941,21.69850225245973,49.4881298899039,44.86256791580259,977,3535,517,302,199,715,1427,1274,1197.5193749999999,8634.619374999998,292.684375,97.69750000000002,37.349375,470.77437499999996,2415.144375,2000.0475,1213,4381,746,392,271,907,2123,2007,13,20,18,14,17,20,21,22
22.6,87.075,13.025,7.55,4.85,17.65,35.275,31.375,32.5130742932747,97.37851405726009,17.28944764878277,10.094552986635911,6.2289646009589745,21.630996278488883,49.38294239917261,44.63434776044117,904,3483,521,302,194,706,1411,1255,1054.54,8009.934375,292.54937499999994,98.09750000000001,36.9775,467.89,2411.894375,1976.0243749999997,1193,4267,751,394,264,894,2058,1848,13,20,19,15,17,20,20,21
22.5,84.875,13.35,7.775,4.675,17.425,34.7,28.75,32.39290045673589,95.46190339606686,17.448495637160242,10.194361186459895,6.072478900745559,21.531953000134475,48.967846593453544,39.948091318609954,900,3395,534,311,187,697,1388,1150,1036.6974999999998,7804.344375000001,299.60999999999996,100.949375,34.549375000000005,463.484375,2364.7875,1593.8899999999999,1134,4302,717,379,255,886,1915,1802,12,20,19,15,16,21,19,22
21.425,84.875,12.425,7.5,4.775,16.85,32.675,27.85,31.33009735063075,95.46190339606686,15.571608780084349,9.73909646733207,6.121682775185268,21.059439688652688,45.78345771127384,39.28931152361925,857,3395,497,300,191,674,1307,1114,975.4493749999998,7804.344375000001,240.849375,92.74749999999999,34.834375,441.9375,2092.024375,1543.6475000000003,1105,4219,683,374,261,844,1786,1780,11,19,19,15,17,20,18,22
22.45,85.35,12.125,7.45,4.825,16.725,32.15,27.65,32.08971797944008,95.72277680886613,15.455581516073732,9.728823155962905,6.146136998147698,20.991069529683333,45.628390284996904,39.263851059212215,898,3414,485,298,193,669,1286,1106,1027.6475,7888.360000000001,236.394375,92.4,34.969375,439.359375,2075.4474999999998,1541.6274999999998,1148,4325,686,384,257,818,1762,1688,11,20,19,16,16,19,17,21
22.55,85.375,12.825,7.975,5.025,16.7,31.5,25.8,32.120865492698044,95.75607030366274,16.077157708998193,10.330779254247958,6.369850861676434,20.973793171479496,45.37124640121759,36.5301245549478,902,3415,513,319,201,668,1260,1032,1029.3474999999999,7398.9193749999995,257.709375,105.774375,38.399375000000006,438.5775,2055.8275,1331.56,1168,4282,678,380,270,838,1746,1618,12,20,19,16,17,20,17,22
21.475,84.25,12.4,7.6,4.925,16.275,30.275,25.8,31.358810564177972,94.76998469979829,15.332971010211947,9.635870484808313,6.322578587886433,20.780399418682983,44.704865507011654,36.5301245549478,859,3370,496,304,197,651,1211,1032,983.194375,7304.4475,230.0375,89.24,37.334375,429.184375,1998.3443750000001,1331.56,1143,4327,666,372,270,814,1691,1626,13,20,19,16,17,20,16,22
21.35,84.25,11.85,7.275,4.825,15.85,30.05,25.65,31.34485603731496,94.76998469979829,14.896308267486948,9.34478464171326,6.242996075603444,20.523157651784484,44.672138968265216,36.49726017114161,854,3370,474,291,193,634,1202,1026,982.4099999999999,7304.4475,219.1775,85.149375,36.649375,419.76000000000005,1995.1774999999998,1327.6399999999999,1129,4256,667,374,269,797,1675,1613,14,19,20,17,17,20,15,22
20.9,86.1,11.9,7.175,4.825,15.975,29.9,25.5,31.157663583779833,95.68307060290238,14.913081505845799,9.323357764239233,6.242996075603444,20.54446397451148,44.65870575822815,36.468479540556665,836,3444,476,287,193,639,1196,1020,970.7774999999999,7626.4400000000005,220.43999999999997,85.034375,36.649375000000006,420.31937500000004,1994.1974999999998,1326.1474999999998,1130,4351,653,374,262,775,1653,1605,14,20,19,17,16,19,15,22
21.1,86.125,12.175,7.525,4.85,15.525,29.45,25.875,31.311339798865202,95.71637790890334,15.28643189236782,9.655309420210209,6.260990336999411,20.235488627656117,44.44659717008716,36.555779296849906,844,3445,487,301,194,621,1178,1035,980.3975,7093.649374999999,232.409375,92.369375,36.95,406.324375,1975.5,1330.919375,1144,4308,646,385,266,765,1569,1543,14,20,18,17,16,20,16,22
21.95,85.025,12.875,7.825,4.85,14.575,26.65,25.85,32.035917342882506,94.49034342196032,16.433958744015392,10.051119340650573,6.260990336999411,19.025640593683043,39.72278942873977,36.50479420569304,878,3401,515,313,194,583,1066,1034,1024.6100000000001,6959.284375,266.744375,99.52437499999999,36.95,354.54937499999994,1570.0600000000002,1330.6399999999999,1094,4352,698,417,263,715,1432,1475,14,20,19,18,17,19,15,22
19.15,85.025,12.3,7.725,4.625,14.925,27.675,23.925,26.696441710460217,94.49034342196032,15.918542646863123,9.97120855262791,6.0601155104502755,19.281467786452357,40.578011286902665,34.077485235856244,766,3401,492,309,185,597,1107,957,710.45,6959.284375,252.18999999999997,98.74437499999999,35.099375,362.31937500000004,1631.944375,1160.9993749999999,1034,4289,735,442,253,741,1492,1456,14,20,20,19,17,20,16,21
19.1,87.675,12.3,7.925,4.925,15.075,27.675,23.975,26.68332812825267,96.54338403018613,15.918542646863123,10.248170568447815,6.350196847342608,19.35135654159677,40.578011286902665,34.08482066844419,764,3507,492,317,197,603,1107,959,709.5974999999999,7666.169375,252.19,103.97437500000001,37.844375,364.07437500000003,1631.9443749999998,1161.4443749999998,1026,4396,748,463,263,740,1537,1447,13,20,21,20,17,19,16,21
18.975,87.7,12.2,7.8,5.0,15.225,27.525,23.775,26.66692708206178,96.57639463140049,15.868207208125309,10.193134944657606,6.3796551630946325,19.405540445965425,40.555825722083384,34.00845483111516,759,3508,488,312,200,609,1101,951,709.234375,7113.297500000001,250.8,103.25999999999999,38.597500000000004,367.11937499999993,1632.3493750000002,1155.9743750000002,1030,4415,741,468,277,714,1524,1458,13,20,20,20,18,19,17,22
18.8,86.575,12.025,7.675,5.0,14.25,27.175,23.475,26.643948656308435,95.56346059033233,15.785277951306401,10.125462952379017,6.3796551630946325,18.13284313062902,40.365517462309334,33.94664931918907,752,3463,481,307,200,570,1087,939,708.46,7023.269375000001,247.794375,101.66937499999999,38.597500000000004,324.39,1619.294375,1151.109375,989,4460,717,443,274,718,1535,1418,12,20,20,19,19,20,18,22
17.975,86.575,11.475,7.225,4.725,13.625,26.5,22.575,26.06482303795673,95.56346059033233,15.361477793493698,9.71725269816526,6.047726845683426,17.411921203589223,39.98749804626441,33.43912379234839,719,3463,459,289,189,545,1060,903,675.274375,7023.269375000001,235.644375,94.199375,35.194374999999994,300.999375,1592.75,1118.144375,951,4510,717,444,268,708,1461,1367,12,20,20,19,19,20,18,22
16.275,86.9,11.175,6.775,4.35,12.95,24.65,20.45,23.237362156664858,95.97239186349374,15.0855891499139,9.193747875594589,5.215361924162119,16.10279478848315,36.14830563110808,30.270447634615515,651,3476,447,271,174,518,986,818,523.369375,7618.69,227.559375,84.51937500000001,26.560000000000002,258.65999999999997,1306.2775000000001,911.4599999999998,888,4524,710,438,246,657,1367,1215,13,20,20,19,18,19,17,21
16.7,86.925,10.325,6.5,4.275,12.6,24.725,19.375,23.44674817538671,96.00559879507028,14.095211953000211,8.997221793420456,5.164784603446692,15.905973720586866,36.17423115976344,28.646553021262434,668,3477,413,260,171,504,989,775,528.1274999999999,7075.699374999999,197.72437499999998,80.78999999999999,25.724375000000002,251.67749999999995,1306.9493750000001,820.6243750000001,892,4588,682,419,246,677,1333,1128,12,20,19,18,18,20,16,21
17.025,87.175,10.35,6.4,4.375,12.5,23.525,19.1,23.619377637863366,96.18510799494899,14.099645385611653,8.930285549745875,5.241660042391151,15.824032355881986,35.26719438798612,28.22587465429548,681,3487,414,256,175,500,941,764,533.124375,7086.999374999999,197.8,79.74000000000001,26.094374999999996,248.8375,1243.7693749999999,792.0775,889,4578,673,423,247,652,1329,1160,12,20,19,19,18,19,16,22
17.275,87.175,10.675,6.4,4.4,12.3,23.075,19.475,23.69335349839697,96.18510799494899,14.564511663629508,8.930285549745875,5.248809388804284,15.633297796690243,34.9209822313176,28.588896445998053,691,3487,427,256,176,492,923,779,539.984375,7086.999374999999,212.12437499999996,79.6875,26.110000000000003,243.29750000000004,1217.8493750000002,804.899375,910,4501,700,423,247,671,1324,1153,13,19,20,19,18,20,17,22
17.4,90.275,10.275,6.6,4.4,12.0,22.975,19.35,23.769728648009426,98.25769689953047,14.315201710070314,9.10768905925098,5.248809388804284,15.440207252495027,34.89806584898366,28.556085165862637,696,3611,411,264,176,480,919,774,549.79,7768.844375000001,204.74437500000002,82.5275,26.110000000000003,237.8375,1215.984375,800.24,913,4632,708,427,235,616,1272,1148,13,20,20,19,17,19,17,21
17.225,90.3,10.275,6.6,4.2,11.05,21.375,18.95,23.721825393506293,98.29013175288759,14.315201710070314,9.10768905925098,5.014977567247933,13.67845020461017,33.30277766193085,28.316956051101254,689,3612,411,264,168,442,855,758,548.849375,7180.910000000001,204.849375,82.5275,23.190000000000005,184.21,1109.0243749999997,789.6,918,4682,705,433,231,575,1248,1053,14,20,20,19,17,19,18,20
17.8,89.825,10.3,6.675,4.2,10.925,21.05,19.075,24.590648629102894,97.95853714710117,14.330038380967443,9.169242062460778,5.014977567247933,13.637265121717038,33.03331651530013,28.65266130745973,712,3593,412,267,168,437,842,763,586.21,7162.9193749999995,205.32749999999996,83.99937500000001,23.327499999999997,183.494375,1090.8974999999998,809.584375,957,4701,692,432,229,563,1185,1119,14,20,19,18,17,20,17,21
18.0,89.825,10.075,6.775,4.25,10.275,20.2,18.55,24.873680869545627,97.95853714710117,14.227613995326132,9.201901977308822,5.06458290484024,12.852042639207202,32.225766088644036,27.88189376638538,720,3593,403,271,170,411,808,742,612.1975,7162.9193749999995,202.419375,84.49437500000002,23.690000000000005,164.31937499999998,1037.5,762.1899999999999,1011,4648,688,442,230,553,1157,1116,14,20,19,18,18,20,17,21
18.65,92.85,9.525,6.775,4.15,9.875,20.125,19.15,25.262620608321697,99.99099959496355,13.795832704117574,9.201901977308822,4.904079934095692,12.536945401492343,32.19899066741068,28.160255680657446,746,3714,381,271,166,395,805,766,634.5899999999999,7882.2,189.934375,84.494375,22.360000000000003,156.994375,1034.294375,772.2975,978,4825,662,441,222,538,1149,1094,14,20,18,18,18,19,17,21
18.175,94.25,9.425,6.9,4.325,10.325,19.825,17.425,24.566745816245177,101.38145787075662,13.766807908879967,9.235799911215054,5.096567472328803,12.92574949471016,32.021477167676075,25.423906072828384,727,3770,377,276,173,413,793,697,589.649375,7677.2,189.24937500000001,85.21,24.924374999999998,167.074375,1018.999375,640.494375,983,4918,650,442,228,541,1107,1044,14,20,17,19,18,19,16,21
18.15,93.2,9.3,6.75,4.3,9.975,19.525,17.575,24.563183832720057,100.66429357026253,13.716778047340418,9.1706052144883,5.06458290484024,12.652074928643128,31.890045468766584,25.47695036694934,726,3728,372,270,172,399,781,703,590.7475,7638.297499999999,187.51,83.85,24.547500000000003,159.849375,1013.6443749999999,640.809375,1009,4960,644,441,222,539,1106,1064,15,20,17,20,17,19,16,22
18.175,93.2,9.4,6.85,4.35,9.95,19.475,17.95,24.571833468424778,100.66429357026253,13.738631664034086,9.192388155425117,5.094114250780011,12.637246535539298,31.888477542836693,25.67489045740994,727,3728,376,274,174,398,779,718,590.994375,7638.297499999999,187.84750000000003,84.14,24.740000000000002,159.4975,1013.359375,652.95,1018,4882,644,439,228,540,1112,1090,16,19,17,20,18,19,16,23
18.3,95.625,9.45,6.8,4.3,10.0,19.725,18.175,24.60995733437992,102.53791981506158,13.753181450122732,9.1706052144883,5.044799302251775,12.684636376341263,31.958958055606256,25.827795105273697,732,3825,378,272,172,400,789,727,591.96,8255.399375,188.34,83.7975,24.347500000000004,160.65,1018.734375,655.684375,1003,5116,652,431,219,516,1092,1085,16,20,18,19,17,18,15,23
18.025,97.55,9.475,6.825,4.275,9.925,20.225,17.325,24.436141266574804,104.2046064240924,13.75590782173245,9.182864476839457,5.032395056034453,12.580739246960013,32.578750743391005,25.22845615569847,721,3902,379,273,171,397,809,693,585.394375,8154.6,188.459375,84.049375,24.169375,157.94437499999998,1056.859375,630.099375,994,5241,639,434,223,511,1108,1092,16,20,18,20,18,18,15,23
17.6,96.675,9.175,6.6,4.15,9.65,20.075,17.425,24.059301735503464,103.68690852754749,13.513881751739579,9.071934744033381,4.969909455915671,12.371337841963577,32.50961396264188,25.319458919969044,704,3867,367,264,166,386,803,697,573.3275,8137.209375,180.59437499999999,81.7375,23.26,153.04000000000002,1051.6993749999997,634.184375,1017,5276,638,432,224,502,1164,1113,17,20,19,20,18,17,16,23
17.25,96.675,8.675,6.4,4.05,10.65,21.25,17.425,23.722352328552915,103.68690852754749,12.947007376224052,8.803408430829505,4.929503017546495,14.319567032560727,34.18332927027442,25.319458919969044,690,3867,347,256,162,426,850,697,561.3100000000001,8137.209375,162.894375,75.67749999999998,22.610000000000003,204.24,1146.8775,639.0443750000001,954,5224,584,400,215,541,1096,1091,16,19,18,19,17,17,16,23
16.95,99.65,7.975,5.9,4.075,10.575,18.225,17.35,23.339880033967614,105.60587104891471,12.108881038312335,7.968688725254614,4.957317823178175,14.280231090567128,27.67986632915701,25.184320518926057,678,3986,319,236,163,423,729,694,542.5,8834.177500000002,144.44937499999997,62.77750000000001,22.819375,203.64937500000002,763.534375,620.5600000000001,935,5477,561,379,209,588,1043,1099,16,20,18,18,16,18,16,23
16.8,102.6,8.0,6.025,4.025,10.3,18.2,17.475,23.30128751807505,107.51604531417625,12.114041439585717,8.023403267940607,4.896427268938036,14.115594213493104,27.672188204043422,25.261136158138257,672,4104,320,241,161,412,728,699,540.2275,8897.14,144.5,63.849374999999995,22.084375,199.1875,764.31,623.494375,952,5647,557,385,215,578,1041,1114,16,20,18,19,17,18,16,23
16.7,102.075,7.85,5.95,4.0,10.25,18.2,17.5,23.288409134159423,107.20062966232987,12.05197079319395,7.990619500389191,4.888762624632126,14.10141836837699,27.672188204043422,25.26361019331956,668,4083,314,238,160,410,728,700,539.2875,8883.319375000001,143.42749999999998,63.040000000000006,21.94,198.76,764.31,623.4275,953,5668,544,390,215,583,1026,1122,16,20,17,20,16,19,15,22
16.65,102.075,7.825,6.0,4.15,10.475,18.125,17.475,23.281967270830012,107.20062966232987,12.040556465545935,8.009369513263826,5.039841267341661,14.236397016099263,27.65185346409893,25.259156755521353,666,4083,313,240,166,419,725,699,538.8100000000001,8883.319375,142.334375,63.04749999999999,22.9975,202.66937499999997,763.944375,623.009375,889,5568,540,382,217,568,964,1129,15,19,16,19,17,19,14,23
15.175,104.1,7.95,5.85,4.05,10.125,17.025,17.475,21.19256945252274,108.82233226686515,12.076837334335508,7.915175298121956,4.898979485566356,13.684845633035106,26.348149840169043,25.259156755521353,607,4164,318,234,162,405,681,699,449.019375,9436.397500000003,143.7475,61.84000000000001,21.8975,187.09437499999999,690.519375,623.009375,877,5710,539,383,208,508,856,1076,16,19,17,19,16,18,13,22
14.75,105.625,8.15,5.875,4.0,9.625,15.7,16.85,20.447493733951845,110.18019331985218,12.355160864998885,7.945124291035352,4.878524367060187,12.816980923758917,24.713356712514795,24.33926868252208,590,4225,326,235,160,385,628,674,415.85,9581.844374999997,149.9275,62.269375000000004,21.3975,164.26937500000003,610.3900000000001,581.8375,824,5943,547,377,206,532,843,1047,16,20,17,18,15,19,14,22
14.225,104.75,8.075,5.9,3.975,8.95,13.725,16.65,19.72878607517452,109.61090274238234,12.327814080363153,7.962411694957753,4.865696250281146,11.97288603470358,20.665792992285585,24.298148077579903,569,4190,323,236,159,358,549,666,388.2743750000001,9544.46,148.459375,61.96,21.349375000000002,142.6275,424.09937499999995,578.15,800,5978,547,370,205,510,761,1060,16,20,16,17,15,19,14,21
14.425,104.75,8.05,5.875,4.05,8.975,13.75,16.75,19.799621208497904,109.61090274238234,12.30447073221762,7.945124291035352,4.964876634922564,11.990621335026805,20.676073128135332,24.310491562286437,577,4190,322,235,162,359,550,670,390.64437499999997,9544.46,147.97750000000002,61.744375000000005,22.09,143.009375,424.4375,579.7774999999999,787,5858,542,367,209,515,763,1053,15,19,15,17,15,19,14,21
14.1,106.275,8.15,5.9,4.025,8.875,13.625,16.85,19.64306493396588,110.94536943919742,12.328828005937952,7.952986860293433,4.932038118263078,11.92371586377334,20.642795353343015,24.36801181877586,564,4251,326,236,161,355,545,674,383.6,9988.044375000001,148.9375,61.81000000000002,21.844374999999996,141.57437499999997,423.484375,583.2375,787,5972,552,365,203,506,766,1064,16,19,15,16,14,18,14,21
14.15,107.6,8.025,5.925,4.025,9.0,13.5,16.85,19.650699733088388,112.15101426202084,12.303454799364282,7.960841664045329,4.932038118263078,11.970797801316335,20.627651344736268,24.36801181877586,566,4304,321,237,161,360,540,674,384.0475,10127.6,148.734375,61.994375000000005,21.844375,142.8775,423.25,578.9775,753,6192,537,364,209,512,750,1057,16,20,14,17,15,18,14,21
13.25,108.425,7.7,5.725,4.125,9.225,13.05,16.325,18.760330487494084,112.56586960531155,12.076837334335508,7.834219807996199,5.0124844139408555,12.148045110222467,20.29778313018444,24.09719900735353,530,4337,308,229,165,369,522,653,346.42749999999995,10138.469374999997,142.04749999999999,59.344375,21.974375000000002,146.809375,410.8974999999999,569.619375,729,6159,509,348,209,532,746,1033,16,20,13,17,15,19,14,20
13.025,108.425,7.35,5.5,4.075,9.075,12.95,16.75,18.694250453013623,112.56586960531155,11.84271928232701,7.6452599694189605,4.9724239561807275,12.110945462679618,20.139513400278567,24.438698819699873,521,4337,294,220,163,363,518,670,342.844375,10138.469374999997,137.84750000000003,57.24000000000001,21.749374999999997,146.14937500000002,404.69750000000005,588.8399999999999,675,6024,495,339,211,543,739,1053,15,19,13,17,15,19,14,21
12.475,110.05,7.425,5.6,4.05,9.05,13.325,17.05,17.696751114258234,113.92190307399188,11.852214982862908,7.684399781375251,4.954795656734998,12.093386622447824,20.334084685571664,24.52447756833976,499,4402,297,224,162,362,533,682,312.31937500000004,10606.509999999998,138.299375,57.4875,21.66,145.76,411.719375,594.6899999999999,640,6089,469,325,196,528,749,1048,14,19,13,18,14,18,14,20
12.3,110.05,6.825,5.05,3.825,8.775,13.2,16.75,17.61249556422939,113.92190307399188,11.012492905786592,6.85200700525036,4.650268809434569,11.898529320886677,20.318710589011303,24.364933818912785,492,4402,273,202,153,351,528,670,308.37749999999994,10606.509999999998,116.09937500000001,43.71,17.919375,140.62437500000001,411.41,588.36,654,6277,429,297,189,524,762,1052,14,20,13,17,14,18,14,21
12.35,109.475,6.525,4.825,3.825,8.95,14.375,16.85,17.618172436436193,113.67178629721624,10.652464503578503,6.635133759013454,4.650268809434569,11.964530914331744,21.63504102145406,24.38544647940652,494,4379,261,193,153,358,575,674,308.8375,10605.259375,109.574375,41.849374999999995,17.919375000000002,141.82750000000001,462.434375,590.4475,660,6300,412,286,190,532,807,1058,14,20,12,16,14,19,14,21
12.425,109.475,6.5,4.975,3.925,9.2,14.7,16.775,17.62881164457775,113.67178629721624,10.651291001564083,6.747221650427678,4.756574397610112,12.151131634543344,21.762352813976708,24.37467948507221,497,4379,260,199,157,368,588,671,308.884375,10605.259375,109.45,42.549375,18.524375,145.69,466.31000000000006,589.1743749999999,664,6178,414,294,195,536,838,1066,15,19,12,17,14,19,14,22
12.4,110.55,6.5,5.275,4.025,9.05,14.9,16.925,17.623847480048163,114.66516471884563,10.651291001564083,7.0089228844380935,4.881085944746312,12.114041439585717,21.808255317654368,24.417718976186126,496,4422,260,211,161,362,596,677,308.64,10934.397500000001,108.16,45.024375,19.309375,145.1875,469.5975,591.919375,647,6221,400,282,187,539,849,1066,16,19,12,17,13,18,14,23
